issue,openTime,pool_full_size,pool_size_drop0,cover_full_drop0,hit_drop0_top15,hit_drop0_top20,hit_drop0_top25,hit_drop0_top30,hit_drop0_top40,pool_size_drop10,cover_full_drop10,hit_drop10_top15,hit_drop10_top20,hit_drop10_top25,hit_drop10_top30,hit_drop10_top40,pool_size_drop20,cover_full_drop20,hit_drop20_top15,hit_drop20_top20,hit_drop20_top25,hit_drop20_top30,hit_drop20_top40,pool_size_drop30,cover_full_drop30,hit_drop30_top15,hit_drop30_top20,hit_drop30_top25,hit_drop30_top30,hit_drop30_top40,pool_size_drop40,cover_full_drop40,hit_drop40_top15,hit_drop40_top20,hit_drop40_top25,hit_drop40_top30,hit_drop40_top40,pool_size_drop50,cover_full_drop50,hit_drop50_top15,hit_drop50_top20,hit_drop50_top25,hit_drop50_top30,hit_drop50_top40
2020004,2020-10-31,69,69,17,3,6,7,7,9,59,14,3,6,7,7,9,49,12,3,6,7,7,10,39,9,3,6,7,7,9,29,8,3,6,7,8,8,19,3,3,3,3,3,3
2020005,2020-11-01,68,68,15,3,4,5,7,8,58,12,3,4,5,7,8,48,10,3,4,5,7,8,38,8,3,4,5,7,8,28,5,3,4,5,5,5,18,4,3,4,4,4,4
2020006,2020-11-02,68,68,17,4,7,9,9,14,58,15,4,7,9,9,14,48,15,4,7,9,9,14,38,12,4,7,9,9,12,28,11,4,7,10,11,11,18,8,7,8,8,8,8
2020007,2020-11-03,64,64,16,4,6,7,7,11,54,14,4,6,7,7,11,44,11,4,6,7,7,11,34,9,4,6,7,8,9,24,5,4,4,5,5,5,14,3,3,3,3,3,3
2020008,2020-11-04,66,66,15,4,6,9,9,10,56,12,4,6,9,9,10,46,10,4,6,9,9,10,36,9,4,6,9,9,9,26,7,4,6,7,7,7,16,6,5,6,6,6,6
2020009,2020-11-05,64,64,15,5,6,7,8,11,54,12,5,6,7,8,11,44,11,5,6,7,8,11,34,10,5,6,7,8,10,24,8,5,6,8,8,8,14,3,3,3,3,3,3
2020010,2020-11-06,64,64,15,2,2,4,5,7,54,14,2,2,4,5,7,44,9,2,2,4,5,7,34,5,2,2,4,5,5,24,4,2,4,4,4,4,14,2,2,2,2,2,2
2020011,2020-11-07,69,69,20,5,6,6,8,9,59,15,5,6,6,8,9,49,12,5,6,6,8,9,39,8,5,6,6,8,8,29,6,5,6,6,6,6,19,6,6,6,6,6,6
2020012,2020-11-08,69,69,17,5,5,6,6,9,59,13,5,5,6,6,9,49,12,5,5,6,6,9,39,8,5,5,6,6,8,29,6,5,5,6,6,6,19,5,4,5,5,5,5
2020013,2020-11-09,67,67,17,2,5,6,7,9,57,13,2,5,6,7,9,47,11,2,5,6,7,9,37,8,2,5,6,7,8,27,6,2,5,6,6,6,17,5,4,5,5,5,5
2020014,2020-11-10,67,67,17,5,6,9,9,12,57,14,5,6,9,9,12,47,13,5,6,9,9,12,37,10,5,6,9,9,10,27,9,5,6,9,9,9,17,7,6,7,7,7,7
2020015,2020-11-11,67,67,15,2,4,6,7,7,57,11,2,4,6,7,7,47,8,2,4,6,7,7,37,7,2,4,6,7,7,27,5,2,4,5,5,5,17,3,2,3,3,3,3
2020016,2020-11-12,68,68,18,3,4,5,6,8,58,14,3,4,5,6,8,48,10,3,4,5,6,8,38,8,3,4,5,6,8,28,4,3,4,4,4,4,18,3,3,3,3,3,3
2020017,2020-11-13,70,70,15,2,3,4,5,7,60,13,2,3,4,5,7,50,9,2,3,4,5,7,40,8,2,3,4,5,8,30,4,2,3,4,4,4,20,3,2,3,3,3,3
2020018,2020-11-14,69,69,16,3,3,5,6,8,59,14,3,3,5,6,8,49,10,3,3,5,6,8,39,8,3,3,5,6,8,29,6,3,3,4,6,6,19,2,1,2,2,2,2
2020019,2020-11-15,69,69,17,3,4,5,6,9,59,14,3,4,5,6,9,49,11,3,4,5,6,9,39,9,3,4,5,6,9,29,8,3,4,5,8,8,19,4,3,4,4,4,4
2020020,2020-11-16,68,68,15,4,5,6,6,7,58,12,4,5,6,6,7,48,10,4,5,6,6,7,38,9,4,5,6,6,9,28,7,4,5,6,7,7,18,5,4,5,5,5,5
2020021,2020-11-17,66,66,15,1,1,1,2,4,56,13,1,1,1,2,4,46,8,1,1,1,2,4,36,2,1,1,1,2,2,26,2,1,1,2,2,2,16,1,1,1,1,1,1
2020022,2020-11-18,69,69,15,4,5,5,5,6,59,12,4,5,5,5,6,49,8,4,5,5,5,6,39,5,4,5,5,5,5,29,5,4,5,5,5,5,19,4,4,4,4,4,4
2020023,2020-11-19,68,68,15,6,6,6,6,8,58,10,6,6,6,6,8,48,10,6,6,6,6,8,38,9,6,6,6,6,9,28,7,6,6,6,7,7,18,4,4,4,4,4,4
2020024,2020-11-20,64,64,18,5,7,9,10,13,54,16,5,7,9,10,13,44,16,5,7,9,10,14,34,12,5,7,9,10,12,24,7,5,6,7,7,7,14,3,3,3,3,3,3
2020025,2020-11-21,67,67,17,3,4,8,9,11,57,15,3,4,8,9,11,47,12,3,4,8,9,11,37,10,3,4,8,9,10,27,7,3,4,7,7,7,17,5,4,5,5,5,5
2020026,2020-11-22,68,68,15,5,5,6,7,9,58,14,5,5,6,7,9,48,11,5,5,6,7,9,38,9,5,5,6,7,9,28,6,5,5,6,6,6,18,4,4,4,4,4,4
2020027,2020-11-23,67,67,16,3,5,6,7,9,57,15,3,5,6,7,9,47,13,3,5,6,7,9,37,8,3,5,6,7,8,27,7,3,5,6,7,7,17,5,5,5,5,5,5
2020028,2020-11-24,67,67,15,3,3,4,7,9,57,12,3,3,4,7,9,47,10,3,3,4,7,9,37,7,3,3,4,7,7,27,7,3,3,6,7,7,17,3,2,3,3,3,3
2020029,2020-11-25,68,68,16,3,5,6,7,10,58,13,3,5,6,7,10,48,11,3,5,6,7,10,38,9,3,5,6,7,9,28,8,3,5,7,8,8,18,5,4,5,5,5,5
2020030,2020-11-26,66,66,16,6,7,7,8,12,56,15,6,7,7,8,12,46,13,6,7,7,8,12,36,9,6,7,7,8,9,26,8,6,7,8,8,8,16,5,5,5,5,5,5
2020031,2020-11-27,65,65,18,3,6,7,8,11,55,17,3,6,7,8,11,45,12,3,6,7,8,11,35,10,3,6,7,9,10,25,7,3,6,7,7,7,15,5,5,5,5,5,5
2020032,2020-11-28,67,67,17,3,4,7,9,12,57,15,3,4,7,9,12,47,13,3,4,7,9,12,37,11,3,4,7,9,11,27,8,3,4,7,8,8,17,5,4,5,5,5,5
2020033,2020-11-29,68,68,18,4,6,8,8,9,58,15,4,6,8,8,9,48,12,4,6,8,8,9,38,10,4,6,8,8,10,28,8,4,6,8,8,8,18,5,3,5,5,5,5
2020034,2020-11-30,67,67,16,3,4,6,7,10,57,14,3,4,6,7,10,47,12,3,4,6,7,10,37,9,3,4,6,7,9,27,5,3,4,5,5,5,17,4,4,4,4,4,4
2020035,2020-12-01,69,69,19,7,7,9,9,12,59,18,7,7,9,9,12,49,14,7,7,9,9,12,39,12,7,7,9,9,12,29,12,7,7,9,12,12,19,8,6,8,8,8,8
2020036,2020-12-02,66,66,17,4,6,7,7,10,56,14,4,6,7,7,10,46,12,4,6,7,7,10,36,9,4,6,7,7,9,26,6,4,6,6,6,6,16,6,6,6,6,6,6
2020037,2020-12-03,65,65,15,3,4,5,6,10,55,13,3,4,5,6,10,45,11,3,4,5,6,10,35,7,3,4,5,6,7,25,5,3,4,5,5,5,15,4,4,4,4,4,4
2020038,2020-12-04,67,67,16,6,7,8,10,12,57,15,6,7,8,10,12,47,15,6,7,8,10,12,37,12,6,7,8,10,12,27,9,6,7,9,9,9,17,6,5,6,6,6,6
2020039,2020-12-05,65,65,17,3,6,7,8,11,55,14,3,6,7,8,11,45,13,3,6,7,8,11,35,10,3,6,7,9,10,25,5,3,5,5,5,5,15,4,4,4,4,4,4
2020040,2020-12-06,67,67,16,4,4,6,7,11,57,15,4,4,6,7,11,47,13,4,4,6,7,11,37,10,4,4,6,7,10,27,7,4,4,6,7,7,17,4,4,4,4,4,4
2020041,2020-12-07,69,69,18,4,6,7,8,10,59,14,4,6,7,8,10,49,13,4,6,7,8,10,39,10,4,6,7,8,10,29,8,4,6,7,8,8,19,7,6,7,7,7,7
2020042,2020-12-08,67,67,16,5,6,8,11,12,57,15,5,6,8,11,12,47,13,5,6,8,11,12,37,13,5,6,8,11,13,27,10,5,6,10,10,10,17,6,5,6,6,6,6
2020043,2020-12-09,64,64,18,6,7,8,10,11,54,17,6,7,8,10,11,44,13,6,7,8,10,11,34,11,6,7,8,10,11,24,9,6,8,9,9,9,14,5,5,5,5,5,5
2020044,2020-12-10,65,65,17,7,7,8,10,14,55,15,7,7,8,10,14,45,14,7,7,8,10,14,35,13,7,7,8,10,13,25,9,7,7,9,9,9,15,5,5,5,5,5,5
2020045,2020-12-11,65,65,16,4,4,5,6,9,55,13,4,4,5,6,9,45,11,4,4,5,6,9,35,7,4,4,5,6,7,25,5,4,4,5,5,5,15,1,1,1,1,1,1
2020046,2020-12-12,68,68,17,2,3,5,7,8,58,13,2,3,5,7,8,48,10,2,3,5,7,8,38,8,2,3,5,7,8,28,5,2,3,4,5,5,18,3,2,3,3,3,3
2020047,2020-12-13,70,70,19,7,8,8,9,13,60,16,7,8,8,9,13,50,13,7,8,8,9,13,40,13,7,8,8,9,13,30,11,7,8,8,11,11,20,8,7,8,8,8,8
2020048,2020-12-14,67,67,16,6,7,7,7,10,57,14,6,7,7,7,10,47,12,6,7,7,7,10,37,8,6,7,7,7,8,27,8,6,7,7,8,8,17,5,4,5,5,5,5
2020049,2020-12-15,63,63,15,4,4,5,6,11,53,12,4,4,5,6,11,43,10,4,4,5,6,10,33,9,4,4,5,7,9,23,5,4,4,5,5,5,13,4,4,4,4,4,4
2020050,2020-12-16,66,66,16,3,4,7,7,10,56,13,3,4,7,7,10,46,12,3,4,7,7,10,36,9,3,4,7,7,9,26,6,3,4,6,6,6,16,5,4,5,5,5,5
2020051,2020-12-17,69,69,17,8,8,10,11,12,59,15,8,8,10,11,12,49,13,8,8,10,11,12,39,12,8,8,10,11,12,29,11,8,8,10,11,11,19,9,8,9,9,9,9
2020052,2020-12-18,63,63,19,6,8,11,12,12,53,14,6,8,11,12,12,43,12,6,8,11,12,12,33,11,6,8,10,11,11,23,9,6,7,9,9,9,13,4,4,4,4,4,4
2020053,2020-12-19,65,65,17,3,4,5,8,9,55,14,3,4,5,8,9,45,9,3,4,5,8,9,35,8,3,4,5,8,8,25,6,3,4,6,6,6,15,3,3,3,3,3,3
2020054,2020-12-20,71,71,15,4,5,5,6,10,61,13,4,5,5,6,10,51,13,4,5,5,6,10,41,10,4,5,5,6,10,31,6,4,5,5,6,6,21,3,3,3,3,3,3
2020055,2020-12-21,67,67,16,3,4,4,5,7,57,12,3,4,4,5,7,47,9,3,4,4,5,7,37,8,3,4,4,5,8,27,7,3,4,5,7,7,17,2,1,2,2,2,2
2020056,2020-12-22,68,68,17,6,7,7,8,8,58,14,6,7,7,8,8,48,11,6,7,7,8,8,38,9,6,7,7,8,9,28,7,6,7,7,7,7,18,4,4,4,4,4,4
2020057,2020-12-23,66,66,16,4,4,5,9,11,56,13,4,4,5,9,11,46,11,4,4,5,9,11,36,10,4,4,5,9,10,26,8,4,5,8,8,8,16,2,2,2,2,2,2
2020058,2020-12-24,67,67,15,3,5,6,7,11,57,14,3,5,6,7,11,47,11,3,5,6,7,11,37,10,3,5,6,7,10,27,8,3,5,7,8,8,17,3,2,3,3,3,3
2020059,2020-12-25,67,67,15,3,5,6,7,8,57,13,3,5,6,7,8,47,11,3,5,6,7,8,37,8,3,5,6,7,8,27,7,3,5,6,7,7,17,4,4,4,4,4,4
2020060,2020-12-26,65,65,17,5,6,6,7,8,55,12,5,6,6,7,8,45,9,5,6,6,7,8,35,7,5,6,6,7,7,25,7,5,6,7,7,7,15,5,5,5,5,5,5
2020061,2020-12-27,67,67,17,4,4,5,7,12,57,16,4,4,5,7,12,47,14,4,4,5,7,12,37,10,4,4,5,7,10,27,6,4,4,5,6,6,17,4,4,4,4,4,4
2020062,2020-12-28,68,68,18,4,5,5,6,11,58,15,4,5,5,6,11,48,12,4,5,5,6,11,38,9,4,5,5,6,9,28,6,4,5,5,6,6,18,4,4,4,4,4,4
2020063,2020-12-29,70,70,19,7,7,9,12,12,60,17,7,7,9,12,12,50,14,7,7,9,12,12,40,12,7,7,9,12,12,30,9,7,7,9,9,9,20,8,6,8,8,8,8
2020064,2020-12-30,66,66,17,4,6,7,8,13,56,15,4,6,7,8,13,46,14,4,6,7,8,13,36,11,4,6,7,8,11,26,8,4,6,7,8,8,16,3,3,3,3,3,3
2020065,2020-12-31,68,68,16,2,2,3,5,8,58,12,2,2,3,5,8,48,9,2,2,3,5,8,38,9,2,2,3,5,9,28,4,2,2,3,4,4,18,3,2,3,3,3,3
2021001,2021-01-01,71,71,17,5,8,8,8,10,61,15,5,8,8,8,10,51,12,5,8,8,8,10,41,10,5,8,8,8,10,31,10,5,8,8,10,10,21,7,7,7,7,7,7
2021002,2021-01-02,64,64,16,4,5,6,7,10,54,14,4,5,6,7,10,44,11,4,5,6,7,10,34,9,4,5,6,9,9,24,6,4,5,6,6,6,14,5,5,5,5,5,5
2021003,2021-01-03,65,65,19,8,9,12,12,13,55,17,8,9,12,12,13,45,15,8,9,12,12,14,35,12,8,9,12,12,12,25,10,8,9,10,10,10,15,8,8,8,8,8,8
2021004,2021-01-04,65,65,12,3,3,5,7,9,55,10,3,3,5,7,9,45,10,3,3,5,7,9,35,7,3,3,5,7,7,25,6,3,4,6,6,6,15,3,3,3,3,3,3
2021005,2021-01-05,66,66,14,3,4,5,6,9,56,13,3,4,5,6,9,46,12,3,4,5,6,9,36,7,3,4,5,6,7,26,4,3,4,4,4,4,16,3,3,3,3,3,3
2021006,2021-01-06,66,66,16,4,5,8,9,11,56,13,4,5,8,9,11,46,11,4,5,8,9,11,36,9,4,5,8,8,9,26,7,4,5,7,7,7,16,5,5,5,5,5,5
2021007,2021-01-07,66,66,16,5,6,8,10,11,56,15,5,6,8,10,11,46,12,5,6,8,10,11,36,11,5,6,8,10,11,26,8,5,6,8,8,8,16,6,6,6,6,6,6
2021008,2021-01-08,67,67,15,3,4,5,7,12,57,12,3,4,5,7,12,47,12,3,4,5,7,12,37,10,3,4,5,7,10,27,6,3,4,5,6,6,17,3,3,3,3,3,3
2021009,2021-01-09,65,65,16,6,8,8,9,10,55,13,6,8,8,9,10,45,11,6,8,8,9,10,35,8,6,8,8,8,8,25,8,6,8,8,8,8,15,6,6,6,6,6,6
2021010,2021-01-10,63,63,13,5,5,7,8,9,53,11,5,5,7,8,9,43,9,5,5,7,8,9,33,8,5,5,7,8,8,23,7,5,7,7,7,7,13,4,4,4,4,4,4
2021011,2021-01-11,64,64,18,3,4,7,9,13,54,16,3,4,7,9,13,44,14,3,4,7,9,13,34,12,3,4,7,9,12,24,7,3,4,7,7,7,14,4,4,4,4,4,4
2021012,2021-01-12,67,67,16,6,7,8,9,11,57,14,6,7,8,9,11,47,12,6,7,8,9,11,37,9,6,7,8,9,9,27,9,6,7,9,9,9,17,8,7,8,8,8,8
2021013,2021-01-13,65,65,17,4,6,9,11,13,55,16,4,6,9,11,13,45,13,4,6,9,11,13,35,12,4,6,9,11,12,25,9,4,7,9,9,9,15,5,5,5,5,5,5
2021014,2021-01-14,66,66,15,1,2,3,6,7,56,11,1,2,3,6,7,46,10,1,2,3,6,7,36,7,1,2,3,6,7,26,5,1,2,4,5,5,16,2,2,2,2,2,2
2021015,2021-01-15,69,69,15,5,6,8,10,12,59,14,5,6,8,10,12,49,13,5,6,8,10,12,39,13,5,6,8,10,13,29,9,5,6,8,9,9,19,7,6,7,7,7,7
2021016,2021-01-16,64,64,18,5,8,8,9,12,54,17,5,8,8,9,12,44,14,5,8,8,9,12,34,10,5,8,8,9,10,24,6,5,6,6,6,6,14,4,4,4,4,4,4
2021017,2021-01-17,66,66,14,1,2,3,4,7,56,11,1,2,3,4,7,46,8,1,2,3,4,7,36,6,1,2,3,4,6,26,3,1,2,3,3,3,16,1,1,1,1,1,1
2021018,2021-01-18,70,70,17,4,6,8,9,12,60,16,4,6,8,9,12,50,16,4,6,8,9,12,40,13,4,6,8,9,13,30,10,4,6,8,10,10,20,8,6,8,8,8,8
2021019,2021-01-19,65,65,19,1,4,5,8,11,55,17,1,4,5,8,11,45,14,1,4,5,8,11,35,8,1,4,5,7,8,25,5,1,3,5,5,5,15,1,1,1,1,1,1
2021020,2021-01-20,71,71,18,5,6,9,10,11,61,16,5,6,9,10,11,51,13,5,6,9,10,11,41,11,5,6,9,10,11,31,10,5,6,9,10,10,21,7,5,7,7,7,7
2021021,2021-01-21,68,68,17,4,6,7,8,11,58,15,4,6,7,8,11,48,13,4,6,7,8,11,38,9,4,6,7,8,9,28,7,4,6,6,7,7,18,5,4,5,5,5,5
2021022,2021-01-22,65,65,18,4,7,8,8,12,55,15,4,7,8,8,12,45,14,4,7,8,8,12,35,10,4,7,8,8,10,25,6,4,6,6,6,6,15,6,6,6,6,6,6
2021023,2021-01-23,66,66,16,3,4,6,8,8,56,12,3,4,6,8,8,46,9,3,4,6,8,8,36,8,3,4,6,8,8,26,6,3,4,6,6,6,16,3,3,3,3,3,3
2021024,2021-01-24,69,69,17,6,6,6,7,9,59,15,6,6,6,7,9,49,12,6,6,6,7,9,39,8,6,6,6,7,8,29,6,6,6,6,6,6,19,5,5,5,5,5,5
2021025,2021-01-25,70,70,17,2,4,5,8,11,60,16,2,4,5,8,11,50,12,2,4,5,8,11,40,11,2,4,5,8,11,30,7,2,4,6,7,7,20,4,2,4,4,4,4
2021026,2021-01-26,67,67,15,4,7,7,7,8,57,15,4,7,7,7,8,47,12,4,7,7,7,8,37,9,4,7,7,7,9,27,7,4,7,7,7,7,17,4,4,4,4,4,4
2021027,2021-01-27,66,66,18,6,9,11,13,16,56,18,6,9,11,13,16,46,16,6,9,11,13,16,36,15,6,9,11,13,15,26,11,6,9,10,11,11,16,7,7,7,7,7,7
2021028,2021-01-28,65,65,17,7,7,10,11,13,55,16,7,7,10,11,13,45,14,7,7,10,11,13,35,12,7,7,10,11,12,25,9,7,7,9,9,9,15,5,5,5,5,5,5
2021029,2021-01-29,66,66,17,4,7,8,9,13,56,14,4,7,8,9,13,46,14,4,7,8,9,13,36,11,4,7,8,9,11,26,8,4,7,8,8,8,16,5,4,5,5,5,5
2021030,2021-01-30,65,65,14,4,5,6,7,10,55,14,4,5,6,7,10,45,11,4,5,6,7,10,35,8,4,5,6,7,8,25,5,4,5,5,5,5,15,3,3,3,3,3,3
2021031,2021-01-31,66,66,18,4,4,8,11,12,56,15,4,4,8,11,12,46,12,4,4,8,11,12,36,12,4,4,8,11,12,26,7,4,4,7,7,7,16,4,4,4,4,4,4
2021032,2021-02-01,68,68,15,5,5,6,7,9,58,11,5,5,6,7,9,48,10,5,5,6,7,9,38,9,5,5,6,7,9,28,7,5,5,7,7,7,18,5,5,5,5,5,5
2021033,2021-02-02,66,66,17,4,5,8,9,12,56,14,4,5,8,9,12,46,13,4,5,8,9,12,36,10,4,5,8,9,10,26,7,4,6,6,7,7,16,3,2,3,3,3,3
2021034,2021-02-03,68,68,17,3,4,6,7,12,58,16,3,4,6,7,12,48,14,3,4,6,7,12,38,11,3,4,6,7,11,28,7,3,4,5,7,7,18,5,4,5,5,5,5
2021035,2021-02-04,70,70,18,5,6,6,7,11,60,16,5,6,6,7,11,50,12,5,6,6,7,11,40,10,5,6,6,7,10,30,8,5,6,7,8,8,20,4,4,4,4,4,4
2021036,2021-02-05,68,68,19,5,7,9,11,14,58,18,5,7,9,11,14,48,14,5,7,9,11,14,38,13,5,7,9,11,13,28,10,5,7,9,10,10,18,5,4,5,5,5,5
2021037,2021-02-06,67,67,17,6,6,6,7,11,57,14,6,6,6,7,11,47,12,6,6,6,7,11,37,11,6,6,6,7,11,27,8,6,6,7,8,8,17,5,5,5,5,5,5
2021038,2021-02-07,69,69,17,2,6,7,9,11,59,14,2,6,7,9,11,49,11,2,6,7,9,11,39,10,2,6,7,9,10,29,7,2,6,7,7,7,19,5,3,5,5,5,5
2021039,2021-02-08,67,67,15,0,1,3,4,7,57,12,0,1,3,4,7,47,9,0,1,3,4,7,37,7,0,1,3,4,7,27,4,0,1,3,4,4,17,2,1,2,2,2,2
2021040,2021-02-19,70,70,16,7,7,7,8,11,60,15,7,7,7,8,11,50,12,7,7,7,8,11,40,10,7,7,7,8,10,30,7,7,7,7,7,7,20,5,5,5,5,5,5
2021041,2021-02-20,66,66,14,5,6,7,8,10,56,12,5,6,7,8,10,46,11,5,6,7,8,10,36,9,5,6,7,8,9,26,8,5,7,8,8,8,16,5,5,5,5,5,5
2021042,2021-02-21,63,63,15,8,8,8,9,9,53,13,8,8,8,9,9,43,10,8,8,8,9,9,33,9,8,8,8,9,9,23,8,8,8,8,8,8,13,6,6,6,6,6,6
2021043,2021-02-22,61,61,17,4,5,8,10,13,51,15,4,5,8,10,13,41,12,4,5,8,10,12,31,11,4,5,8,11,11,21,5,4,5,5,5,5,11,4,4,4,4,4,4
2021044,2021-02-23,66,66,15,1,1,2,4,6,56,13,1,1,2,4,6,46,9,1,1,2,4,6,36,6,1,1,2,4,6,26,2,1,1,2,2,2,16,1,1,1,1,1,1
2021045,2021-02-24,71,71,17,6,7,7,9,11,61,15,6,7,7,9,11,51,12,6,7,7,9,11,41,11,6,7,7,9,11,31,9,6,7,7,9,9,21,7,5,7,7,7,7
2021046,2021-02-25,66,66,16,6,6,6,6,8,56,13,6,6,6,6,8,46,10,6,6,6,6,8,36,7,6,6,6,6,7,26,7,6,6,6,7,7,16,5,5,5,5,5,5
2021047,2021-02-26,64,64,17,6,7,8,11,12,54,15,6,7,8,11,12,44,13,6,7,8,11,13,34,11,6,7,8,10,11,24,9,6,7,9,9,9,14,4,4,4,4,4,4
2021048,2021-02-27,65,65,17,3,6,7,9,10,55,16,3,6,7,9,10,45,12,3,6,7,9,10,35,10,3,6,7,9,10,25,8,3,5,8,8,8,15,4,4,4,4,4,4
2021049,2021-02-28,68,68,17,3,5,6,6,8,58,14,3,5,6,6,8,48,10,3,5,6,6,8,38,8,3,5,6,6,8,28,7,3,5,6,7,7,18,4,4,4,4,4,4
2021050,2021-03-01,67,67,16,4,5,7,9,11,57,15,4,5,7,9,11,47,12,4,5,7,9,11,37,11,4,5,7,9,11,27,7,4,5,7,7,7,17,5,4,5,5,5,5
2021051,2021-03-02,67,67,16,5,7,8,8,10,57,14,5,7,8,8,10,47,11,5,7,8,8,10,37,9,5,7,8,8,9,27,8,5,7,7,8,8,17,5,4,5,5,5,5
2021052,2021-03-03,65,65,18,4,4,5,6,9,55,12,4,4,5,6,9,45,9,4,4,5,6,9,35,7,4,4,5,6,7,25,5,4,4,5,5,5,15,3,3,3,3,3,3
2021053,2021-03-04,68,68,19,3,5,8,8,11,58,17,3,5,8,8,11,48,13,3,5,8,8,11,38,12,3,5,8,8,12,28,8,3,5,8,8,8,18,5,3,5,5,5,5
2021054,2021-03-05,69,69,17,4,5,5,7,11,59,16,4,5,5,7,11,49,14,4,5,5,7,11,39,11,4,5,5,7,11,29,8,4,5,5,8,8,19,3,3,3,3,3,3
2021055,2021-03-06,69,69,17,5,6,6,7,9,59,14,5,6,6,7,9,49,11,5,6,6,7,9,39,10,5,6,6,7,10,29,6,5,6,6,6,6,19,5,5,5,5,5,5
2021056,2021-03-07,67,67,17,5,6,8,9,11,57,14,5,6,8,9,11,47,12,5,6,8,9,11,37,10,5,6,8,9,10,27,7,5,6,7,7,7,17,4,4,4,4,4,4
2021057,2021-03-08,65,65,19,5,5,6,9,12,55,16,5,5,6,9,12,45,15,5,5,6,9,12,35,9,5,5,6,8,9,25,7,5,5,7,7,7,15,4,4,4,4,4,4
2021058,2021-03-09,70,70,20,4,6,7,8,9,60,17,4,6,7,8,9,50,14,4,6,7,8,9,40,9,4,6,7,8,9,30,7,4,6,7,7,7,20,6,5,6,6,6,6
2021059,2021-03-10,68,68,19,3,4,5,7,10,58,15,3,4,5,7,10,48,13,3,4,5,7,10,38,10,3,4,5,7,10,28,6,3,4,5,6,6,18,4,3,4,4,4,4
2021060,2021-03-11,70,70,17,4,5,8,8,13,60,16,4,5,8,8,13,50,14,4,5,8,8,13,40,13,4,5,8,8,13,30,11,4,5,8,11,11,20,6,4,6,6,6,6
2021061,2021-03-12,67,67,19,4,5,5,6,11,57,17,4,5,5,6,11,47,13,4,5,5,6,11,37,9,4,5,5,6,9,27,6,4,5,5,6,6,17,2,2,2,2,2,2
2021062,2021-03-13,69,69,16,3,4,5,5,8,59,11,3,4,5,5,8,49,10,3,4,5,5,8,39,8,3,4,5,5,8,29,7,3,4,5,7,7,19,4,4,4,4,4,4
2021063,2021-03-14,69,69,18,2,2,4,6,10,59,14,2,2,4,6,10,49,12,2,2,4,6,10,39,9,2,2,4,6,9,29,7,2,2,5,7,7,19,3,1,3,3,3,3
2021064,2021-03-15,69,69,17,3,4,6,7,10,59,12,3,4,6,7,10,49,11,3,4,6,7,10,39,10,3,4,6,7,10,29,8,3,4,6,8,8,19,5,3,5,5,5,5
2021065,2021-03-16,68,68,17,1,3,3,4,6,58,13,1,3,3,4,6,48,9,1,3,3,4,6,38,5,1,3,3,4,5,28,4,1,3,3,4,4,18,3,3,3,3,3,3
2021066,2021-03-17,70,70,15,4,5,5,5,8,60,14,4,5,5,5,8,50,11,4,5,5,5,8,40,8,4,5,5,5,8,30,7,4,5,5,7,7,20,4,4,4,4,4,4
2021067,2021-03-18,69,69,17,3,6,9,11,13,59,15,3,6,9,11,13,49,14,3,6,9,11,13,39,11,3,6,9,11,11,29,9,3,6,9,9,9,19,7,3,7,7,7,7
2021068,2021-03-19,64,64,17,2,4,4,7,8,54,12,2,4,4,7,8,44,8,2,4,4,7,8,34,5,2,4,4,5,5,24,5,2,4,5,5,5,14,3,3,3,3,3,3
2021069,2021-03-20,68,68,18,4,6,7,9,11,58,14,4,6,7,9,11,48,12,4,6,7,9,11,38,11,4,6,7,9,11,28,9,4,6,7,9,9,18,4,3,4,4,4,4
2021070,2021-03-21,68,68,16,4,5,6,7,9,58,14,4,5,6,7,9,48,11,4,5,6,7,9,38,10,4,5,6,7,10,28,7,4,5,6,7,7,18,4,3,4,4,4,4
2021071,2021-03-22,66,66,13,5,6,6,6,7,56,12,5,6,6,6,7,46,9,5,6,6,6,7,36,7,5,6,6,6,7,26,7,5,6,6,7,7,16,5,5,5,5,5,5
2021072,2021-03-23,63,63,15,4,6,6,8,8,53,11,4,6,6,8,8,43,9,4,6,6,8,9,33,8,4,6,7,8,8,23,5,4,5,5,5,5,13,3,3,3,3,3,3
2021073,2021-03-24,67,67,16,4,5,7,8,8,57,13,4,5,7,8,8,47,10,4,5,7,8,8,37,8,4,5,7,8,8,27,6,4,5,5,6,6,17,5,5,5,5,5,5
2021074,2021-03-25,66,66,14,1,1,3,5,5,56,11,1,1,3,5,5,46,8,1,1,3,5,5,36,5,1,1,3,5,5,26,4,1,1,4,4,4,16,1,1,1,1,1,1
2021075,2021-03-26,68,68,16,2,5,7,9,9,58,13,2,5,7,9,9,48,11,2,5,7,9,9,38,10,2,5,7,9,10,28,7,2,5,7,7,7,18,3,1,3,3,3,3
2021076,2021-03-27,65,65,14,3,4,6,7,10,55,12,3,4,6,7,10,45,11,3,4,6,7,10,35,9,3,4,6,7,9,25,6,3,4,6,6,6,15,3,3,3,3,3,3
2021077,2021-03-28,69,69,17,4,4,5,8,11,59,16,4,4,5,8,11,49,12,4,4,5,8,11,39,11,4,4,5,8,11,29,7,4,4,5,7,7,19,4,3,4,4,4,4
2021078,2021-03-29,70,70,16,3,7,8,8,10,60,12,3,7,8,8,10,50,12,3,7,8,8,10,40,10,3,7,8,8,10,30,9,3,7,8,9,9,20,8,6,8,8,8,8
2021079,2021-03-30,65,65,15,3,5,6,9,12,55,13,3,5,6,9,12,45,12,3,5,6,9,12,35,10,3,5,6,8,10,25,6,3,4,6,6,6,15,2,2,2,2,2,2
2021080,2021-03-31,67,67,18,2,4,4,5,8,57,14,2,4,4,5,8,47,10,2,4,4,5,8,37,8,2,4,4,5,8,27,5,2,4,4,5,5,17,4,4,4,4,4,4
2021081,2021-04-01,71,71,18,6,8,8,9,12,61,18,6,8,8,9,12,51,15,6,8,8,9,12,41,13,6,8,8,9,12,31,10,6,8,8,10,10,21,6,5,6,6,6,6
2021082,2021-04-02,67,67,18,4,5,5,5,9,57,15,4,5,5,5,9,47,12,4,5,5,5,9,37,7,4,5,5,5,7,27,5,4,5,5,5,5,17,5,5,5,5,5,5
2021083,2021-04-03,66,66,19,4,6,7,7,10,56,15,4,6,7,7,10,46,12,4,6,7,7,10,36,9,4,6,7,7,9,26,8,4,6,7,8,8,16,5,5,5,5,5,5
2021084,2021-04-04,68,68,16,5,6,7,7,11,58,14,5,6,7,7,11,48,11,5,6,7,7,11,38,10,5,6,7,7,10,28,10,5,6,8,10,10,18,6,5,6,6,6,6
2021085,2021-04-05,68,68,17,2,2,3,5,8,58,15,2,2,3,5,8,48,9,2,2,3,5,8,38,7,2,2,3,5,7,28,6,2,2,5,6,6,18,2,1,2,2,2,2
2021086,2021-04-06,69,69,18,4,4,5,6,8,59,14,4,4,5,6,8,49,9,4,4,5,6,8,39,7,4,4,5,6,7,29,6,4,4,5,6,6,19,4,3,4,4,4,4
2021087,2021-04-07,70,70,18,4,5,7,8,9,60,12,4,5,7,8,9,50,10,4,5,7,8,9,40,9,4,5,7,8,9,30,7,4,5,7,7,7,20,6,5,6,6,6,6
2021088,2021-04-08,68,68,19,2,3,5,6,10,58,15,2,3,5,6,10,48,11,2,3,5,6,10,38,9,2,3,5,6,9,28,8,2,3,5,8,8,18,3,1,3,3,3,3
2021089,2021-04-09,70,70,18,7,10,10,10,12,60,16,7,10,10,10,12,50,14,7,10,10,10,12,40,12,7,10,10,10,12,30,10,7,10,10,10,10,20,6,6,6,6,6,6
2021090,2021-04-10,67,67,15,3,4,6,7,8,57,11,3,4,6,7,8,47,8,3,4,6,7,8,37,8,3,4,6,7,8,27,5,3,4,5,5,5,17,4,3,4,4,4,4
2021091,2021-04-11,67,67,17,6,7,10,10,14,57,16,6,7,10,10,14,47,15,6,7,10,10,14,37,13,6,7,10,10,13,27,8,6,7,8,8,8,17,5,4,5,5,5,5
2021092,2021-04-12,65,65,16,3,5,6,8,10,55,13,3,5,6,8,10,45,11,3,5,6,8,10,35,8,3,5,6,8,8,25,6,3,5,6,6,6,15,4,4,4,4,4,4
2021093,2021-04-13,68,68,19,0,3,4,6,9,58,16,0,3,4,6,9,48,11,0,3,4,6,9,38,9,0,3,4,6,9,28,5,0,3,4,5,5,18,3,2,3,3,3,3
2021094,2021-04-14,70,70,16,4,5,6,8,11,60,14,4,5,6,8,11,50,13,4,5,6,8,11,40,11,4,5,6,8,11,30,7,4,5,6,7,7,20,5,4,5,5,5,5
2021095,2021-04-15,68,68,18,5,7,8,8,11,58,14,5,7,8,8,11,48,12,5,7,8,8,11,38,10,5,7,8,8,10,28,9,5,7,8,9,9,18,6,5,6,6,6,6
2021096,2021-04-16,66,66,16,6,7,8,8,9,56,14,6,7,8,8,9,46,11,6,7,8,8,9,36,10,6,7,8,8,10,26,8,6,7,7,8,8,16,6,6,6,6,6,6
2021097,2021-04-17,64,64,16,3,3,3,5,9,54,13,3,3,3,5,9,44,12,3,3,3,5,9,34,7,3,3,3,4,7,24,4,3,3,4,4,4,14,2,2,2,2,2,2
2021098,2021-04-18,67,67,16,3,5,7,8,10,57,14,3,5,7,8,10,47,13,3,5,7,8,10,37,9,3,5,7,8,9,27,6,3,5,6,6,6,17,3,2,3,3,3,3
2021099,2021-04-19,68,68,18,4,7,7,8,9,58,15,4,7,7,8,9,48,11,4,7,7,8,9,38,8,4,7,7,8,8,28,7,4,7,7,7,7,18,4,4,4,4,4,4
2021100,2021-04-20,69,69,18,5,7,8,9,10,59,16,5,7,8,9,10,49,12,5,7,8,9,10,39,11,5,7,8,9,11,29,9,5,7,8,9,9,19,6,5,6,6,6,6
2021101,2021-04-21,67,67,16,5,5,7,7,9,57,14,5,5,7,7,9,47,12,5,5,7,7,9,37,7,5,5,7,7,7,27,5,5,5,5,5,5,17,4,4,4,4,4,4
2021102,2021-04-22,68,68,17,2,3,5,6,12,58,17,2,3,5,6,12,48,14,2,3,5,6,12,38,8,2,3,5,6,8,28,5,2,3,4,5,5,18,3,2,3,3,3,3
2021103,2021-04-23,67,67,17,2,5,7,8,11,57,14,2,5,7,8,11,47,12,2,5,7,8,11,37,10,2,5,7,8,10,27,8,2,5,7,8,8,17,3,2,3,3,3,3
2021104,2021-04-24,68,68,15,1,1,3,3,5,58,12,1,1,3,3,5,48,8,1,1,3,3,5,38,5,1,1,3,3,5,28,5,1,1,3,5,5,18,3,1,3,3,3,3
2021105,2021-04-25,70,70,16,3,5,5,7,9,60,15,3,5,5,7,9,50,13,3,5,5,7,9,40,10,3,5,5,7,10,30,7,3,5,5,7,7,20,4,4,4,4,4,4
2021106,2021-04-26,69,69,18,8,9,9,9,12,59,14,8,9,9,9,12,49,13,8,9,9,9,12,39,12,8,9,9,9,12,29,11,8,9,9,11,11,19,6,5,6,6,6,6
2021107,2021-04-27,64,64,16,5,5,6,7,7,54,13,5,5,6,7,7,44,9,5,5,6,7,7,34,6,5,5,6,6,6,24,6,5,5,6,6,6,14,4,4,4,4,4,4
2021108,2021-04-28,67,67,17,4,6,6,7,11,57,14,4,6,6,7,11,47,12,4,6,6,7,11,37,9,4,6,6,7,9,27,7,4,6,7,7,7,17,6,6,6,6,6,6
2021109,2021-04-29,66,66,16,5,5,5,6,10,56,14,5,5,5,6,10,46,10,5,5,5,6,10,36,7,5,5,5,6,7,26,6,5,5,6,6,6,16,5,5,5,5,5,5
2021110,2021-04-30,67,67,16,2,4,4,6,9,57,11,2,4,4,6,9,47,10,2,4,4,6,9,37,8,2,4,4,6,8,27,8,2,4,6,8,8,17,4,3,4,4,4,4
2021111,2021-05-01,67,67,15,4,5,6,6,10,57,13,4,5,6,6,10,47,11,4,5,6,6,10,37,8,4,5,6,6,8,27,6,4,5,6,6,6,17,5,4,5,5,5,5
2021112,2021-05-02,66,66,15,5,6,7,8,9,56,12,5,6,7,8,9,46,11,5,6,7,8,9,36,9,5,6,7,8,9,26,7,5,5,7,7,7,16,5,5,5,5,5,5
2021113,2021-05-03,67,67,17,4,6,7,9,12,57,17,4,6,7,9,12,47,15,4,6,7,9,12,37,11,4,6,7,9,11,27,9,4,7,8,9,9,17,6,5,6,6,6,6
2021114,2021-05-04,64,64,15,3,5,5,6,8,54,14,3,5,5,6,8,44,10,3,5,5,6,8,34,8,3,5,5,6,8,24,5,3,5,5,5,5,14,4,4,4,4,4,4
2021115,2021-05-05,65,65,20,2,4,6,7,11,55,17,2,4,6,7,11,45,11,2,4,6,7,11,35,8,2,4,6,7,8,25,4,2,4,4,4,4,15,4,4,4,4,4,4
2021116,2021-05-06,73,73,18,2,2,3,6,8,63,15,2,2,3,6,8,53,11,2,2,3,6,8,43,10,2,2,3,6,10,33,6,2,2,3,6,6,23,6,2,4,6,6,6
2021117,2021-05-07,71,71,17,4,5,5,7,8,61,13,4,5,5,7,8,51,11,4,5,5,7,8,41,9,4,5,5,7,8,31,7,4,5,5,6,7,21,3,2,3,3,3,3
2021118,2021-05-08,69,69,17,5,5,6,8,10,59,13,5,5,6,8,10,49,11,5,5,6,8,10,39,9,5,5,6,8,9,29,7,5,5,6,7,7,19,3,2,3,3,3,3
2021119,2021-05-09,69,69,15,2,3,4,4,8,59,13,2,3,4,4,8,49,10,2,3,4,4,8,39,7,2,3,4,4,7,29,6,2,3,4,6,6,19,2,2,2,2,2,2
2021120,2021-05-10,70,70,18,2,2,2,5,8,60,15,2,2,2,5,8,50,12,2,2,2,5,8,40,8,2,2,2,5,8,30,5,2,2,2,5,5,20,1,1,1,1,1,1
2021121,2021-05-11,72,72,18,4,5,6,8,10,62,15,4,5,6,8,10,52,14,4,5,6,8,10,42,12,4,5,6,8,11,32,10,4,5,6,9,10,22,7,4,6,7,7,7
2021122,2021-05-12,68,68,17,4,5,5,5,8,58,12,4,5,5,5,8,48,9,4,5,5,5,8,38,7,4,5,5,5,7,28,7,4,5,5,7,7,18,5,4,5,5,5,5
2021123,2021-05-13,69,69,17,3,5,7,7,12,59,15,3,5,7,7,12,49,13,3,5,7,7,12,39,10,3,5,7,7,10,29,9,3,5,7,9,9,19,5,3,5,5,5,5
2021124,2021-05-14,66,66,16,5,5,5,8,9,56,13,5,5,5,8,9,46,12,5,5,5,8,9,36,9,5,5,5,8,9,26,7,5,5,6,7,7,16,3,3,3,3,3,3
2021125,2021-05-15,68,68,14,4,4,7,9,10,58,13,4,4,7,9,10,48,11,4,4,7,9,10,38,10,4,4,7,9,10,28,7,4,4,6,7,7,18,4,2,4,4,4,4
2021126,2021-05-16,64,64,15,4,5,6,6,8,54,14,4,5,6,6,8,44,10,4,5,6,6,8,34,7,4,5,6,7,7,24,5,4,5,5,5,5,14,5,5,5,5,5,5
2021127,2021-05-17,66,66,17,6,6,7,8,11,56,13,6,6,7,8,11,46,12,6,6,7,8,11,36,10,6,6,7,8,10,26,7,6,6,7,7,7,16,5,5,5,5,5,5
2021128,2021-05-18,66,66,17,3,5,8,10,14,56,16,3,5,8,10,14,46,15,3,5,8,10,14,36,13,3,5,8,10,13,26,9,3,6,8,9,9,16,5,4,5,5,5,5
2021129,2021-05-19,66,66,18,5,8,9,10,12,56,17,5,8,9,10,12,46,13,5,8,9,10,12,36,12,5,8,9,10,12,26,10,5,8,10,10,10,16,6,5,6,6,6,6
2021130,2021-05-20,66,66,18,6,7,8,9,12,56,17,6,7,8,9,12,46,14,6,7,8,9,12,36,12,6,7,8,9,12,26,9,6,7,8,9,9,16,5,4,5,5,5,5
2021131,2021-05-21,65,65,18,2,4,5,6,7,55,13,2,4,5,6,7,45,10,2,4,5,6,7,35,6,2,4,5,6,6,25,5,2,4,5,5,5,15,4,4,4,4,4,4
2021132,2021-05-22,69,69,18,5,7,8,9,12,59,15,5,7,8,9,12,49,13,5,7,8,9,12,39,11,5,7,8,9,11,29,9,5,7,8,9,9,19,5,4,5,5,5,5
2021133,2021-05-23,67,67,17,3,5,6,8,10,57,13,3,5,6,8,10,47,11,3,5,6,8,10,37,9,3,5,6,8,9,27,7,3,5,6,7,7,17,4,3,4,4,4,4
2021134,2021-05-24,67,67,19,5,6,8,10,13,57,16,5,6,8,10,13,47,15,5,6,8,10,13,37,12,5,6,8,10,12,27,8,5,6,8,8,8,17,5,4,5,5,5,5
2021135,2021-05-25,68,68,19,5,5,8,9,12,58,16,5,5,8,9,12,48,14,5,5,8,9,12,38,10,5,5,8,9,10,28,8,5,5,7,8,8,18,6,5,6,6,6,6
2021136,2021-05-26,69,69,19,2,2,4,4,8,59,14,2,2,4,4,8,49,10,2,2,4,4,8,39,7,2,2,4,4,7,29,6,2,2,5,6,6,19,4,2,4,4,4,4
2021137,2021-05-27,71,71,18,3,3,4,6,9,61,16,3,3,4,6,9,51,13,3,3,4,6,9,41,9,3,3,4,6,9,31,6,3,3,4,6,6,21,5,3,5,5,5,5
2021138,2021-05-28,70,70,17,6,6,7,10,11,60,16,6,6,7,10,11,50,15,6,6,7,10,11,40,11,6,6,7,10,11,30,8,6,6,7,8,8,20,6,5,6,6,6,6
2021139,2021-05-29,67,67,17,2,3,4,6,10,57,13,2,3,4,6,10,47,12,2,3,4,6,10,37,9,2,3,4,6,9,27,6,2,3,5,6,6,17,3,2,3,3,3,3
2021140,2021-05-30,69,69,15,3,4,6,7,8,59,12,3,4,6,7,8,49,12,3,4,6,7,8,39,9,3,4,6,7,9,29,8,3,4,6,8,8,19,6,3,6,6,6,6
2021141,2021-05-31,66,66,18,4,5,6,7,9,56,14,4,5,6,7,9,46,11,4,5,6,7,9,36,10,4,5,6,7,10,26,6,4,5,6,6,6,16,4,4,4,4,4,4
2021142,2021-06-01,68,68,19,1,3,7,7,11,58,15,1,3,7,7,11,48,12,1,3,7,7,11,38,11,1,3,7,7,11,28,7,1,3,6,7,7,18,4,2,4,4,4,4
2021143,2021-06-02,70,70,18,5,6,6,7,10,60,13,5,6,6,7,10,50,12,5,6,6,7,10,40,10,5,6,6,7,10,30,6,5,6,6,6,6,20,4,4,4,4,4,4
2021144,2021-06-03,71,71,17,3,6,7,8,11,61,17,3,6,7,8,11,51,14,3,6,7,8,11,41,11,3,6,7,8,11,31,9,3,6,7,9,9,21,5,4,5,5,5,5
2021145,2021-06-04,67,67,18,2,4,5,7,11,57,16,2,4,5,7,11,47,11,2,4,5,7,11,37,10,2,4,5,7,10,27,6,2,4,5,6,6,17,4,4,4,4,4,4
2021146,2021-06-05,70,70,18,5,7,9,9,11,60,16,5,7,9,9,11,50,15,5,7,9,9,11,40,12,5,7,9,9,12,30,9,5,7,9,9,9,20,6,4,6,6,6,6
2021147,2021-06-06,66,66,17,4,7,7,8,11,56,14,4,7,7,8,11,46,13,4,7,7,8,11,36,10,4,7,7,8,10,26,8,4,7,8,8,8,16,6,6,6,6,6,6
2021148,2021-06-07,66,66,16,6,7,7,7,8,56,13,6,7,7,7,8,46,9,6,7,7,7,8,36,8,6,7,7,7,8,26,7,6,7,7,7,7,16,4,4,4,4,4,4
2021149,2021-06-08,66,66,18,3,4,6,8,11,56,16,3,4,6,8,11,46,12,3,4,6,8,11,36,10,3,4,6,8,10,26,7,3,4,6,7,7,16,3,3,3,3,3,3
2021150,2021-06-09,69,69,18,3,6,7,9,11,59,15,3,6,7,9,11,49,14,3,6,7,9,11,39,11,3,6,7,9,11,29,8,3,6,7,8,8,19,3,3,3,3,3,3
2021151,2021-06-10,68,68,18,4,6,8,8,10,58,17,4,6,8,8,10,48,14,4,6,8,8,10,38,8,4,6,8,8,8,28,7,4,6,7,7,7,18,6,5,6,6,6,6
2021152,2021-06-11,68,68,17,7,7,7,9,12,58,17,7,7,7,9,12,48,13,7,7,7,9,12,38,12,7,7,7,9,12,28,9,7,7,7,9,9,18,7,7,7,7,7,7
2021153,2021-06-12,66,66,17,4,5,7,9,10,56,14,4,5,7,9,10,46,11,4,5,7,9,10,36,10,4,5,7,9,10,26,9,4,7,9,9,9,16,5,5,5,5,5,5
2021154,2021-06-13,66,66,16,4,5,6,6,10,56,12,4,5,6,6,10,46,11,4,5,6,6,10,36,9,4,5,6,6,9,26,5,4,5,5,5,5,16,4,4,4,4,4,4
2021155,2021-06-14,65,65,17,2,2,3,6,9,55,16,2,2,3,6,9,45,11,2,2,3,6,9,35,8,2,2,3,6,8,25,4,2,2,4,4,4,15,1,1,1,1,1,1
2021156,2021-06-15,72,72,18,3,3,4,5,9,62,14,3,3,4,5,9,52,11,3,3,4,5,9,42,9,3,3,4,5,9,32,5,3,3,4,5,5,22,5,3,5,5,5,5
2021157,2021-06-16,70,70,15,4,5,6,6,8,60,11,4,5,6,6,8,50,9,4,5,6,6,8,40,8,4,5,6,6,8,30,6,4,5,6,6,6,20,4,3,4,4,4,4
2021158,2021-06-17,67,67,16,5,6,9,9,10,57,12,5,6,9,9,10,47,10,5,6,9,9,10,37,9,5,6,9,9,9,27,6,5,6,6,6,6,17,5,5,5,5,5,5
2021159,2021-06-18,66,66,14,2,5,5,6,8,56,13,2,5,5,6,8,46,10,2,5,5,6,8,36,7,2,5,5,6,7,26,4,2,3,4,4,4,16,3,3,3,3,3,3
2021160,2021-06-19,68,68,14,3,4,4,4,8,58,12,3,4,4,4,8,48,10,3,4,4,4,8,38,7,3,4,4,4,7,28,4,3,4,4,4,4,18,4,4,4,4,4,4
2021161,2021-06-20,67,67,17,3,5,6,7,10,57,14,3,5,6,7,10,47,13,3,5,6,7,10,37,8,3,5,6,7,8,27,7,3,5,7,7,7,17,5,4,5,5,5,5
2021162,2021-06-21,66,66,17,2,3,4,6,9,56,15,2,3,4,6,9,46,11,2,3,4,6,9,36,9,2,3,4,6,9,26,5,2,3,5,5,5,16,2,2,2,2,2,2
2021163,2021-06-22,70,70,17,6,7,8,9,11,60,14,6,7,8,9,11,50,13,6,7,8,9,11,40,11,6,7,8,9,11,30,10,6,7,8,10,10,20,8,6,8,8,8,8
2021164,2021-06-23,66,66,15,2,2,4,5,9,56,12,2,2,4,5,9,46,9,2,2,4,5,9,36,7,2,2,4,5,7,26,4,2,3,4,4,4,16,2,2,2,2,2,2
2021165,2021-06-24,68,68,19,4,6,6,6,10,58,15,4,6,6,6,10,48,13,4,6,6,6,10,38,9,4,6,6,6,9,28,8,4,6,6,8,8,18,4,4,4,4,4,4
2021166,2021-06-25,69,69,18,3,6,7,7,9,59,14,3,6,7,7,9,49,10,3,6,7,7,9,39,8,3,6,7,7,8,29,8,3,6,7,8,8,19,4,3,4,4,4,4
2021167,2021-06-26,68,68,16,1,4,5,8,11,58,15,1,4,5,8,11,48,12,1,4,5,8,11,38,10,1,4,5,8,10,28,6,1,4,5,6,6,18,3,3,3,3,3,3
2021168,2021-06-27,69,69,17,4,6,7,10,13,59,15,4,6,7,10,13,49,14,4,6,7,10,13,39,13,4,6,7,10,13,29,7,4,6,7,7,7,19,5,5,5,5,5,5
2021169,2021-06-28,67,67,15,4,5,6,8,9,57,13,4,5,6,8,9,47,10,4,5,6,8,9,37,8,4,5,6,8,8,27,7,4,5,7,7,7,17,6,5,6,6,6,6
2021170,2021-06-29,67,67,17,3,4,5,5,9,57,15,3,4,5,5,9,47,12,3,4,5,5,9,37,8,3,4,5,5,8,27,4,3,3,4,4,4,17,3,3,3,3,3,3
2021171,2021-06-30,67,67,16,6,7,8,8,9,57,13,6,7,8,8,9,47,10,6,7,8,8,9,37,10,6,7,8,8,10,27,8,6,7,8,8,8,17,7,6,7,7,7,7
2021172,2021-07-01,65,65,18,6,7,10,11,13,55,17,6,7,10,11,13,45,16,6,7,10,11,14,35,12,6,7,10,11,12,25,10,6,8,10,10,10,15,7,7,7,7,7,7
2021173,2021-07-02,64,64,16,4,5,7,9,10,54,14,4,5,7,9,10,44,10,4,5,7,9,10,34,8,4,5,7,8,8,24,6,4,5,6,6,6,14,4,4,4,4,4,4
2021174,2021-07-03,67,67,18,3,3,3,4,8,57,13,3,3,3,4,8,47,10,3,3,3,4,8,37,7,3,3,3,4,7,27,4,3,3,3,4,4,17,3,3,3,3,3,3
2021175,2021-07-04,72,72,18,3,4,6,7,8,62,15,3,4,6,7,8,52,12,3,4,6,7,8,42,9,3,4,6,7,8,32,8,3,4,6,7,8,22,6,3,5,6,6,6
2021176,2021-07-05,67,67,18,4,5,8,9,12,57,17,4,5,8,9,12,47,14,4,5,8,9,12,37,11,4,5,8,9,11,27,9,4,5,9,9,9,17,7,6,7,7,7,7
2021177,2021-07-06,68,68,16,5,5,7,8,11,58,15,5,5,7,8,11,48,13,5,5,7,8,11,38,10,5,5,7,8,10,28,8,5,5,7,8,8,18,3,2,3,3,3,3
2021178,2021-07-07,68,68,16,2,3,3,6,8,58,12,2,3,3,6,8,48,10,2,3,3,6,8,38,9,2,3,3,6,9,28,5,2,3,5,5,5,18,2,2,2,2,2,2
2021179,2021-07-08,69,69,17,2,5,8,9,9,59,15,2,5,8,9,9,49,12,2,5,8,9,9,39,10,2,5,8,9,10,29,7,2,5,7,7,7,19,4,2,4,4,4,4
2021180,2021-07-09,66,66,16,5,6,7,8,10,56,14,5,6,7,8,10,46,12,5,6,7,8,10,36,9,5,6,7,8,9,26,7,5,6,7,7,7,16,4,4,4,4,4,4
2021181,2021-07-10,69,69,16,3,3,3,4,7,59,13,3,3,3,4,7,49,9,3,3,3,4,7,39,7,3,3,3,4,7,29,6,3,3,4,6,6,19,3,3,3,3,3,3
2021182,2021-07-11,69,69,18,3,5,7,9,9,59,17,3,5,7,9,9,49,13,3,5,7,9,9,39,10,3,5,7,9,10,29,7,3,5,7,7,7,19,6,3,6,6,6,6
2021183,2021-07-12,65,65,16,6,7,8,9,11,55,16,6,7,8,9,11,45,12,6,7,8,9,11,35,10,6,7,8,9,10,25,9,6,7,9,9,9,15,6,6,6,6,6,6
2021184,2021-07-13,65,65,15,5,5,5,6,8,55,12,5,5,5,6,8,45,10,5,5,5,6,9,35,7,5,5,5,7,7,25,6,5,5,6,6,6,15,5,5,5,5,5,5
2021185,2021-07-14,66,66,17,7,8,8,9,10,56,15,7,8,8,9,10,46,11,7,8,8,9,10,36,9,7,8,8,9,9,26,8,7,7,7,8,8,16,7,7,7,7,7,7
2021186,2021-07-15,63,63,17,4,6,7,9,11,53,14,4,6,7,9,11,43,11,4,6,7,9,11,33,9,4,6,7,8,9,23,6,4,5,6,6,6,13,1,1,1,1,1,1
2021187,2021-07-16,68,68,18,4,5,6,8,9,58,14,4,5,6,8,9,48,11,4,5,6,8,9,38,9,4,5,6,8,9,28,6,4,5,6,6,6,18,6,5,6,6,6,6
2021188,2021-07-17,68,68,18,3,4,4,5,8,58,15,3,4,4,5,8,48,12,3,4,4,5,8,38,8,3,4,4,5,8,28,5,3,4,4,5,5,18,2,2,2,2,2,2
2021189,2021-07-18,71,71,18,4,6,7,7,9,61,16,4,6,7,7,9,51,13,4,6,7,7,9,41,9,4,6,7,7,9,31,7,4,6,7,7,7,21,3,3,3,3,3,3
2021190,2021-07-19,69,69,17,2,2,3,6,8,59,13,2,2,3,6,8,49,9,2,2,3,6,8,39,9,2,2,3,6,9,29,4,2,2,3,4,4,19,2,1,2,2,2,2
2021191,2021-07-20,71,71,18,3,4,5,6,9,61,14,3,4,5,6,9,51,11,3,4,5,6,9,41,9,3,4,5,6,9,31,6,3,4,5,6,6,21,4,3,4,4,4,4
2021192,2021-07-21,69,69,17,7,7,9,10,11,59,14,7,7,9,10,11,49,13,7,7,9,10,11,39,11,7,7,9,10,11,29,10,7,7,9,10,10,19,9,8,9,9,9,9
2021193,2021-07-22,64,64,17,5,7,10,12,14,54,16,5,7,10,12,14,44,15,5,7,10,12,14,34,12,5,7,10,11,12,24,9,5,8,9,9,9,14,4,4,4,4,4,4
2021194,2021-07-23,65,65,18,4,5,6,7,9,55,15,4,5,6,7,9,45,11,4,5,6,7,9,35,8,4,5,6,7,8,25,5,4,5,5,5,5,15,4,4,4,4,4,4
2021195,2021-07-24,69,69,18,2,3,4,7,8,59,13,2,3,4,7,8,49,11,2,3,4,7,8,39,8,2,3,4,7,8,29,4,2,3,4,4,4,19,2,1,2,2,2,2
2021196,2021-07-25,71,71,20,2,4,5,6,7,61,16,2,4,5,6,7,51,12,2,4,5,6,7,41,7,2,4,5,7,7,31,6,2,4,5,6,6,21,4,2,3,4,4,4
2021197,2021-07-26,72,72,18,3,5,6,6,9,62,15,3,5,6,6,9,52,13,3,5,6,6,9,42,9,3,5,6,6,8,32,7,3,5,6,6,7,22,3,3,3,3,3,3
2021198,2021-07-27,71,71,20,4,5,7,9,12,61,19,4,5,7,9,12,51,18,4,5,7,9,12,41,12,4,5,7,9,12,31,8,4,5,7,8,8,21,7,5,7,7,7,7
2021199,2021-07-28,68,68,15,6,6,7,8,11,58,14,6,6,7,8,11,48,13,6,6,7,8,11,38,10,6,6,7,8,10,28,7,6,6,7,7,7,18,6,6,6,6,6,6
2021200,2021-07-29,65,65,18,4,7,8,8,13,55,15,4,7,8,8,13,45,13,4,7,8,8,13,35,11,4,7,8,9,11,25,5,4,5,5,5,5,15,4,4,4,4,4,4
2021201,2021-07-30,66,66,13,2,3,3,6,9,56,10,2,3,3,6,9,46,10,2,3,3,6,9,36,8,2,3,3,6,8,26,4,2,3,4,4,4,16,2,2,2,2,2,2
2021202,2021-07-31,69,69,16,5,7,7,7,12,59,15,5,7,7,7,12,49,14,5,7,7,7,12,39,12,5,7,7,7,12,29,11,5,7,9,11,11,19,7,6,7,7,7,7
2021203,2021-08-01,65,65,15,2,3,5,7,8,55,11,2,3,5,7,8,45,10,2,3,5,7,8,35,8,2,3,5,7,8,25,6,2,2,6,6,6,15,1,1,1,1,1,1
2021204,2021-08-02,68,68,16,2,2,4,6,11,58,15,2,2,4,6,11,48,11,2,2,4,6,11,38,11,2,2,4,6,11,28,6,2,2,4,6,6,18,3,2,3,3,3,3
2021205,2021-08-03,69,69,18,2,3,7,9,10,59,14,2,3,7,9,10,49,12,2,3,7,9,10,39,10,2,3,7,9,10,29,8,2,3,7,8,8,19,7,4,7,7,7,7
2021206,2021-08-04,68,68,17,2,3,3,4,9,58,13,2,3,3,4,9,48,11,2,3,3,4,9,38,6,2,3,3,4,6,28,4,2,3,3,4,4,18,2,2,2,2,2,2
2021207,2021-08-05,74,74,18,3,4,7,8,13,64,18,3,4,7,8,13,54,14,3,4,7,8,13,44,13,3,4,7,8,13,34,8,3,4,7,8,8,24,8,4,7,8,8,8
2021208,2021-08-06,66,66,16,3,4,5,6,9,56,15,3,4,5,6,9,46,11,3,4,5,6,9,36,8,3,4,5,6,8,26,5,3,4,4,5,5,16,4,4,4,4,4,4
2021209,2021-08-07,68,68,16,3,5,5,6,8,58,14,3,5,5,6,8,48,10,3,5,5,6,8,38,8,3,5,5,6,8,28,7,3,5,5,7,7,18,5,5,5,5,5,5
2021210,2021-08-08,66,66,17,5,6,8,8,10,56,15,5,6,8,8,10,46,11,5,6,8,8,10,36,10,5,6,8,8,10,26,7,5,6,7,7,7,16,4,4,4,4,4,4
2021211,2021-08-09,67,67,17,5,5,6,7,10,57,14,5,5,6,7,10,47,12,5,5,6,7,10,37,8,5,5,6,7,8,27,7,5,5,6,7,7,17,6,6,6,6,6,6
2021212,2021-08-10,68,68,17,3,4,6,7,8,58,15,3,4,6,7,8,48,11,3,4,6,7,8,38,9,3,4,6,7,9,28,4,3,4,4,4,4,18,4,3,4,4,4,4
2021213,2021-08-11,67,67,16,1,2,4,7,11,57,14,1,2,4,7,11,47,13,1,2,4,7,11,37,9,1,2,4,7,9,27,5,1,2,4,5,5,17,2,2,2,2,2,2
2021214,2021-08-12,70,70,18,4,6,7,7,9,60,15,4,6,7,7,9,50,13,4,6,7,7,9,40,9,4,6,7,7,9,30,8,4,6,7,8,8,20,5,4,5,5,5,5
2021215,2021-08-13,67,67,18,4,4,5,7,10,57,15,4,4,5,7,10,47,10,4,4,5,7,10,37,9,4,4,5,7,9,27,7,4,4,6,7,7,17,3,2,3,3,3,3
2021216,2021-08-14,69,69,17,3,5,6,8,8,59,14,3,5,6,8,8,49,11,3,5,6,8,8,39,9,3,5,6,8,9,29,6,3,5,6,6,6,19,4,4,4,4,4,4
2021217,2021-08-15,69,69,18,3,5,7,9,11,59,16,3,5,7,9,11,49,13,3,5,7,9,11,39,11,3,5,7,9,11,29,8,3,5,7,8,8,19,6,4,6,6,6,6
2021218,2021-08-16,68,68,17,4,4,5,5,8,58,16,4,4,5,5,8,48,11,4,4,5,5,8,38,9,4,4,5,5,9,28,7,4,4,5,7,7,18,2,2,2,2,2,2
2021219,2021-08-17,69,69,18,5,6,6,8,8,59,14,5,6,6,8,8,49,10,5,6,6,8,8,39,8,5,6,6,8,8,29,6,5,6,6,6,6,19,5,5,5,5,5,5
2021220,2021-08-18,69,69,17,2,3,6,6,9,59,16,2,3,6,6,9,49,13,2,3,6,6,9,39,8,2,3,6,6,8,29,6,2,3,5,6,6,19,5,3,5,5,5,5
2021221,2021-08-19,68,68,17,2,3,4,7,8,58,15,2,3,4,7,8,48,9,2,3,4,7,8,38,9,2,3,4,7,9,28,5,2,3,5,5,5,18,2,1,2,2,2,2
2021222,2021-08-20,70,70,19,4,5,7,7,9,60,14,4,5,7,7,9,50,10,4,5,7,7,9,40,9,4,5,7,7,9,30,8,4,5,7,8,8,20,6,5,6,6,6,6
2021223,2021-08-21,69,69,16,1,2,3,4,8,59,12,1,2,3,4,8,49,10,1,2,3,4,8,39,7,1,2,3,4,7,29,4,1,2,2,4,4,19,1,1,1,1,1,1
2021224,2021-08-22,70,70,17,5,6,7,9,12,60,14,5,6,7,9,12,50,13,5,6,7,9,12,40,13,5,6,7,9,13,30,9,5,6,7,9,9,20,6,5,6,6,6,6
2021225,2021-08-23,67,67,17,3,3,4,6,9,57,14,3,3,4,6,9,47,10,3,3,4,6,9,37,10,3,3,4,6,10,27,7,3,3,6,7,7,17,2,2,2,2,2,2
2021226,2021-08-24,69,69,17,4,6,6,6,10,59,14,4,6,6,6,10,49,14,4,6,6,6,10,39,8,4,6,6,6,8,29,8,4,6,6,8,8,19,3,3,3,3,3,3
2021227,2021-08-25,68,68,16,3,5,6,7,9,58,14,3,5,6,7,9,48,11,3,5,6,7,9,38,9,3,5,6,7,9,28,7,3,5,6,7,7,18,5,4,5,5,5,5
2021228,2021-08-26,67,67,17,7,9,9,12,15,57,17,7,9,9,12,15,47,15,7,9,9,12,15,37,13,7,9,9,12,13,27,12,7,9,12,12,12,17,5,5,5,5,5,5
2021229,2021-08-27,65,65,16,5,6,7,10,12,55,13,5,6,7,10,12,45,13,5,6,7,10,12,35,11,5,6,7,10,11,25,9,5,6,9,9,9,15,3,3,3,3,3,3
2021230,2021-08-28,66,66,16,2,3,5,5,6,56,10,2,3,5,5,6,46,9,2,3,5,5,6,36,6,2,3,5,5,6,26,5,2,3,5,5,5,16,5,5,5,5,5,5
2021231,2021-08-29,68,68,19,8,8,9,10,12,58,15,8,8,9,10,12,48,13,8,8,9,10,12,38,10,8,8,9,10,10,28,9,8,8,9,9,9,18,5,4,5,5,5,5
2021232,2021-08-30,67,67,18,4,6,9,9,12,57,16,4,6,9,9,12,47,13,4,6,9,9,12,37,10,4,6,9,9,10,27,8,4,6,8,8,8,17,5,4,5,5,5,5
2021233,2021-08-31,66,66,15,3,4,6,7,10,56,13,3,4,6,7,10,46,11,3,4,6,7,10,36,10,3,4,6,7,10,26,7,3,4,6,7,7,16,3,3,3,3,3,3
2021234,2021-09-01,69,69,17,4,6,8,9,11,59,14,4,6,8,9,11,49,12,4,6,8,9,11,39,10,4,6,8,9,10,29,8,4,6,7,8,8,19,6,5,6,6,6,6
2021235,2021-09-02,66,66,16,4,5,6,7,12,56,13,4,5,6,7,12,46,12,4,5,6,7,12,36,10,4,5,6,7,10,26,7,4,5,6,7,7,16,4,4,4,4,4,4
2021236,2021-09-03,68,68,18,6,7,8,9,9,58,14,6,7,8,9,9,48,11,6,7,8,9,9,38,10,6,7,8,9,10,28,8,6,7,8,8,8,18,5,5,5,5,5,5
2021237,2021-09-04,66,66,17,2,4,5,8,10,56,15,2,4,5,8,10,46,11,2,4,5,8,10,36,11,2,4,5,8,11,26,7,2,4,7,7,7,16,4,4,4,4,4,4
2021238,2021-09-05,70,70,18,3,5,6,9,11,60,16,3,5,6,9,11,50,13,3,5,6,9,11,40,11,3,5,6,9,11,30,6,3,5,6,6,6,20,3,2,3,3,3,3
2021239,2021-09-06,68,68,17,3,5,7,7,9,58,14,3,5,7,7,9,48,11,3,5,7,7,9,38,10,3,5,7,7,10,28,7,3,5,7,7,7,18,5,4,5,5,5,5
2021240,2021-09-07,68,68,16,5,5,5,7,10,58,13,5,5,5,7,10,48,11,5,5,5,7,10,38,9,5,5,5,7,9,28,7,5,5,5,7,7,18,2,2,2,2,2,2
2021241,2021-09-08,68,68,17,2,4,4,5,8,58,14,2,4,4,5,8,48,10,2,4,4,5,8,38,8,2,4,4,5,8,28,4,2,4,4,4,4,18,4,4,4,4,4,4
2021242,2021-09-09,69,69,16,2,4,6,6,9,59,14,2,4,6,6,9,49,11,2,4,6,6,9,39,8,2,4,6,6,8,29,6,2,4,5,6,6,19,3,2,3,3,3,3
2021243,2021-09-10,67,67,14,4,5,6,7,8,57,11,4,5,6,7,8,47,11,4,5,6,7,8,37,8,4,5,6,7,8,27,6,4,5,6,6,6,17,4,4,4,4,4,4
2021244,2021-09-11,66,66,16,4,5,6,7,9,56,13,4,5,6,7,9,46,9,4,5,6,7,9,36,9,4,5,6,7,9,26,6,4,5,6,6,6,16,3,3,3,3,3,3
2021245,2021-09-12,66,66,18,4,6,7,9,10,56,16,4,6,7,9,10,46,12,4,6,7,9,10,36,10,4,6,7,9,10,26,8,4,6,8,8,8,16,5,5,5,5,5,5
2021246,2021-09-13,69,69,17,4,4,6,8,10,59,17,4,4,6,8,10,49,12,4,4,6,8,10,39,10,4,4,6,8,10,29,6,4,4,6,6,6,19,6,4,6,6,6,6
2021247,2021-09-14,67,67,18,3,5,5,6,8,57,15,3,5,5,6,8,47,13,3,5,5,6,8,37,9,3,5,5,6,9,27,7,3,5,6,7,7,17,4,3,4,4,4,4
2021248,2021-09-15,68,68,15,2,2,4,7,11,58,13,2,2,4,7,11,48,11,2,2,4,7,11,38,8,2,2,4,7,8,28,5,2,2,4,5,5,18,3,2,3,3,3,3
2021249,2021-09-16,69,69,19,3,6,6,7,10,59,16,3,6,6,7,10,49,13,3,6,6,7,10,39,10,3,6,6,7,10,29,7,3,6,6,7,7,19,3,3,3,3,3,3
2021250,2021-09-17,70,70,17,4,5,6,8,11,60,14,4,5,6,8,11,50,13,4,5,6,8,11,40,11,4,5,6,8,11,30,6,4,5,6,6,6,20,5,4,5,5,5,5
2021251,2021-09-18,70,70,17,5,7,7,9,12,60,15,5,7,7,9,12,50,13,5,7,7,9,12,40,12,5,7,7,9,12,30,8,5,7,7,8,8,20,6,6,6,6,6,6
2021252,2021-09-19,65,65,16,4,6,7,8,11,55,15,4,6,7,8,11,45,11,4,6,7,8,11,35,10,4,6,7,9,10,25,8,4,7,8,8,8,15,6,6,6,6,6,6
2021253,2021-09-20,66,66,16,2,2,3,4,8,56,12,2,2,3,4,8,46,10,2,2,3,4,8,36,7,2,2,3,5,7,26,4,2,2,4,4,4,16,1,0,1,1,1,1
2021254,2021-09-21,69,69,18,6,7,9,11,14,59,17,6,7,9,11,14,49,16,6,7,9,11,14,39,13,6,7,9,11,13,29,12,6,7,9,12,12,19,9,5,9,9,9,9
2021255,2021-09-22,65,65,18,3,4,5,7,11,55,16,3,4,5,7,11,45,12,3,4,5,7,11,35,9,3,4,5,7,9,25,6,3,4,6,6,6,15,2,2,2,2,2,2
2021256,2021-09-23,69,69,19,3,5,8,8,9,59,16,3,5,8,8,9,49,12,3,5,8,8,9,39,10,3,5,8,8,10,29,8,3,5,8,8,8,19,5,4,5,5,5,5
2021257,2021-09-24,69,69,20,4,5,7,8,11,59,17,4,5,7,8,11,49,14,4,5,7,8,11,39,11,4,5,7,8,11,29,10,4,5,7,10,10,19,5,3,5,5,5,5
2021258,2021-09-25,69,69,17,2,3,5,7,8,59,13,2,3,5,7,8,49,10,2,3,5,7,8,39,7,2,3,5,7,7,29,6,2,3,5,6,6,19,4,3,4,4,4,4
2021259,2021-09-26,69,69,18,5,7,8,8,11,59,17,5,7,8,8,11,49,15,5,7,8,8,11,39,12,5,7,8,8,12,29,11,5,7,8,11,11,19,5,5,5,5,5,5
2021260,2021-09-27,68,68,18,2,3,6,8,10,58,15,2,3,6,8,10,48,11,2,3,6,8,10,38,9,2,3,6,8,9,28,6,2,3,5,6,6,18,4,2,4,4,4,4
2021261,2021-09-28,68,68,16,2,2,3,3,7,58,13,2,2,3,3,7,48,10,2,2,3,3,7,38,6,2,2,3,3,6,28,3,2,2,3,3,3,18,2,2,2,2,2,2
2021262,2021-09-29,72,72,19,7,11,11,12,13,62,16,7,11,11,12,13,52,14,7,11,11,12,13,42,13,7,11,11,12,13,32,12,7,11,11,12,12,22,8,7,8,8,8,8
2021263,2021-09-30,64,64,18,9,10,11,11,14,54,16,9,10,11,11,14,44,15,9,10,11,11,14,34,12,9,10,11,12,12,24,10,9,10,10,10,10,14,8,8,8,8,8,8
2021264,2021-10-05,62,62,14,0,1,3,3,5,52,9,0,1,3,3,5,42,5,0,1,3,3,5,32,3,0,1,3,3,3,22,1,0,0,1,1,1,12,0,0,0,0,0,0
2021265,2021-10-06,70,70,20,3,4,5,6,10,60,19,3,4,5,6,10,50,13,3,4,5,6,10,40,8,3,4,5,6,8,30,7,3,4,5,7,7,20,5,3,5,5,5,5
2021266,2021-10-07,70,70,17,4,6,7,8,13,60,16,4,6,7,8,13,50,16,4,6,7,8,13,40,13,4,6,7,8,13,30,9,4,6,7,9,9,20,6,4,6,6,6,6
2021267,2021-10-08,67,67,17,2,3,6,7,9,57,13,2,3,6,7,9,47,11,2,3,6,7,9,37,9,2,3,6,7,9,27,5,2,3,4,5,5,17,3,2,3,3,3,3
2021268,2021-10-09,69,69,18,7,7,9,10,11,59,15,7,7,9,10,11,49,13,7,7,9,10,11,39,11,7,7,9,10,11,29,10,7,7,9,10,10,19,8,7,8,8,8,8
2021269,2021-10-10,67,67,18,3,4,7,10,12,57,15,3,4,7,10,12,47,13,3,4,7,10,12,37,12,3,4,7,10,12,27,9,3,5,8,9,9,17,4,4,4,4,4,4
2021270,2021-10-11,67,67,17,5,7,8,8,11,57,16,5,7,8,8,11,47,13,5,7,8,8,11,37,11,5,7,8,8,11,27,9,5,7,8,9,9,17,6,5,6,6,6,6
2021271,2021-10-12,65,65,16,1,3,5,6,8,55,13,1,3,5,6,8,45,10,1,3,5,6,8,35,7,1,3,5,6,7,25,4,1,3,4,4,4,15,3,3,3,3,3,3
2021272,2021-10-13,69,69,18,4,5,6,7,10,59,16,4,5,6,7,10,49,12,4,5,6,7,10,39,10,4,5,6,7,10,29,6,4,5,6,6,6,19,4,3,4,4,4,4
2021273,2021-10-14,69,69,14,2,2,4,5,9,59,13,2,2,4,5,9,49,11,2,2,4,5,9,39,9,2,2,4,5,9,29,5,2,2,3,5,5,19,2,1,2,2,2,2
2021274,2021-10-15,68,68,20,6,8,9,10,12,58,17,6,8,9,10,12,48,15,6,8,9,10,12,38,11,6,8,9,10,11,28,9,6,8,9,9,9,18,7,6,7,7,7,7
2021275,2021-10-16,66,66,16,3,4,5,8,10,56,14,3,4,5,8,10,46,11,3,4,5,8,10,36,10,3,4,5,8,10,26,6,3,4,6,6,6,16,3,3,3,3,3,3
2021276,2021-10-17,70,70,18,3,5,6,7,9,60,18,3,5,6,7,9,50,13,3,5,6,7,9,40,10,3,5,6,7,10,30,8,3,5,7,8,8,20,4,2,4,4,4,4
2021277,2021-10-18,67,67,17,6,7,8,10,11,57,16,6,7,8,10,11,47,13,6,7,8,10,11,37,10,6,7,8,10,10,27,8,6,7,8,8,8,17,6,6,6,6,6,6
2021278,2021-10-19,66,66,16,4,5,7,8,11,56,14,4,5,7,8,11,46,12,4,5,7,8,12,36,10,4,5,7,8,10,26,7,4,5,7,7,7,16,5,5,5,5,5,5
2021279,2021-10-20,68,68,20,4,8,10,10,13,58,17,4,8,10,10,13,48,15,4,8,10,10,13,38,13,4,8,10,10,13,28,9,4,8,8,9,9,18,8,7,8,8,8,8
2021280,2021-10-21,65,65,17,4,6,8,8,10,55,13,4,6,8,8,10,45,10,4,6,8,8,10,35,8,4,6,8,8,8,25,6,4,6,6,6,6,15,5,5,5,5,5,5
2021281,2021-10-22,68,68,16,3,4,6,9,12,58,14,3,4,6,9,12,48,13,3,4,6,9,12,38,10,3,4,6,9,10,28,7,3,4,6,7,7,18,5,4,5,5,5,5
2021282,2021-10-23,66,66,18,9,10,11,11,15,56,15,9,10,11,11,15,46,15,9,10,11,11,15,36,13,9,10,11,11,13,26,10,9,10,10,10,10,16,9,9,9,9,9,9
2021283,2021-10-24,63,63,17,3,4,4,8,11,53,15,3,4,4,8,11,43,12,3,4,4,8,11,33,9,3,4,4,8,9,23,4,3,3,4,4,4,13,3,3,3,3,3,3
2021284,2021-10-25,65,65,17,1,1,2,6,8,55,14,1,1,2,6,8,45,11,1,1,2,6,8,35,6,1,1,2,5,6,25,4,1,1,4,4,4,15,1,1,1,1,1,1
2021285,2021-10-26,72,72,19,3,4,4,6,7,62,14,3,4,4,6,7,52,11,3,4,4,6,7,42,8,3,4,4,6,7,32,7,3,4,4,6,7,22,5,3,5,5,5,5
2021286,2021-10-27,72,72,15,4,5,7,7,8,62,14,4,5,7,7,8,52,10,4,5,7,7,8,42,9,4,5,7,7,8,32,8,4,5,7,7,8,22,5,3,5,5,5,5
2021287,2021-10-28,67,67,18,7,8,9,11,13,57,17,7,8,9,11,13,47,16,7,8,9,11,13,37,12,7,8,9,11,12,27,10,7,8,10,10,10,17,7,7,7,7,7,7
2021288,2021-10-29,64,64,16,3,6,8,10,11,54,14,3,6,8,10,11,44,12,3,6,8,10,11,34,11,3,6,8,10,11,24,7,3,5,7,7,7,14,4,4,4,4,4,4
2021289,2021-10-30,66,66,18,5,7,10,11,13,56,16,5,7,10,11,13,46,16,5,7,10,11,13,36,13,5,7,10,11,13,26,9,5,7,9,9,9,16,6,5,6,6,6,6
2021290,2021-10-31,65,65,15,2,3,4,6,8,55,14,2,3,4,6,8,45,10,2,3,4,6,8,35,7,2,3,4,6,7,25,5,2,3,5,5,5,15,1,1,1,1,1,1
2021291,2021-11-01,69,69,18,4,7,9,10,13,59,16,4,7,9,10,13,49,14,4,7,9,10,13,39,13,4,7,9,10,13,29,9,4,7,9,9,9,19,5,5,5,5,5,5
2021292,2021-11-02,68,68,18,4,6,6,7,9,58,14,4,6,6,7,9,48,13,4,6,6,7,9,38,10,4,6,6,7,10,28,6,4,6,6,6,6,18,5,5,5,5,5,5
2021293,2021-11-03,68,68,16,3,3,4,6,8,58,15,3,3,4,6,8,48,11,3,3,4,6,8,38,9,3,3,4,6,9,28,5,3,3,4,5,5,18,3,2,3,3,3,3
2021294,2021-11-04,70,70,19,0,3,3,6,10,60,14,0,3,3,6,10,50,11,0,3,3,6,10,40,10,0,3,3,6,10,30,5,0,3,3,5,5,20,2,2,2,2,2,2
2021295,2021-11-05,72,72,18,4,8,8,10,12,62,17,4,8,8,10,12,52,14,4,8,8,10,12,42,11,4,8,8,10,11,32,10,4,8,8,10,10,22,6,4,6,6,6,6
2021296,2021-11-06,67,67,17,4,6,7,8,11,57,15,4,6,7,8,11,47,14,4,6,7,8,11,37,10,4,6,7,8,10,27,8,4,6,8,8,8,17,6,5,6,6,6,6
2021297,2021-11-07,66,66,18,5,7,8,8,8,56,14,5,7,8,8,8,46,9,5,7,8,8,8,36,8,5,7,8,8,8,26,7,5,7,7,7,7,16,5,5,5,5,5,5
2021298,2021-11-08,67,67,16,2,4,5,5,8,57,14,2,4,5,5,8,47,10,2,4,5,5,8,37,7,2,4,5,5,7,27,5,2,4,4,5,5,17,2,2,2,2,2,2
2021299,2021-11-09,68,68,17,2,4,5,6,9,58,13,2,4,5,6,9,48,11,2,4,5,6,9,38,8,2,4,5,6,8,28,5,2,4,5,5,5,18,3,2,3,3,3,3
2021300,2021-11-10,71,71,19,7,8,11,12,14,61,17,7,8,11,12,14,51,16,7,8,11,12,14,41,15,7,8,11,12,14,31,14,7,8,11,13,14,21,9,6,9,9,9,9
2021301,2021-11-11,63,63,17,4,7,7,9,13,53,17,4,7,7,9,13,43,13,4,7,7,9,13,33,11,4,7,7,9,11,23,5,4,5,5,5,5,13,4,4,4,4,4,4
2021302,2021-11-12,66,66,14,2,4,6,8,11,56,13,2,4,6,8,11,46,12,2,4,6,8,11,36,11,2,4,6,8,11,26,4,2,4,4,4,4,16,2,2,2,2,2,2
2021303,2021-11-13,70,70,16,5,7,9,10,11,60,14,5,7,9,10,11,50,12,5,7,9,10,11,40,11,5,7,9,10,11,30,10,5,7,9,10,10,20,7,5,7,7,7,7
2021304,2021-11-14,64,64,16,3,5,6,7,8,54,14,3,5,6,7,8,44,9,3,5,6,7,8,34,7,3,5,6,7,7,24,5,3,5,5,5,5,14,3,3,3,3,3,3
2021305,2021-11-15,67,67,18,2,3,3,3,7,57,15,2,3,3,3,7,47,12,2,3,3,3,7,37,5,2,3,3,3,5,27,4,2,3,4,4,4,17,3,3,3,3,3,3
2021306,2021-11-16,68,68,14,2,2,4,5,7,58,12,2,2,4,5,7,48,9,2,2,4,5,7,38,5,2,2,4,5,5,28,4,2,2,4,4,4,18,3,2,3,3,3,3
2021307,2021-11-17,68,68,15,8,8,8,8,10,58,15,8,8,8,8,10,48,12,8,8,8,8,10,38,11,8,8,8,8,11,28,10,8,8,8,10,10,18,5,5,5,5,5,5
2021308,2021-11-18,65,65,17,5,6,7,7,11,55,15,5,6,7,7,11,45,13,5,6,7,7,10,35,9,5,6,7,7,9,25,6,5,6,6,6,6,15,4,4,4,4,4,4
2021309,2021-11-19,64,64,17,6,7,8,8,12,54,14,6,7,8,8,12,44,12,6,7,8,8,12,34,9,6,7,8,8,9,24,6,6,6,6,6,6,14,5,5,5,5,5,5
2021310,2021-11-20,68,68,15,2,3,4,7,9,58,13,2,3,4,7,9,48,11,2,3,4,7,9,38,9,2,3,4,7,9,28,6,2,3,6,6,6,18,3,3,3,3,3,3
2021311,2021-11-21,69,69,18,4,4,4,6,10,59,16,4,4,4,6,10,49,12,4,4,4,6,10,39,8,4,4,4,6,8,29,7,4,4,5,7,7,19,4,4,4,4,4,4
2021312,2021-11-22,68,68,15,2,4,5,7,10,58,12,2,4,5,7,10,48,10,2,4,5,7,10,38,9,2,4,5,7,9,28,6,2,4,4,6,6,18,2,2,2,2,2,2
2021313,2021-11-23,69,69,15,5,5,6,6,9,59,13,5,5,6,6,9,49,11,5,5,6,6,9,39,8,5,5,6,6,8,29,8,5,5,6,8,8,19,4,3,4,4,4,4
2021314,2021-11-24,67,67,16,1,2,4,6,6,57,13,1,2,4,6,6,47,9,1,2,4,6,6,37,6,1,2,4,6,6,27,6,1,2,5,6,6,17,2,1,2,2,2,2
2021315,2021-11-25,70,70,18,3,4,5,6,8,60,16,3,4,5,6,8,50,14,3,4,5,6,8,40,9,3,4,5,6,9,30,6,3,4,5,6,6,20,4,3,4,4,4,4
2021316,2021-11-26,69,69,17,3,5,7,8,10,59,14,3,5,7,8,10,49,12,3,5,7,8,10,39,11,3,5,7,8,11,29,9,3,5,7,9,9,19,6,4,6,6,6,6
2021317,2021-11-27,67,67,15,1,2,4,6,10,57,12,1,2,4,6,10,47,10,1,2,4,6,10,37,8,1,2,4,6,8,27,5,1,2,4,5,5,17,3,2,3,3,3,3
2021318,2021-11-28,69,69,20,7,9,9,9,12,59,18,7,9,9,9,12,49,15,7,9,9,9,12,39,12,7,9,9,9,12,29,11,7,9,10,11,11,19,7,7,7,7,7,7
2021319,2021-11-29,65,65,15,5,5,6,8,9,55,12,5,5,6,8,9,45,10,5,5,6,8,9,35,10,5,5,6,8,10,25,7,5,5,7,7,7,15,2,2,2,2,2,2
2021320,2021-11-30,65,65,17,2,3,4,6,8,55,12,2,3,4,6,8,45,9,2,3,4,6,9,35,7,2,3,4,6,7,25,5,2,3,5,5,5,15,3,3,3,3,3,3
2021321,2021-12-01,71,71,18,2,3,5,5,10,61,17,2,3,5,5,10,51,14,2,3,5,5,10,41,10,2,3,5,5,10,31,7,2,3,5,7,7,21,3,2,3,3,3,3
2021322,2021-12-02,72,72,18,3,3,4,5,7,62,14,3,3,4,5,7,52,13,3,3,4,5,7,42,7,3,3,4,5,7,32,6,3,3,4,6,6,22,4,2,3,4,4,4
2021323,2021-12-03,69,69,16,4,5,8,9,12,59,14,4,5,8,9,12,49,12,4,5,8,9,12,39,12,4,5,8,9,12,29,10,4,5,8,10,10,19,7,4,7,7,7,7
2021324,2021-12-04,65,65,14,2,3,5,6,10,55,13,2,3,5,6,10,45,9,2,3,5,6,9,35,7,2,3,5,6,7,25,4,2,3,4,4,4,15,2,2,2,2,2,2
2021325,2021-12-05,68,68,15,2,5,6,7,10,58,14,2,5,6,7,10,48,11,2,5,6,7,10,38,10,2,5,6,7,10,28,7,2,5,6,7,7,18,4,3,4,4,4,4
2021326,2021-12-06,67,67,16,4,5,6,8,11,57,15,4,5,6,8,11,47,14,4,5,6,8,11,37,10,4,5,6,8,10,27,8,4,5,8,8,8,17,6,5,6,6,6,6
2021327,2021-12-07,66,66,18,2,4,6,9,14,56,16,2,4,6,9,14,46,15,2,4,6,9,14,36,13,2,4,6,9,13,26,8,2,4,7,8,8,16,3,3,3,3,3,3
2021328,2021-12-08,69,69,17,4,5,6,10,13,59,16,4,5,6,10,13,49,15,4,5,6,10,13,39,11,4,5,6,10,11,29,8,4,5,6,8,8,19,6,4,6,6,6,6
2021329,2021-12-09,68,68,18,3,4,5,6,12,58,15,3,4,5,6,12,48,13,3,4,5,6,12,38,9,3,4,5,6,9,28,8,3,4,6,8,8,18,5,4,5,5,5,5
2021330,2021-12-10,70,70,17,4,5,7,7,7,60,15,4,5,7,7,7,50,11,4,5,7,7,7,40,7,4,5,7,7,7,30,7,4,5,7,7,7,20,6,4,6,6,6,6
2021331,2021-12-11,67,67,15,4,7,9,9,12,57,14,4,7,9,9,12,47,12,4,7,9,9,12,37,10,4,7,9,9,10,27,8,4,7,7,8,8,17,7,6,7,7,7,7
2021332,2021-12-12,64,64,12,1,3,4,5,6,54,11,1,3,4,5,6,44,7,1,3,4,5,6,34,5,1,3,4,5,5,24,3,1,2,3,3,3,14,1,1,1,1,1,1
2021333,2021-12-13,66,66,16,3,4,5,5,7,56,13,3,4,5,5,7,46,9,3,4,5,5,7,36,5,3,4,5,5,5,26,5,3,4,5,5,5,16,4,3,4,4,4,4
2021334,2021-12-14,69,69,18,5,5,8,8,12,59,15,5,5,8,8,12,49,14,5,5,8,8,12,39,10,5,5,8,8,10,29,9,5,5,8,9,9,19,4,2,4,4,4,4
2021335,2021-12-15,67,67,15,2,3,4,4,6,57,14,2,3,4,4,6,47,9,2,3,4,4,6,37,6,2,3,4,4,6,27,4,2,3,4,4,4,17,2,1,2,2,2,2
2021336,2021-12-16,68,68,18,2,3,4,7,12,58,15,2,3,4,7,12,48,14,2,3,4,7,12,38,10,2,3,4,7,10,28,4,2,3,4,4,4,18,3,2,3,3,3,3
2021337,2021-12-17,72,72,20,5,7,7,9,12,62,15,5,7,7,9,12,52,13,5,7,7,9,12,42,13,5,7,7,9,12,32,10,5,7,7,9,10,22,6,4,5,6,6,6
2021338,2021-12-18,68,68,15,3,4,6,6,7,58,13,3,4,6,6,7,48,10,3,4,6,6,7,38,7,3,4,6,6,7,28,5,3,4,5,5,5,18,4,3,4,4,4,4
2021339,2021-12-19,68,68,17,7,8,9,10,11,58,14,7,8,9,10,11,48,11,7,8,9,10,11,38,11,7,8,9,10,11,28,10,7,8,10,10,10,18,6,5,6,6,6,6
2021340,2021-12-20,64,64,15,3,3,4,7,11,54,14,3,3,4,7,11,44,9,3,3,4,7,9,34,6,3,3,4,6,6,24,4,3,3,4,4,4,14,2,2,2,2,2,2
2021341,2021-12-21,68,68,16,5,7,8,10,11,58,14,5,7,8,10,11,48,12,5,7,8,10,11,38,11,5,7,8,10,11,28,7,5,7,7,7,7,18,7,7,7,7,7,7
2021342,2021-12-22,66,66,15,2,2,4,6,8,56,12,2,2,4,6,8,46,10,2,2,4,6,8,36,8,2,2,4,7,8,26,5,2,2,5,5,5,16,2,2,2,2,2,2
2021343,2021-12-23,67,67,18,4,6,6,7,11,57,15,4,6,6,7,11,47,12,4,6,6,7,11,37,10,4,6,6,7,10,27,7,4,6,6,7,7,17,4,4,4,4,4,4
2021344,2021-12-24,68,68,19,3,4,6,10,12,58,16,3,4,6,10,12,48,14,3,4,6,10,12,38,11,3,4,6,10,11,28,7,3,4,7,7,7,18,5,4,5,5,5,5
2021345,2021-12-25,70,70,18,3,4,6,6,8,60,14,3,4,6,6,8,50,11,3,4,6,6,8,40,8,3,4,6,6,8,30,6,3,4,6,6,6,20,5,3,5,5,5,5
2021346,2021-12-26,69,69,15,4,7,8,9,9,59,13,4,7,8,9,9,49,10,4,7,8,9,9,39,9,4,7,8,9,9,29,8,4,7,8,8,8,19,5,4,5,5,5,5
2021347,2021-12-27,65,65,17,4,6,7,9,12,55,14,4,6,7,9,12,45,12,4,6,7,9,12,35,10,4,6,7,8,10,25,8,4,7,8,8,8,15,5,5,5,5,5,5
2021348,2021-12-28,68,68,16,4,7,8,10,10,58,14,4,7,8,10,10,48,11,4,7,8,10,10,38,10,4,7,8,10,10,28,8,4,7,8,8,8,18,7,6,7,7,7,7
2021349,2021-12-29,64,64,18,1,3,6,7,10,54,13,1,3,6,7,10,44,10,1,3,6,7,10,34,9,1,3,6,7,9,24,6,1,3,6,6,6,14,2,2,2,2,2,2
2021350,2021-12-30,71,71,14,2,3,3,3,8,61,12,2,3,3,3,8,51,11,2,3,3,3,8,41,8,2,3,3,3,8,31,3,2,3,3,3,3,21,2,2,2,2,2,2
2021351,2021-12-31,70,70,16,2,4,4,5,11,60,15,2,4,4,5,11,50,13,2,4,4,5,11,40,10,2,4,4,5,10,30,7,2,4,4,7,7,20,2,2,2,2,2,2
2022001,2022-01-01,69,69,18,2,3,6,8,9,59,14,2,3,6,8,9,49,10,2,3,6,8,9,39,9,2,3,6,8,9,29,6,2,3,6,6,6,19,5,2,5,5,5,5
2022002,2022-01-02,68,68,16,3,3,4,5,8,58,13,3,3,4,5,8,48,10,3,3,4,5,8,38,6,3,3,4,5,6,28,5,3,3,4,5,5,18,4,3,4,4,4,4
2022003,2022-01-03,69,69,18,6,7,8,12,14,59,16,6,7,8,12,14,49,16,6,7,8,12,14,39,14,6,7,8,12,14,29,10,6,7,8,10,10,19,5,4,5,5,5,5
2022004,2022-01-04,65,65,18,5,6,8,8,11,55,16,5,6,8,8,11,45,13,5,6,8,8,11,35,11,5,6,8,8,11,25,6,5,6,6,6,6,15,4,4,4,4,4,4
2022005,2022-01-05,67,67,15,2,3,5,6,8,57,10,2,3,5,6,8,47,8,2,3,5,6,8,37,7,2,3,5,6,7,27,6,2,3,6,6,6,17,4,4,4,4,4,4
2022006,2022-01-06,69,69,18,4,6,7,9,12,59,16,4,6,7,9,12,49,13,4,6,7,9,12,39,11,4,6,7,9,11,29,8,4,6,6,8,8,19,4,4,4,4,4,4
2022007,2022-01-07,67,67,17,5,6,7,8,11,57,14,5,6,7,8,11,47,12,5,6,7,8,11,37,10,5,6,7,8,10,27,9,5,6,8,9,9,17,5,5,5,5,5,5
2022008,2022-01-08,69,69,15,3,5,6,7,10,59,15,3,5,6,7,10,49,14,3,5,6,7,10,39,8,3,5,6,7,8,29,6,3,5,6,6,6,19,5,4,5,5,5,5
2022009,2022-01-09,65,65,13,2,3,3,6,6,55,10,2,3,3,6,6,45,7,2,3,3,6,6,35,6,2,3,3,6,6,25,5,2,2,5,5,5,15,2,2,2,2,2,2
2022010,2022-01-10,67,67,15,4,4,5,6,9,57,12,4,4,5,6,9,47,12,4,4,5,6,9,37,9,4,4,5,6,9,27,7,4,4,6,7,7,17,4,3,4,4,4,4
2022011,2022-01-11,66,66,14,7,7,8,8,9,56,12,7,7,8,8,9,46,9,7,7,8,8,9,36,9,7,7,8,8,9,26,7,7,7,7,7,7,16,5,5,5,5,5,5
2022012,2022-01-12,63,63,17,5,8,10,11,13,53,16,5,8,10,11,13,43,14,5,8,10,11,13,33,12,5,8,10,11,12,23,9,5,8,9,9,9,13,3,3,3,3,3,3
2022013,2022-01-13,67,67,16,3,4,6,7,11,57,14,3,4,6,7,11,47,13,3,4,6,7,11,37,10,3,4,6,7,10,27,7,3,4,5,7,7,17,5,4,5,5,5,5
2022014,2022-01-14,67,67,18,6,6,7,9,12,57,15,6,6,7,9,12,47,13,6,6,7,9,12,37,11,6,6,7,9,11,27,8,6,6,7,8,8,17,5,5,5,5,5,5
2022015,2022-01-15,67,67,16,5,5,6,8,11,57,14,5,5,6,8,11,47,11,5,5,6,8,11,37,10,5,5,6,8,10,27,8,5,5,7,8,8,17,3,3,3,3,3,3
2022016,2022-01-16,68,68,19,6,7,9,9,11,58,14,6,7,9,9,11,48,12,6,7,9,9,11,38,11,6,7,9,9,11,28,8,6,7,7,8,8,18,4,4,4,4,4,4
2022017,2022-01-17,67,67,17,4,5,6,8,12,57,15,4,5,6,8,12,47,14,4,5,6,8,12,37,11,4,5,6,8,11,27,8,4,5,6,8,8,17,5,4,5,5,5,5
2022018,2022-01-18,67,67,13,1,4,4,5,6,57,12,1,4,4,5,6,47,7,1,4,4,5,6,37,6,1,4,4,5,6,27,4,1,4,4,4,4,17,4,4,4,4,4,4
2022019,2022-01-19,66,66,19,6,6,8,10,12,56,17,6,6,8,10,12,46,14,6,6,8,10,12,36,12,6,6,8,10,12,26,9,6,6,8,9,9,16,5,5,5,5,5,5
2022020,2022-01-20,67,67,18,4,6,9,10,12,57,15,4,6,9,10,12,47,12,4,6,9,10,12,37,12,4,6,9,10,12,27,11,4,6,10,11,11,17,6,4,6,6,6,6
2022021,2022-01-21,66,66,17,4,6,6,8,10,56,13,4,6,6,8,10,46,12,4,6,6,8,10,36,10,4,6,6,8,10,26,8,4,6,7,8,8,16,3,3,3,3,3,3
2022022,2022-01-22,67,67,15,3,3,5,6,6,57,12,3,3,5,6,6,47,9,3,3,5,6,6,37,6,3,3,5,6,6,27,4,3,3,4,4,4,17,4,4,4,4,4,4
2022023,2022-01-23,69,69,16,4,6,6,7,8,59,14,4,6,6,7,8,49,9,4,6,6,7,8,39,7,4,6,6,7,7,29,6,4,6,6,6,6,19,5,3,5,5,5,5
2022024,2022-01-24,65,65,14,3,4,6,8,8,55,11,3,4,6,8,8,45,11,3,4,6,8,8,35,8,3,4,6,7,8,25,5,3,4,5,5,5,15,4,4,4,4,4,4
2022025,2022-01-25,68,68,15,3,3,4,6,6,58,12,3,3,4,6,6,48,9,3,3,4,6,6,38,6,3,3,4,6,6,28,4,3,3,4,4,4,18,2,2,2,2,2,2
2022026,2022-01-26,69,69,15,3,5,6,7,9,59,12,3,5,6,7,9,49,11,3,5,6,7,9,39,10,3,5,6,7,10,29,9,3,5,7,9,9,19,4,2,4,4,4,4
2022027,2022-01-27,65,65,14,4,4,4,5,8,55,11,4,4,4,5,8,45,8,4,4,4,5,8,35,8,4,4,4,6,8,25,5,4,4,5,5,5,15,3,3,3,3,3,3
2022028,2022-01-28,67,67,13,0,2,2,4,7,57,13,0,2,2,4,7,47,8,0,2,2,4,7,37,6,0,2,2,4,6,27,5,0,2,4,5,5,17,2,1,2,2,2,2
2022029,2022-02-08,68,68,15,4,5,7,9,9,58,14,4,5,7,9,9,48,12,4,5,7,9,9,38,9,4,5,7,9,9,28,8,4,5,8,8,8,18,6,5,6,6,6,6
2022030,2022-02-09,65,65,16,4,4,7,7,9,55,11,4,4,7,7,9,45,10,4,4,7,7,9,35,7,4,4,7,7,7,25,7,4,6,7,7,7,15,3,3,3,3,3,3
2022031,2022-02-10,66,66,16,3,4,7,7,7,56,14,3,4,7,7,7,46,10,3,4,7,7,7,36,7,3,4,7,7,7,26,4,3,4,4,4,4,16,3,3,3,3,3,3
2022032,2022-02-11,70,70,18,1,2,2,3,5,60,12,1,2,2,3,5,50,7,1,2,2,3,5,40,4,1,2,2,3,4,30,3,1,2,2,3,3,20,2,1,2,2,2,2
2022033,2022-02-12,71,71,17,1,3,6,7,9,61,15,1,3,6,7,9,51,11,1,3,6,7,9,41,9,1,3,6,7,9,31,8,1,3,6,7,8,21,4,1,3,4,4,4
2022034,2022-02-13,68,68,17,2,3,4,5,9,58,14,2,3,4,5,9,48,12,2,3,4,5,9,38,9,2,3,4,5,9,28,5,2,3,4,5,5,18,3,2,3,3,3,3
2022035,2022-02-14,71,71,17,3,3,5,8,9,61,15,3,3,5,8,9,51,13,3,3,5,8,9,41,9,3,3,5,8,9,31,7,3,3,5,7,7,21,7,4,6,7,7,7
2022036,2022-02-15,68,68,19,3,4,6,7,12,58,15,3,4,6,7,12,48,13,3,4,6,7,12,38,9,3,4,6,7,9,28,7,3,4,6,7,7,18,4,3,4,4,4,4
2022037,2022-02-16,70,70,17,3,4,7,9,11,60,15,3,4,7,9,11,50,14,3,4,7,9,11,40,11,3,4,7,9,11,30,7,3,4,7,7,7,20,6,4,6,6,6,6
2022038,2022-02-17,68,68,19,2,4,5,5,10,58,18,2,4,5,5,10,48,13,2,4,5,5,10,38,8,2,4,5,5,8,28,8,2,4,6,8,8,18,5,4,5,5,5,5
2022039,2022-02-18,69,69,15,2,4,5,6,7,59,14,2,4,5,6,7,49,10,2,4,5,6,7,39,6,2,4,5,6,6,29,5,2,4,5,5,5,19,3,3,3,3,3,3
2022040,2022-02-19,68,68,19,3,5,6,8,12,58,14,3,5,6,8,12,48,14,3,5,6,8,12,38,11,3,5,6,8,11,28,8,3,5,7,8,8,18,4,3,4,4,4,4
2022041,2022-02-20,69,69,17,5,5,6,6,7,59,12,5,5,6,6,7,49,10,5,5,6,6,7,39,8,5,5,6,6,8,29,7,5,5,6,7,7,19,6,6,6,6,6,6
2022042,2022-02-21,69,69,16,4,6,7,8,9,59,14,4,6,7,8,9,49,13,4,6,7,8,9,39,9,4,6,7,8,9,29,8,4,6,8,8,8,19,6,3,6,6,6,6
2022043,2022-02-22,64,64,16,5,6,8,9,12,54,14,5,6,8,9,12,44,12,5,6,8,9,12,34,11,5,6,8,9,11,24,7,5,6,7,7,7,14,4,4,4,4,4,4
2022044,2022-02-23,68,68,18,5,5,5,6,10,58,16,5,5,5,6,10,48,13,5,5,5,6,10,38,9,5,5,5,6,9,28,6,5,5,6,6,6,18,5,5,5,5,5,5
2022045,2022-02-24,68,68,18,4,4,6,8,10,58,14,4,4,6,8,10,48,12,4,4,6,8,10,38,9,4,4,6,8,9,28,6,4,4,6,6,6,18,4,3,4,4,4,4
2022046,2022-02-25,66,66,15,3,4,4,4,8,56,14,3,4,4,4,8,46,11,3,4,4,4,8,36,7,3,4,4,4,7,26,4,3,4,4,4,4,16,3,3,3,3,3,3
2022047,2022-02-26,69,69,18,4,6,9,11,13,59,16,4,6,9,11,13,49,15,4,6,9,11,13,39,13,4,6,9,11,13,29,10,4,6,10,10,10,19,8,6,8,8,8,8
2022048,2022-02-27,64,64,18,3,5,7,8,11,54,16,3,5,7,8,11,44,11,3,5,7,8,11,34,10,3,5,7,9,10,24,7,3,5,7,7,7,14,5,5,5,5,5,5
2022049,2022-02-28,69,69,16,5,6,6,7,9,59,13,5,6,6,7,9,49,10,5,6,6,7,9,39,8,5,6,6,7,8,29,7,5,6,6,7,7,19,5,5,5,5,5,5
2022050,2022-03-01,66,66,16,6,7,9,10,13,56,16,6,7,9,10,13,46,13,6,7,9,10,13,36,11,6,7,9,10,11,26,9,6,7,8,9,9,16,6,6,6,6,6,6
2022051,2022-03-02,64,64,13,3,4,5,7,7,54,12,3,4,5,7,7,44,9,3,4,5,7,7,34,7,3,4,5,7,7,24,6,3,5,6,6,6,14,2,2,2,2,2,2
2022052,2022-03-03,64,64,15,1,4,7,9,10,54,14,1,4,7,9,10,44,11,1,4,7,9,10,34,9,1,4,7,9,9,24,7,1,4,7,7,7,14,3,3,3,3,3,3
2022053,2022-03-04,67,67,18,6,7,8,8,10,57,14,6,7,8,8,10,47,11,6,7,8,8,10,37,10,6,7,8,8,10,27,9,6,7,8,9,9,17,6,6,6,6,6,6
2022054,2022-03-05,67,67,16,5,6,6,6,13,57,15,5,6,6,6,13,47,14,5,6,6,6,13,37,10,5,6,6,6,10,27,8,5,6,6,8,8,17,3,3,3,3,3,3
2022055,2022-03-06,67,67,17,3,5,7,8,10,57,15,3,5,7,8,10,47,11,3,5,7,8,10,37,10,3,5,7,8,10,27,6,3,5,6,6,6,17,5,4,5,5,5,5
2022056,2022-03-07,69,69,18,2,3,5,6,8,59,16,2,3,5,6,8,49,13,2,3,5,6,8,39,10,2,3,5,6,10,29,5,2,3,5,5,5,19,3,2,3,3,3,3
2022057,2022-03-08,70,70,18,3,4,5,8,9,60,15,3,4,5,8,9,50,11,3,4,5,8,9,40,9,3,4,5,8,9,30,6,3,4,5,6,6,20,5,3,5,5,5,5
2022058,2022-03-09,71,71,18,3,3,4,6,6,61,13,3,3,4,6,6,51,9,3,3,4,6,6,41,6,3,3,4,6,6,31,4,3,3,4,4,4,21,3,2,3,3,3,3
2022059,2022-03-10,69,69,16,4,5,6,7,10,59,13,4,5,6,7,10,49,13,4,5,6,7,11,39,10,4,5,6,7,10,29,7,4,5,6,7,7,19,5,4,5,5,5,5
2022060,2022-03-11,67,67,16,2,2,5,7,11,57,13,2,2,5,7,11,47,13,2,2,5,7,11,37,9,2,2,5,7,9,27,4,2,2,4,4,4,17,2,1,2,2,2,2
2022061,2022-03-12,69,69,16,5,7,7,9,9,59,14,5,7,7,9,9,49,12,5,7,7,9,9,39,10,5,7,7,9,10,29,7,5,7,7,7,7,19,5,5,5,5,5,5
2022062,2022-03-13,67,67,16,3,3,4,6,10,57,14,3,3,4,6,10,47,12,3,3,4,6,10,37,9,3,3,4,6,9,27,6,3,3,5,6,6,17,3,3,3,3,3,3
2022063,2022-03-14,68,68,17,9,9,10,12,14,58,16,9,9,10,12,14,48,14,9,9,10,12,14,38,13,9,9,10,12,13,28,11,9,9,11,11,11,18,9,8,9,9,9,9
2022064,2022-03-15,63,63,16,2,3,5,5,7,53,12,2,3,5,5,7,43,8,2,3,5,5,7,33,5,2,3,5,5,5,23,5,2,4,5,5,5,13,2,2,2,2,2,2
2022065,2022-03-16,68,68,18,1,3,6,8,12,58,17,1,3,6,8,12,48,13,1,3,6,8,12,38,10,1,3,6,8,10,28,5,1,3,4,5,5,18,2,1,2,2,2,2
2022066,2022-03-17,69,69,17,3,3,3,3,7,59,13,3,3,3,3,7,49,11,3,3,3,3,7,39,6,3,3,3,3,6,29,3,3,3,3,3,3,19,3,3,3,3,3,3
2022067,2022-03-18,73,73,18,4,6,7,9,10,63,16,4,6,7,9,10,53,13,4,6,7,9,10,43,12,4,6,7,10,11,33,11,4,6,7,10,11,23,6,4,4,6,6,6
2022068,2022-03-19,65,65,14,2,4,5,5,9,55,12,2,4,5,5,9,45,9,2,4,5,5,9,35,6,2,4,5,5,6,25,5,2,4,5,5,5,15,5,5,5,5,5,5
2022069,2022-03-20,67,67,17,4,5,6,7,10,57,13,4,5,6,7,10,47,12,4,5,6,7,10,37,9,4,5,6,7,9,27,6,4,5,6,6,6,17,5,5,5,5,5,5
2022070,2022-03-21,66,66,19,5,6,8,10,13,56,16,5,6,8,10,13,46,14,5,6,8,10,13,36,13,5,6,8,10,13,26,9,5,6,8,9,9,16,4,4,4,4,4,4
2022071,2022-03-22,67,67,15,6,6,9,11,11,57,13,6,6,9,11,11,47,13,6,6,9,11,11,37,11,6,6,9,11,11,27,8,6,6,8,8,8,17,8,7,8,8,8,8
2022072,2022-03-23,64,64,13,4,5,6,6,7,54,10,4,5,6,6,7,44,8,4,5,6,6,7,34,6,4,5,6,6,6,24,6,4,6,6,6,6,14,4,4,4,4,4,4
2022073,2022-03-24,64,64,17,5,7,9,9,13,54,17,5,7,9,9,13,44,14,5,7,9,9,13,34,10,5,7,9,9,10,24,8,5,7,8,8,8,14,5,5,5,5,5,5
2022074,2022-03-25,67,67,18,2,6,6,7,10,57,16,2,6,6,7,10,47,13,2,6,6,7,10,37,9,2,6,6,7,9,27,7,2,6,7,7,7,17,6,5,6,6,6,6
2022075,2022-03-26,67,67,16,5,6,6,7,10,57,13,5,6,6,7,10,47,11,5,6,6,7,10,37,9,5,6,6,7,9,27,7,5,6,6,7,7,17,4,4,4,4,4,4
2022076,2022-03-27,67,67,16,4,6,6,9,11,57,14,4,6,6,9,11,47,12,4,6,6,9,11,37,10,4,6,6,9,10,27,9,4,6,8,9,9,17,3,2,3,3,3,3
2022077,2022-03-28,67,67,16,3,5,8,9,9,57,15,3,5,8,9,9,47,11,3,5,8,9,9,37,9,3,5,8,9,9,27,6,3,5,6,6,6,17,6,5,6,6,6,6
2022078,2022-03-29,66,66,15,5,5,7,8,9,56,14,5,5,7,8,9,46,12,5,5,7,8,9,36,9,5,5,7,8,9,26,5,5,5,5,5,5,16,3,3,3,3,3,3
2022079,2022-03-30,68,68,15,5,5,6,8,10,58,14,5,5,6,8,10,48,14,5,5,6,8,10,38,9,5,5,6,8,9,28,7,5,5,7,7,7,18,5,5,5,5,5,5
2022080,2022-03-31,67,67,17,5,5,5,7,10,57,14,5,5,5,7,10,47,12,5,5,5,7,10,37,9,5,5,5,7,9,27,7,5,5,7,7,7,17,5,5,5,5,5,5
2022081,2022-04-01,66,66,19,5,5,8,8,12,56,15,5,5,8,8,12,46,13,5,5,8,8,12,36,10,5,5,8,8,10,26,7,5,5,7,7,7,16,5,5,5,5,5,5
2022082,2022-04-02,68,68,17,3,3,4,7,9,58,14,3,3,4,7,9,48,12,3,3,4,7,9,38,10,3,3,4,7,10,28,6,3,3,4,6,6,18,2,2,2,2,2,2
2022083,2022-04-03,71,71,17,3,5,5,6,10,61,12,3,5,5,6,10,51,12,3,5,5,6,10,41,10,3,5,5,6,10,31,7,3,5,5,6,7,21,3,3,3,3,3,3
2022084,2022-04-04,68,68,18,3,3,5,5,9,58,13,3,3,5,5,9,48,11,3,3,5,5,9,38,6,3,3,5,5,6,28,6,3,3,5,6,6,18,4,3,4,4,4,4
2022085,2022-04-05,69,69,14,2,2,4,5,8,59,10,2,2,4,5,8,49,9,2,2,4,5,8,39,8,2,2,4,5,8,29,7,2,2,4,7,7,19,5,2,5,5,5,5
2022086,2022-04-06,67,67,16,4,6,8,9,11,57,13,4,6,8,9,11,47,13,4,6,8,9,11,37,13,4,6,8,9,13,27,8,4,6,7,8,8,17,3,2,3,3,3,3
2022087,2022-04-07,66,66,17,2,3,5,6,9,56,14,2,3,5,6,9,46,11,2,3,5,6,9,36,7,2,3,5,6,7,26,4,2,3,4,4,4,16,2,2,2,2,2,2
2022088,2022-04-08,69,69,18,3,5,5,6,10,59,15,3,5,5,6,10,49,13,3,5,5,6,10,39,9,3,5,5,6,9,29,6,3,5,5,6,6,19,4,3,4,4,4,4
2022089,2022-04-09,71,71,17,4,6,7,8,9,61,14,4,6,7,8,9,51,13,4,6,7,8,9,41,9,4,6,7,8,9,31,9,4,6,7,9,9,21,7,5,6,7,7,7
2022090,2022-04-10,66,66,12,3,3,4,4,7,56,9,3,3,4,4,7,46,7,3,3,4,4,7,36,4,3,3,4,4,4,26,4,3,3,4,4,4,16,1,1,1,1,1,1
2022091,2022-04-11,66,66,15,4,4,6,7,9,56,11,4,4,6,7,9,46,10,4,4,6,7,10,36,8,4,4,6,7,8,26,6,4,5,6,6,6,16,4,4,4,4,4,4
2022092,2022-04-12,67,67,16,4,5,5,7,8,57,14,4,5,5,7,8,47,10,4,5,5,7,8,37,8,4,5,5,7,8,27,7,4,5,6,7,7,17,4,4,4,4,4,4
2022093,2022-04-13,67,67,19,2,5,6,7,11,57,15,2,5,6,7,11,47,12,2,5,6,7,11,37,9,2,5,6,7,9,27,7,2,5,6,7,7,17,4,3,4,4,4,4
2022094,2022-04-14,68,68,16,2,3,6,7,8,58,13,2,3,6,7,8,48,11,2,3,6,7,8,38,8,2,3,6,7,8,28,6,2,3,6,6,6,18,2,2,2,2,2,2
2022095,2022-04-15,70,70,19,4,5,6,7,11,60,17,4,5,6,7,11,50,15,4,5,6,7,11,40,10,4,5,6,7,10,30,6,4,5,6,6,6,20,4,4,4,4,4,4
2022096,2022-04-16,71,71,19,2,2,3,3,7,61,16,2,2,3,3,7,51,12,2,2,3,3,7,41,8,2,2,3,3,7,31,5,2,2,3,4,5,21,3,2,3,3,3,3
2022097,2022-04-17,73,73,19,3,5,6,7,9,63,16,3,5,6,7,9,53,15,3,5,6,7,9,43,11,3,5,6,7,9,33,8,3,5,6,7,8,23,6,3,5,6,6,6
2022098,2022-04-18,70,70,19,6,7,8,9,13,60,19,6,7,8,9,13,50,15,6,7,8,9,13,40,13,6,7,8,9,13,30,11,6,7,8,11,11,20,7,6,7,7,7,7
2022099,2022-04-19,67,67,19,6,8,10,10,12,57,17,6,8,10,10,12,47,15,6,8,10,10,12,37,10,6,8,10,10,10,27,9,6,8,9,9,9,17,8,7,8,8,8,8
2022100,2022-04-20,64,64,15,6,6,8,9,13,54,14,6,6,8,9,13,44,12,6,6,8,9,12,34,10,6,6,8,9,10,24,7,6,6,7,7,7,14,3,3,3,3,3,3
2022101,2022-04-21,64,64,16,3,4,6,7,8,54,13,3,4,6,7,8,44,10,3,4,6,7,8,34,8,3,4,6,7,8,24,5,3,4,5,5,5,14,3,3,3,3,3,3
2022102,2022-04-22,69,69,15,5,6,7,7,9,59,10,5,6,7,7,9,49,9,5,6,7,7,9,39,9,5,6,7,7,9,29,9,5,6,7,9,9,19,7,6,7,7,7,7
2022103,2022-04-23,64,64,14,3,5,5,7,9,54,12,3,5,5,7,9,44,9,3,5,5,7,9,34,6,3,5,5,6,6,24,5,3,4,5,5,5,14,3,3,3,3,3,3
2022104,2022-04-24,65,65,16,7,8,8,10,11,55,13,7,8,8,10,11,45,11,7,8,8,10,11,35,9,7,8,8,9,9,25,8,7,8,8,8,8,15,6,6,6,6,6,6
2022105,2022-04-25,64,64,18,5,5,6,8,11,54,15,5,5,6,8,11,44,13,5,5,6,8,11,34,9,5,5,6,8,9,24,6,5,5,6,6,6,14,4,4,4,4,4,4
2022106,2022-04-26,65,65,19,4,7,8,9,12,55,17,4,7,8,9,12,45,14,4,7,8,9,12,35,12,4,7,8,9,12,25,8,4,7,8,8,8,15,5,5,5,5,5,5
2022107,2022-04-27,68,68,17,5,6,7,9,11,58,14,5,6,7,9,11,48,12,5,6,7,9,11,38,11,5,6,7,9,11,28,7,5,6,7,7,7,18,6,5,6,6,6,6
2022108,2022-04-28,68,68,18,4,7,8,9,13,58,14,4,7,8,9,13,48,14,4,7,8,9,13,38,10,4,7,8,9,10,28,8,4,7,7,8,8,18,6,6,6,6,6,6
2022109,2022-04-29,66,66,17,3,6,7,7,10,56,14,3,6,7,7,10,46,11,3,6,7,7,10,36,9,3,6,7,7,9,26,7,3,6,6,7,7,16,5,5,5,5,5,5
2022110,2022-04-30,67,67,16,3,5,6,8,9,57,14,3,5,6,8,9,47,10,3,5,6,8,9,37,9,3,5,6,8,9,27,6,3,5,6,6,6,17,3,3,3,3,3,3
2022111,2022-05-01,68,68,18,3,4,5,7,10,58,15,3,4,5,7,10,48,12,3,4,5,7,10,38,9,3,4,5,7,9,28,6,3,4,6,6,6,18,5,5,5,5,5,5
2022112,2022-05-02,69,69,19,5,7,9,9,12,59,17,5,7,9,9,12,49,14,5,7,9,9,12,39,13,5,7,9,9,13,29,11,5,7,9,11,11,19,8,6,8,8,8,8
2022113,2022-05-03,66,66,16,3,3,5,7,11,56,13,3,3,5,7,11,46,11,3,3,5,7,11,36,8,3,3,5,7,8,26,5,3,3,4,5,5,16,2,2,2,2,2,2
2022114,2022-05-04,68,68,15,2,3,3,4,6,58,11,2,3,3,4,6,48,7,2,3,3,4,6,38,7,2,3,3,4,7,28,5,2,3,4,5,5,18,1,1,1,1,1,1
2022115,2022-05-05,69,69,18,5,6,7,8,12,59,16,5,6,7,8,12,49,12,5,6,7,8,12,39,10,5,6,7,8,10,29,8,5,6,7,8,8,19,4,3,4,4,4,4
2022116,2022-05-06,69,69,18,4,7,9,10,14,59,17,4,7,9,10,14,49,16,4,7,9,10,14,39,13,4,7,9,10,13,29,12,4,7,10,12,12,19,8,6,8,8,8,8
2022117,2022-05-07,64,64,17,4,5,9,10,12,54,15,4,5,9,10,12,44,13,4,5,9,10,12,34,11,4,5,9,10,11,24,6,4,5,6,6,6,14,5,5,5,5,5,5
2022118,2022-05-08,69,69,17,5,6,9,9,11,59,17,5,6,9,9,11,49,14,5,6,9,9,11,39,11,5,6,9,9,11,29,8,5,6,8,8,8,19,6,4,6,6,6,6
2022119,2022-05-09,66,66,18,5,5,7,8,11,56,16,5,5,7,8,11,46,14,5,5,7,8,11,36,9,5,5,7,8,9,26,5,5,5,5,5,5,16,4,4,4,4,4,4
2022120,2022-05-10,68,68,18,1,3,5,6,7,58,14,1,3,5,6,7,48,10,1,3,5,6,7,38,8,1,3,5,6,8,28,5,1,3,4,5,5,18,4,3,4,4,4,4
2022121,2022-05-11,70,70,19,4,6,8,12,14,60,17,4,6,8,12,14,50,15,4,6,8,12,14,40,14,4,6,8,12,14,30,11,4,6,8,11,11,20,7,5,7,7,7,7
2022122,2022-05-12,67,67,17,4,7,7,8,13,57,15,4,7,7,8,13,47,15,4,7,7,8,13,37,11,4,7,7,8,11,27,8,4,7,8,8,8,17,6,6,6,6,6,6
2022123,2022-05-13,65,65,17,4,7,8,8,11,55,15,4,7,8,8,11,45,11,4,7,8,8,11,35,10,4,7,8,8,10,25,7,4,7,7,7,7,15,6,6,6,6,6,6
2022124,2022-05-14,66,66,19,4,7,8,8,12,56,18,4,7,8,8,12,46,13,4,7,8,8,12,36,9,4,7,8,8,9,26,7,4,7,7,7,7,16,7,7,7,7,7,7
2022125,2022-05-15,67,67,19,4,4,6,7,11,57,16,4,4,6,7,11,47,13,4,4,6,7,11,37,10,4,4,6,7,10,27,7,4,4,6,7,7,17,4,3,4,4,4,4
2022126,2022-05-16,70,70,18,3,4,5,6,11,60,18,3,4,5,6,11,50,16,3,4,5,6,11,40,11,3,4,5,6,11,30,7,3,4,5,7,7,20,3,2,3,3,3,3
2022127,2022-05-17,71,71,16,3,4,5,5,6,61,15,3,4,5,5,6,51,10,3,4,5,5,6,41,7,3,4,5,5,6,31,5,3,4,5,5,5,21,4,3,4,4,4,4
2022128,2022-05-18,70,70,18,6,6,7,8,10,60,14,6,6,7,8,10,50,12,6,6,7,8,10,40,9,6,6,7,8,9,30,6,6,6,6,6,6,20,4,4,4,4,4,4
2022129,2022-05-19,67,67,16,6,8,9,12,13,57,15,6,8,9,12,13,47,13,6,8,9,12,13,37,13,6,8,9,12,13,27,11,6,8,10,11,11,17,6,4,6,6,6,6
2022130,2022-05-20,62,62,19,6,8,9,11,15,52,16,6,8,9,11,15,42,15,6,8,9,11,15,32,12,6,8,9,11,12,22,8,6,8,8,8,8,12,4,4,4,4,4,4
2022131,2022-05-21,67,67,19,6,7,7,8,11,57,17,6,7,7,8,11,47,15,6,7,7,8,11,37,11,6,7,7,8,11,27,8,6,7,7,8,8,17,5,5,5,5,5,5
2022132,2022-05-22,70,70,17,5,5,5,5,8,60,13,5,5,5,5,8,50,11,5,5,5,5,8,40,8,5,5,5,5,8,30,7,5,5,5,7,7,20,5,5,5,5,5,5
2022133,2022-05-23,69,69,18,4,5,6,9,11,59,15,4,5,6,9,11,49,13,4,5,6,9,11,39,10,4,5,6,9,10,29,9,4,5,8,9,9,19,6,5,6,6,6,6
2022134,2022-05-24,65,65,16,2,3,4,5,8,55,13,2,3,4,5,8,45,10,2,3,4,5,8,35,7,2,3,4,5,7,25,4,2,3,4,4,4,15,3,3,3,3,3,3
2022135,2022-05-25,69,69,18,5,6,7,7,9,59,14,5,6,7,7,9,49,10,5,6,7,7,9,39,8,5,6,7,7,8,29,7,5,6,7,7,7,19,5,4,5,5,5,5
2022136,2022-05-26,67,67,16,4,4,6,9,11,57,14,4,4,6,9,11,47,14,4,4,6,9,11,37,12,4,4,6,9,12,27,7,4,4,7,7,7,17,4,2,4,4,4,4
2022137,2022-05-27,66,66,16,3,3,5,7,9,56,15,3,3,5,7,9,46,13,3,3,5,7,10,36,8,3,3,5,7,8,26,6,3,3,5,6,6,16,3,2,3,3,3,3
2022138,2022-05-28,70,70,17,4,5,6,9,12,60,16,4,5,6,9,12,50,14,4,5,6,9,12,40,11,4,5,6,9,11,30,6,4,5,6,6,6,20,5,4,5,5,5,5
2022139,2022-05-29,67,67,15,3,6,7,7,8,57,13,3,6,7,7,8,47,11,3,6,7,7,8,37,8,3,6,7,7,8,27,7,3,6,7,7,7,17,5,5,5,5,5,5
2022140,2022-05-30,65,65,17,3,5,6,7,10,55,13,3,5,6,7,10,45,11,3,5,6,7,10,35,8,3,5,6,6,8,25,5,3,5,5,5,5,15,4,4,4,4,4,4
2022141,2022-05-31,67,67,18,4,5,7,10,10,57,13,4,5,7,10,10,47,11,4,5,7,10,10,37,10,4,5,7,10,10,27,7,4,5,7,7,7,17,5,4,5,5,5,5
2022142,2022-06-01,68,68,18,3,5,7,7,10,58,16,3,5,7,7,10,48,13,3,5,7,7,10,38,10,3,5,7,7,10,28,8,3,5,7,8,8,18,4,3,4,4,4,4
2022143,2022-06-02,67,67,16,3,4,6,6,10,57,13,3,4,6,6,10,47,10,3,4,6,6,10,37,8,3,4,6,6,8,27,7,3,4,6,7,7,17,5,5,5,5,5,5
2022144,2022-06-03,69,69,16,2,3,5,7,10,59,14,2,3,5,7,10,49,12,2,3,5,7,10,39,11,2,3,5,7,11,29,6,2,3,4,6,6,19,2,2,2,2,2,2
2022145,2022-06-04,70,70,18,4,4,5,7,10,60,15,4,4,5,7,10,50,11,4,4,5,7,10,40,9,4,4,5,7,9,30,7,4,4,5,7,7,20,5,4,5,5,5,5
2022146,2022-06-05,68,68,16,5,7,7,10,11,58,16,5,7,7,10,11,48,13,5,7,7,10,11,38,11,5,7,7,10,11,28,8,5,7,7,8,8,18,4,4,4,4,4,4
2022147,2022-06-06,66,66,16,1,2,2,4,7,56,12,1,2,2,4,7,46,9,1,2,2,4,7,36,6,1,2,2,4,6,26,4,1,2,4,4,4,16,2,2,2,2,2,2
2022148,2022-06-07,69,69,18,6,6,7,7,9,59,17,6,6,7,7,9,49,14,6,6,7,7,9,39,9,6,6,7,7,9,29,8,6,6,7,8,8,19,7,6,7,7,7,7
2022149,2022-06-08,67,67,14,5,5,7,8,9,57,11,5,5,7,8,9,47,10,5,5,7,8,9,37,9,5,5,7,8,9,27,6,5,5,6,6,6,17,3,3,3,3,3,3
2022150,2022-06-09,64,64,17,3,4,5,6,9,54,13,3,4,5,6,9,44,10,3,4,5,6,9,34,7,3,4,5,6,7,24,5,3,5,5,5,5,14,2,2,2,2,2,2
2022151,2022-06-10,67,67,19,6,8,9,10,12,57,17,6,8,9,10,12,47,15,6,8,9,10,12,37,11,6,8,9,10,11,27,9,6,8,9,9,9,17,6,6,6,6,6,6
2022152,2022-06-11,69,69,17,3,4,6,10,11,59,15,3,4,6,10,11,49,13,3,4,6,10,11,39,11,3,4,6,10,11,29,6,3,4,5,6,6,19,5,4,5,5,5,5
2022153,2022-06-12,68,68,14,1,3,3,5,10,58,12,1,3,3,5,10,48,11,1,3,3,5,10,38,8,1,3,3,5,8,28,6,1,3,4,6,6,18,3,2,3,3,3,3
2022154,2022-06-13,69,69,16,3,4,4,5,8,59,12,3,4,4,5,8,49,11,3,4,4,5,8,39,7,3,4,4,5,7,29,6,3,4,4,6,6,19,3,2,3,3,3,3
2022155,2022-06-14,69,69,17,4,5,5,7,10,59,14,4,5,5,7,10,49,12,4,5,5,7,10,39,10,4,5,5,7,10,29,7,4,5,5,7,7,19,4,4,4,4,4,4
2022156,2022-06-15,68,68,18,5,5,7,8,11,58,14,5,5,7,8,11,48,12,5,5,7,8,11,38,11,5,5,7,8,11,28,8,5,5,7,8,8,18,5,5,5,5,5,5
2022157,2022-06-16,67,67,17,4,8,10,10,13,57,14,4,8,10,10,13,47,14,4,8,10,10,13,37,12,4,8,10,10,12,27,9,4,8,8,9,9,17,7,5,7,7,7,7
2022158,2022-06-17,63,63,17,3,5,7,7,10,53,14,3,5,7,7,10,43,11,3,5,7,7,10,33,8,3,5,7,7,8,23,5,3,4,5,5,5,13,3,3,3,3,3,3
2022159,2022-06-18,70,70,17,5,5,7,8,9,60,15,5,5,7,8,9,50,12,5,5,7,8,9,40,9,5,5,7,8,9,30,7,5,5,7,7,7,20,6,4,6,6,6,6
2022160,2022-06-19,67,67,18,2,3,3,6,8,57,13,2,3,3,6,8,47,9,2,3,3,6,8,37,7,2,3,3,6,7,27,6,2,3,6,6,6,17,1,0,1,1,1,1
2022161,2022-06-20,69,69,16,4,6,7,8,11,59,13,4,6,7,8,11,49,12,4,6,7,8,11,39,10,4,6,7,8,10,29,8,4,6,7,8,8,19,5,4,5,5,5,5
2022162,2022-06-21,68,68,18,3,6,6,7,10,58,15,3,6,6,7,10,48,12,3,6,6,7,10,38,11,3,6,6,7,11,28,9,3,6,8,9,9,18,5,4,5,5,5,5
2022163,2022-06-22,67,67,15,4,5,6,9,12,57,12,4,5,6,9,12,47,12,4,5,6,9,12,37,9,4,5,6,9,9,27,5,4,5,5,5,5,17,2,2,2,2,2,2
2022164,2022-06-23,67,67,17,2,3,5,5,10,57,14,2,3,5,5,10,47,12,2,3,5,5,10,37,8,2,3,5,5,8,27,5,2,3,5,5,5,17,3,3,3,3,3,3
2022165,2022-06-24,70,70,18,4,5,7,9,11,60,17,4,5,7,9,11,50,15,4,5,7,9,11,40,11,4,5,7,9,11,30,9,4,5,7,9,9,20,7,3,7,7,7,7
2022166,2022-06-25,66,66,16,4,5,7,9,11,56,14,4,5,7,9,11,46,12,4,5,7,9,11,36,9,4,5,7,9,9,26,6,4,5,6,6,6,16,2,2,2,2,2,2
2022167,2022-06-26,68,68,18,2,4,5,6,12,58,17,2,4,5,6,12,48,13,2,4,5,6,12,38,10,2,4,5,6,10,28,7,2,4,5,7,7,18,4,4,4,4,4,4
2022168,2022-06-27,70,70,19,7,8,10,10,13,60,18,7,8,10,10,13,50,16,7,8,10,10,13,40,13,7,8,10,10,13,30,11,7,8,10,11,11,20,7,6,7,7,7,7
2022169,2022-06-28,66,66,15,2,5,6,7,9,56,12,2,5,6,7,9,46,10,2,5,6,7,9,36,8,2,5,6,7,8,26,6,2,5,6,6,6,16,5,4,5,5,5,5
2022170,2022-06-29,66,66,13,4,5,7,8,8,56,11,4,5,7,8,8,46,11,4,5,7,8,8,36,8,4,5,7,8,8,26,7,4,5,7,7,7,16,3,3,3,3,3,3
2022171,2022-06-30,65,65,19,6,6,7,8,13,55,18,6,6,7,8,13,45,14,6,6,7,8,13,35,10,6,6,7,8,10,25,7,6,7,7,7,7,15,5,5,5,5,5,5
2022172,2022-07-01,68,68,17,5,6,8,11,12,58,14,5,6,8,11,12,48,12,5,6,8,11,12,38,12,5,6,8,11,12,28,9,5,6,8,9,9,18,6,4,6,6,6,6
2022173,2022-07-02,66,66,14,1,2,4,7,11,56,14,1,2,4,7,11,46,13,1,2,4,7,11,36,10,1,2,4,7,10,26,5,1,2,4,5,5,16,2,2,2,2,2,2
2022174,2022-07-03,68,68,18,4,5,6,6,8,58,14,4,5,6,6,8,48,12,4,5,6,6,8,38,8,4,5,6,6,8,28,6,4,5,5,6,6,18,5,5,5,5,5,5
2022175,2022-07-04,70,70,18,3,5,6,6,9,60,15,3,5,6,6,9,50,13,3,5,6,6,9,40,10,3,5,6,6,10,30,7,3,5,5,7,7,20,5,4,5,5,5,5
2022176,2022-07-05,68,68,19,6,8,9,9,12,58,15,6,8,9,9,12,48,13,6,8,9,9,12,38,12,6,8,9,9,12,28,10,6,8,10,10,10,18,7,6,7,7,7,7
2022177,2022-07-06,66,66,17,6,8,8,9,12,56,14,6,8,8,9,12,46,13,6,8,8,9,12,36,10,6,8,8,9,10,26,9,6,8,9,9,9,16,7,7,7,7,7,7
2022178,2022-07-07,63,63,16,1,2,3,4,7,53,13,1,2,3,4,7,43,7,1,2,3,4,7,33,5,1,2,3,5,5,23,2,1,2,2,2,2,13,1,1,1,1,1,1
2022179,2022-07-08,70,70,19,5,7,8,10,14,60,18,5,7,8,10,14,50,16,5,7,8,10,14,40,15,5,7,8,10,15,30,10,5,7,8,10,10,20,6,5,6,6,6,6
2022180,2022-07-09,67,67,19,5,6,7,9,12,57,17,5,6,7,9,12,47,14,5,6,7,9,12,37,11,5,6,7,9,11,27,9,5,6,7,9,9,17,4,4,4,4,4,4
2022181,2022-07-10,68,68,16,4,6,8,8,9,58,14,4,6,8,8,9,48,12,4,6,8,8,9,38,10,4,6,8,8,10,28,7,4,6,7,7,7,18,4,4,4,4,4,4
2022182,2022-07-11,65,65,17,6,6,8,9,10,55,15,6,6,8,9,10,45,10,6,6,8,9,10,35,9,6,6,8,9,9,25,8,6,7,8,8,8,15,4,4,4,4,4,4
2022183,2022-07-12,66,66,17,2,3,4,5,7,56,12,2,3,4,5,7,46,9,2,3,4,5,7,36,7,2,3,4,5,7,26,4,2,3,4,4,4,16,2,2,2,2,2,2
2022184,2022-07-13,69,69,17,6,6,7,8,10,59,15,6,6,7,8,10,49,11,6,6,7,8,10,39,10,6,6,7,8,10,29,8,6,6,7,8,8,19,6,5,6,6,6,6
2022185,2022-07-14,67,67,18,4,6,6,8,9,57,14,4,6,6,8,9,47,10,4,6,6,8,9,37,9,4,6,6,8,9,27,7,4,6,7,7,7,17,5,5,5,5,5,5
2022186,2022-07-15,66,66,17,5,6,8,10,12,56,16,5,6,8,10,12,46,12,5,6,8,10,12,36,11,5,6,8,10,11,26,8,5,6,7,8,8,16,5,5,5,5,5,5
2022187,2022-07-16,66,66,16,2,4,5,6,10,56,14,2,4,5,6,10,46,11,2,4,5,6,10,36,8,2,4,5,6,8,26,6,2,4,6,6,6,16,4,4,4,4,4,4
2022188,2022-07-17,66,66,12,3,3,3,3,5,56,10,3,3,3,3,5,46,7,3,3,3,3,5,36,5,3,3,3,3,5,26,4,3,3,4,4,4,16,2,2,2,2,2,2
2022189,2022-07-18,67,67,16,4,4,6,6,9,57,13,4,4,6,6,9,47,11,4,4,6,6,9,37,9,4,4,6,6,9,27,5,4,4,4,5,5,17,2,2,2,2,2,2
2022190,2022-07-19,67,67,18,4,5,6,9,12,57,15,4,5,6,9,12,47,14,4,5,6,9,12,37,11,4,5,6,9,11,27,6,4,5,6,6,6,17,4,4,4,4,4,4
2022191,2022-07-20,68,68,18,3,5,7,9,10,58,15,3,5,7,9,10,48,12,3,5,7,9,10,38,10,3,5,7,9,10,28,7,3,5,6,7,7,18,4,3,4,4,4,4
2022192,2022-07-21,68,68,18,5,6,7,8,11,58,15,5,6,7,8,11,48,13,5,6,7,8,11,38,10,5,6,7,8,10,28,9,5,6,7,9,9,18,5,5,5,5,5,5
2022193,2022-07-22,69,69,15,3,6,7,9,11,59,14,3,6,7,9,11,49,13,3,6,7,9,11,39,11,3,6,7,9,11,29,7,3,6,7,7,7,19,7,6,7,7,7,7
2022194,2022-07-23,66,66,16,2,3,4,5,7,56,11,2,3,4,5,7,46,7,2,3,4,5,7,36,5,2,3,4,4,5,26,4,2,3,4,4,4,16,3,3,3,3,3,3
2022195,2022-07-24,68,68,16,3,3,3,5,9,58,14,3,3,3,5,9,48,11,3,3,3,5,9,38,7,3,3,3,5,7,28,6,3,3,5,6,6,18,2,2,2,2,2,2
2022196,2022-07-25,70,70,16,3,3,4,5,6,60,10,3,3,4,5,6,50,7,3,3,4,5,6,40,7,3,3,4,5,7,30,5,3,3,4,5,5,20,3,2,3,3,3,3
2022197,2022-07-26,69,69,17,5,6,7,8,10,59,16,5,6,7,8,10,49,12,5,6,7,8,10,39,10,5,6,7,8,10,29,8,5,6,7,8,8,19,6,5,6,6,6,6
2022198,2022-07-27,67,67,16,2,2,5,7,10,57,14,2,2,5,7,10,47,14,2,2,5,7,10,37,10,2,2,5,7,10,27,4,2,2,3,4,4,17,2,2,2,2,2,2
2022199,2022-07-28,70,70,17,4,7,9,11,14,60,16,4,7,9,11,14,50,16,4,7,9,11,14,40,13,4,7,9,11,13,30,9,4,7,8,9,9,20,7,5,7,7,7,7
2022200,2022-07-29,64,64,16,2,3,4,7,7,54,11,2,3,4,7,7,44,8,2,3,4,7,7,34,6,2,3,4,6,6,24,4,2,3,4,4,4,14,2,2,2,2,2,2
2022201,2022-07-30,69,69,17,5,5,5,6,10,59,14,5,5,5,6,10,49,12,5,5,5,6,10,39,9,5,5,5,6,9,29,7,5,5,5,7,7,19,4,4,4,4,4,4
2022202,2022-07-31,69,69,15,3,4,4,5,10,59,12,3,4,4,5,10,49,10,3,4,4,5,10,39,9,3,4,4,5,9,29,5,3,4,4,5,5,19,3,3,3,3,3,3
2022203,2022-08-01,68,68,16,5,6,10,11,11,58,14,5,6,10,11,11,48,12,5,6,10,11,11,38,11,5,6,10,11,11,28,7,5,6,7,7,7,18,5,4,5,5,5,5
2022204,2022-08-02,66,66,19,3,4,5,8,9,56,14,3,4,5,8,9,46,11,3,4,5,8,9,36,8,3,4,5,8,8,26,6,3,4,6,6,6,16,3,3,3,3,3,3
2022205,2022-08-03,70,70,16,6,6,8,9,9,60,14,6,6,8,9,9,50,11,6,6,8,9,9,40,10,6,6,8,9,10,30,9,6,6,8,9,9,20,8,6,8,8,8,8
2022206,2022-08-04,67,67,18,3,4,6,7,9,57,14,3,4,6,7,9,47,11,3,4,6,7,9,37,7,3,4,6,7,7,27,6,3,4,6,6,6,17,2,2,2,2,2,2
2022207,2022-08-05,67,67,15,9,10,11,11,11,57,15,9,10,11,11,11,47,12,9,10,11,11,11,37,11,9,10,11,11,11,27,11,9,10,11,11,11,17,10,9,10,10,10,10
2022208,2022-08-06,64,64,15,5,6,7,8,12,54,15,5,6,7,8,12,44,12,5,6,7,8,12,34,10,5,6,7,8,10,24,7,6,6,7,7,7,14,5,5,5,5,5,5
2022209,2022-08-07,62,62,16,7,8,8,11,11,52,13,7,8,8,11,11,42,11,7,8,8,11,11,32,11,7,8,8,11,11,22,8,7,8,8,8,8,12,6,6,6,6,6,6
2022210,2022-08-08,64,64,18,6,7,10,10,11,54,13,6,7,10,10,11,44,12,6,7,10,10,11,34,10,6,7,10,10,10,24,9,6,7,9,9,9,14,5,5,5,5,5,5
2022211,2022-08-09,65,65,17,3,5,5,6,12,55,16,3,5,5,6,12,45,12,3,5,5,6,12,35,10,3,5,5,6,10,25,6,3,5,6,6,6,15,4,4,4,4,4,4
2022212,2022-08-10,68,68,15,2,3,5,5,8,58,12,2,3,5,5,8,48,10,2,3,5,5,8,38,6,2,3,5,5,6,28,4,2,3,4,4,4,18,4,3,4,4,4,4
2022213,2022-08-11,68,68,16,3,4,5,5,9,58,13,3,4,5,5,9,48,10,3,4,5,5,9,38,10,3,4,5,5,10,28,8,3,4,5,8,8,18,3,3,3,3,3,3
2022214,2022-08-12,69,69,16,4,6,6,6,9,59,13,4,6,6,6,9,49,12,4,6,6,6,9,39,7,4,6,6,6,7,29,7,4,6,6,7,7,19,5,5,5,5,5,5
2022215,2022-08-13,67,67,19,6,9,11,14,19,57,19,6,9,11,14,19,47,19,6,9,11,14,19,37,16,6,9,11,14,16,27,13,6,9,12,13,13,17,8,7,8,8,8,8
2022216,2022-08-14,64,64,14,4,6,7,7,8,54,11,4,6,7,7,8,44,10,4,6,7,7,8,34,7,4,6,7,7,7,24,7,4,7,7,7,7,14,5,5,5,5,5,5
2022217,2022-08-15,66,66,17,4,5,7,8,12,56,15,4,5,7,8,12,46,14,4,5,7,8,12,36,11,4,5,7,8,11,26,7,4,6,7,7,7,16,3,3,3,3,3,3
2022218,2022-08-16,66,66,17,5,7,9,11,11,56,15,5,7,9,11,11,46,11,5,7,9,11,11,36,11,5,7,9,11,11,26,9,5,7,9,9,9,16,7,6,7,7,7,7
2022219,2022-08-17,65,65,17,4,6,6,8,10,55,16,4,6,6,8,10,45,12,4,6,6,8,10,35,10,4,6,6,8,10,25,7,4,5,7,7,7,15,5,5,5,5,5,5
2022220,2022-08-18,67,67,16,4,6,7,8,11,57,14,4,6,7,8,11,47,12,4,6,7,8,11,37,11,4,6,7,8,11,27,7,4,6,7,7,7,17,3,3,3,3,3,3
2022221,2022-08-19,67,67,18,3,5,8,9,13,57,18,3,5,8,9,13,47,16,3,5,8,9,13,37,12,3,5,8,9,12,27,9,3,5,8,9,9,17,6,5,6,6,6,6
2022222,2022-08-20,68,68,16,3,5,6,8,10,58,13,3,5,6,8,10,48,11,3,5,6,8,10,38,10,3,5,6,8,10,28,7,3,5,6,7,7,18,2,1,2,2,2,2
2022223,2022-08-21,67,67,16,1,3,5,6,8,57,13,1,3,5,6,8,47,11,1,3,5,6,8,37,8,1,3,5,6,8,27,4,1,3,4,4,4,17,3,3,3,3,3,3
2022224,2022-08-22,69,69,18,7,11,11,11,11,59,15,7,11,11,11,11,49,14,7,11,11,11,11,39,12,7,11,11,11,12,29,11,7,11,11,11,11,19,9,9,9,9,9,9
2022225,2022-08-23,64,64,17,1,4,6,8,9,54,15,1,4,6,8,9,44,11,1,4,6,8,9,34,7,1,4,6,6,7,24,5,1,5,5,5,5,14,2,2,2,2,2,2
2022226,2022-08-24,68,68,17,5,5,6,9,11,58,14,5,5,6,9,11,48,12,5,5,6,9,11,38,11,5,5,6,9,11,28,7,5,5,6,7,7,18,6,5,6,6,6,6
2022227,2022-08-25,69,69,18,3,4,4,6,13,59,17,3,4,4,6,13,49,15,3,4,4,6,13,39,10,3,4,4,6,10,29,7,3,4,4,7,7,19,4,4,4,4,4,4
2022228,2022-08-26,69,69,18,5,5,5,7,8,59,14,5,5,5,7,8,49,10,5,5,5,7,8,39,8,5,5,5,7,8,29,6,5,5,5,6,6,19,5,5,5,5,5,5
2022229,2022-08-27,69,69,17,4,7,7,7,10,59,16,4,7,7,7,10,49,14,4,7,7,7,10,39,10,4,7,7,7,10,29,8,4,7,7,8,8,19,4,3,4,4,4,4
2022230,2022-08-28,66,66,15,2,4,5,6,9,56,13,2,4,5,6,9,46,9,2,4,5,6,9,36,8,2,4,5,6,8,26,5,2,4,4,5,5,16,3,3,3,3,3,3
2022231,2022-08-29,66,66,16,3,6,7,8,12,56,15,3,6,7,8,12,46,14,3,6,7,8,13,36,9,3,6,7,8,9,26,8,3,6,7,8,8,16,3,3,3,3,3,3
2022232,2022-08-30,66,66,17,2,4,6,7,10,56,14,2,4,6,7,10,46,12,2,4,6,7,10,36,10,2,4,6,7,10,26,6,2,4,5,6,6,16,4,4,4,4,4,4
2022233,2022-08-31,69,69,18,4,6,9,10,13,59,16,4,6,9,10,13,49,15,4,6,9,10,13,39,12,4,6,9,10,12,29,10,4,6,9,10,10,19,6,3,6,6,6,6
2022234,2022-09-01,67,67,19,5,6,7,8,12,57,17,5,6,7,8,12,47,15,5,6,7,8,12,37,12,5,6,7,8,12,27,9,5,6,8,9,9,17,6,5,6,6,6,6
2022235,2022-09-02,68,68,17,1,3,5,7,10,58,13,1,3,5,7,10,48,11,1,3,5,7,10,38,10,1,3,5,7,10,28,6,1,3,5,6,6,18,3,2,3,3,3,3
2022236,2022-09-03,68,68,17,3,3,6,7,12,58,16,3,3,6,7,12,48,13,3,3,6,7,12,38,12,3,3,6,7,12,28,8,3,3,6,8,8,18,5,3,5,5,5,5
2022237,2022-09-04,68,68,17,5,6,6,6,7,58,14,5,6,6,6,7,48,9,5,6,6,6,7,38,7,5,6,6,6,7,28,6,5,6,6,6,6,18,4,4,4,4,4,4
2022238,2022-09-05,70,70,18,3,5,7,7,12,60,15,3,5,7,7,12,50,14,3,5,7,7,12,40,11,3,5,7,7,11,30,7,3,5,7,7,7,20,6,4,6,6,6,6
2022239,2022-09-06,67,67,18,4,6,8,8,11,57,16,4,6,8,8,11,47,14,4,6,8,8,11,37,11,4,6,8,8,11,27,8,4,6,7,8,8,17,6,5,6,6,6,6
2022240,2022-09-07,67,67,16,5,6,8,10,10,57,13,5,6,8,10,10,47,11,5,6,8,10,10,37,10,5,6,8,10,10,27,8,5,6,8,8,8,17,6,5,6,6,6,6
2022241,2022-09-08,67,67,18,5,6,7,8,10,57,16,5,6,7,8,10,47,14,5,6,7,8,10,37,9,5,6,7,8,9,27,7,5,6,7,7,7,17,5,4,5,5,5,5
2022242,2022-09-09,66,66,17,2,4,5,7,12,56,14,2,4,5,7,12,46,12,2,4,5,7,12,36,10,2,4,5,7,10,26,6,2,4,5,6,6,16,2,2,2,2,2,2
2022243,2022-09-10,70,70,19,5,6,7,7,9,60,15,5,6,7,7,9,50,10,5,6,7,7,9,40,9,5,6,7,7,9,30,7,5,6,7,7,7,20,5,4,5,5,5,5
2022244,2022-09-11,70,70,15,4,6,8,8,9,60,15,4,6,8,8,9,50,13,4,6,8,8,9,40,9,4,6,8,8,9,30,9,4,6,8,9,9,20,8,6,8,8,8,8
2022245,2022-09-12,65,65,18,5,5,6,7,11,55,15,5,5,6,7,11,45,11,5,5,6,7,11,35,10,5,5,6,7,10,25,6,5,5,6,6,6,15,4,4,4,4,4,4
2022246,2022-09-13,64,64,16,3,5,7,7,11,54,16,3,5,7,7,11,44,11,3,5,7,7,11,34,10,3,5,7,8,10,24,6,3,5,6,6,6,14,3,3,3,3,3,3
2022247,2022-09-14,69,69,18,6,9,10,11,12,59,14,6,9,10,11,12,49,14,6,9,10,11,12,39,13,6,9,10,11,13,29,11,6,9,10,11,11,19,8,7,8,8,8,8
2022248,2022-09-15,64,64,16,3,5,7,7,10,54,15,3,5,7,7,10,44,11,3,5,7,7,10,34,8,3,5,7,8,8,24,5,3,5,5,5,5,14,2,2,2,2,2,2
2022249,2022-09-16,68,68,17,2,3,4,5,8,58,16,2,3,4,5,8,48,10,2,3,4,5,8,38,8,2,3,4,5,8,28,6,2,3,4,6,6,18,2,1,2,2,2,2
2022250,2022-09-17,71,71,18,2,4,5,7,9,61,16,2,4,5,7,9,51,13,2,4,5,7,9,41,9,2,4,5,7,9,31,7,2,4,5,7,7,21,4,3,4,4,4,4
2022251,2022-09-18,70,70,19,6,8,9,10,12,60,17,6,8,9,10,12,50,15,6,8,9,10,12,40,12,6,8,9,10,12,30,10,6,8,9,10,10,20,6,5,6,6,6,6
2022252,2022-09-19,67,67,18,4,6,7,10,12,57,15,4,6,7,10,12,47,14,4,6,7,10,12,37,12,4,6,7,10,12,27,9,4,6,9,9,9,17,5,4,5,5,5,5
2022253,2022-09-20,68,68,15,4,4,7,8,9,58,13,4,4,7,8,9,48,12,4,4,7,8,9,38,8,4,4,7,8,8,28,6,4,4,6,6,6,18,5,3,5,5,5,5
2022254,2022-09-21,66,66,16,3,4,5,7,10,56,14,3,4,5,7,10,46,10,3,4,5,7,10,36,9,3,4,5,7,9,26,7,3,4,6,7,7,16,2,2,2,2,2,2
2022255,2022-09-22,68,68,17,3,4,5,6,7,58,13,3,4,5,6,7,48,9,3,4,5,6,7,38,7,3,4,5,6,7,28,5,3,4,5,5,5,18,4,3,4,4,4,4
2022256,2022-09-23,68,68,18,4,6,8,9,11,58,17,4,6,8,9,11,48,14,4,6,8,9,11,38,11,4,6,8,9,11,28,9,4,6,9,9,9,18,6,5,6,6,6,6
2022257,2022-09-24,67,67,16,4,6,6,8,9,57,13,4,6,6,8,9,47,11,4,6,6,8,9,37,8,4,6,6,8,8,27,6,4,6,6,6,6,17,6,6,6,6,6,6
2022258,2022-09-25,66,66,18,5,8,11,14,15,56,17,5,8,11,14,15,46,15,5,8,11,14,15,36,15,5,8,11,14,15,26,10,5,7,10,10,10,16,7,7,7,7,7,7
2022259,2022-09-26,66,66,17,3,5,5,7,9,56,14,3,5,5,7,9,46,11,3,5,5,7,9,36,8,3,5,5,7,8,26,6,3,4,6,6,6,16,3,3,3,3,3,3
2022260,2022-09-27,67,67,16,5,6,7,9,12,57,13,5,6,7,9,12,47,13,5,6,7,9,12,37,11,5,6,7,9,11,27,8,5,6,8,8,8,17,5,5,5,5,5,5
2022261,2022-09-28,67,67,17,4,4,4,6,9,57,15,4,4,4,6,9,47,10,4,4,4,6,9,37,9,4,4,4,6,9,27,7,4,4,6,7,7,17,3,3,3,3,3,3
2022262,2022-09-29,67,67,17,3,4,7,10,13,57,16,3,4,7,10,13,47,15,3,4,7,10,13,37,12,3,4,7,10,12,27,6,3,4,6,6,6,17,3,3,3,3,3,3
2022263,2022-09-30,69,69,17,3,5,7,9,11,59,14,3,5,7,9,11,49,12,3,5,7,9,11,39,11,3,5,7,9,11,29,8,3,5,7,8,8,19,4,2,4,4,4,4
2022264,2022-10-05,67,67,18,4,5,6,7,10,57,16,4,5,6,7,10,47,13,4,5,6,7,10,37,10,4,5,6,7,10,27,7,4,5,6,7,7,17,4,4,4,4,4,4
2022265,2022-10-06,69,69,17,3,5,8,9,9,59,14,3,5,8,9,9,49,11,3,5,8,9,9,39,9,3,5,8,9,9,29,8,3,5,8,8,8,19,7,4,7,7,7,7
2022266,2022-10-07,65,65,17,5,6,7,7,10,55,14,5,6,7,7,10,45,11,5,6,7,7,10,35,7,5,6,7,7,7,25,6,5,6,6,6,6,15,6,6,6,6,6,6
2022267,2022-10-08,68,68,17,3,5,5,7,10,58,15,3,5,5,7,10,48,14,3,5,5,7,10,38,11,3,5,5,7,11,28,8,3,5,6,8,8,18,4,3,4,4,4,4
2022268,2022-10-09,67,67,16,2,4,4,5,7,57,13,2,4,4,5,7,47,10,2,4,4,5,7,37,7,2,4,4,5,7,27,5,2,4,4,5,5,17,3,3,3,3,3,3
2022269,2022-10-10,69,69,16,3,4,5,7,10,59,13,3,4,5,7,10,49,12,3,4,5,7,10,39,10,3,4,5,7,10,29,7,3,4,5,7,7,19,4,3,4,4,4,4
2022270,2022-10-11,68,68,17,8,8,8,9,10,58,14,8,8,8,9,10,48,13,8,8,8,9,10,38,10,8,8,8,9,10,28,10,8,8,10,10,10,18,7,7,7,7,7,7
2022271,2022-10-12,63,63,19,5,5,7,9,12,53,16,5,5,7,9,12,43,15,5,5,7,9,13,33,10,5,5,7,9,10,23,7,5,6,7,7,7,13,4,4,4,4,4,4
2022272,2022-10-13,66,66,16,2,3,5,5,9,56,12,2,3,5,5,9,46,9,2,3,5,5,9,36,8,2,3,5,5,8,26,5,2,3,5,5,5,16,4,3,4,4,4,4
2022273,2022-10-14,69,69,17,5,5,8,9,11,59,15,5,5,8,9,11,49,13,5,5,8,9,11,39,11,5,5,8,9,11,29,9,5,5,8,9,9,19,7,4,7,7,7,7
2022274,2022-10-15,66,66,17,4,6,7,9,11,56,15,4,6,7,9,11,46,12,4,6,7,9,11,36,9,4,6,7,9,9,26,9,4,6,9,9,9,16,6,6,6,6,6,6
2022275,2022-10-16,66,66,19,3,4,4,5,9,56,15,3,4,4,5,9,46,12,3,4,4,5,9,36,8,3,4,4,5,8,26,5,3,4,5,5,5,16,3,3,3,3,3,3
2022276,2022-10-17,70,70,18,7,8,8,9,12,60,17,7,8,8,9,12,50,15,7,8,8,9,12,40,12,7,8,8,9,12,30,9,7,8,8,9,9,20,7,7,7,7,7,7
2022277,2022-10-18,67,67,17,0,1,5,6,8,57,14,0,1,5,6,8,47,10,0,1,5,6,8,37,7,0,1,5,6,7,27,1,0,1,1,1,1,17,1,0,1,1,1,1
2022278,2022-10-19,71,71,16,3,5,7,10,12,61,14,3,5,7,10,12,51,14,3,5,7,10,12,41,12,3,5,7,10,12,31,10,3,5,7,10,10,21,7,3,6,7,7,7
2022279,2022-10-20,63,63,14,3,3,5,5,8,53,10,3,3,5,5,8,43,9,3,3,5,5,8,33,6,3,3,5,6,6,23,3,3,3,3,3,3,13,1,1,1,1,1,1
2022280,2022-10-21,69,69,17,2,3,4,5,9,59,14,2,3,4,5,9,49,9,2,3,4,5,9,39,8,2,3,4,5,8,29,7,2,3,5,7,7,19,3,2,3,3,3,3
2022281,2022-10-22,70,70,18,4,5,6,8,11,60,15,4,5,6,8,11,50,14,4,5,6,8,11,40,12,4,5,6,8,12,30,8,4,5,6,8,8,20,6,4,6,6,6,6
2022282,2022-10-23,68,68,20,4,6,6,7,12,58,18,4,6,6,7,12,48,13,4,6,6,7,12,38,9,4,6,6,7,9,28,7,4,6,6,7,7,18,5,5,5,5,5,5
2022283,2022-10-24,69,69,17,1,1,2,3,7,59,14,1,1,2,3,7,49,10,1,1,2,3,7,39,7,1,1,2,3,7,29,4,1,1,2,4,4,19,3,2,3,3,3,3
2022284,2022-10-25,72,72,18,5,5,7,7,9,62,15,5,5,7,7,9,52,13,5,5,7,7,9,42,10,5,5,7,8,9,32,8,5,5,7,7,8,22,6,4,6,6,6,6
2022285,2022-10-26,68,68,16,2,4,6,7,9,58,14,2,4,6,7,9,48,12,2,4,6,7,9,38,8,2,4,6,7,8,28,7,2,4,6,7,7,18,4,2,4,4,4,4
2022286,2022-10-27,67,67,16,4,5,7,8,11,57,12,4,5,7,8,11,47,12,4,5,7,8,11,37,10,4,5,7,8,10,27,7,4,5,7,7,7,17,5,4,5,5,5,5
2022287,2022-10-28,65,65,16,2,3,4,7,9,55,13,2,3,4,7,9,45,10,2,3,4,7,9,35,9,2,3,4,7,9,25,6,2,3,6,6,6,15,3,3,3,3,3,3
2022288,2022-10-29,70,70,17,4,6,8,10,12,60,15,4,6,8,10,12,50,14,4,6,8,10,12,40,11,4,6,8,10,11,30,8,4,6,7,8,8,20,5,4,5,5,5,5
2022289,2022-10-30,66,66,19,2,2,5,8,11,56,15,2,2,5,8,11,46,12,2,2,5,8,11,36,9,2,2,5,8,9,26,6,2,2,5,6,6,16,1,0,1,1,1,1
2022290,2022-10-31,72,72,16,4,7,8,8,9,62,13,4,7,8,8,9,52,11,4,7,8,8,9,42,9,4,7,8,8,9,32,8,4,7,8,8,8,22,5,4,5,5,5,5
2022291,2022-11-01,67,67,14,4,6,7,10,10,57,12,4,6,7,10,10,47,11,4,6,7,10,10,37,10,4,6,7,10,10,27,8,4,6,8,8,8,17,4,3,4,4,4,4
2022292,2022-11-02,63,63,14,5,7,8,9,12,53,13,5,7,8,9,12,43,12,5,7,8,9,12,33,10,5,7,8,10,10,23,7,5,7,7,7,7,13,4,4,4,4,4,4
2022293,2022-11-03,65,65,18,4,5,6,7,8,55,16,4,5,6,7,8,45,10,4,5,6,7,8,35,7,4,5,6,7,7,25,6,4,6,6,6,6,15,5,5,5,5,5,5
2022294,2022-11-04,68,68,16,3,5,7,7,9,58,12,3,5,7,7,9,48,10,3,5,7,7,9,38,9,3,5,7,7,9,28,8,3,5,7,8,8,18,3,2,3,3,3,3
2022295,2022-11-05,67,67,15,1,3,3,6,9,57,11,1,3,3,6,9,47,9,1,3,3,6,9,37,9,1,3,3,6,9,27,7,1,3,5,7,7,17,2,2,2,2,2,2
2022296,2022-11-06,70,70,17,5,6,7,9,12,60,14,5,6,7,9,12,50,14,5,6,7,9,12,40,12,5,6,7,9,12,30,8,5,6,7,8,8,20,7,6,7,7,7,7
2022297,2022-11-07,67,67,17,6,6,6,6,8,57,13,6,6,6,6,8,47,10,6,6,6,6,8,37,8,6,6,6,6,8,27,7,6,6,6,7,7,17,4,4,4,4,4,4
2022298,2022-11-08,65,65,19,7,8,9,9,12,55,15,7,8,9,9,12,45,13,7,8,9,9,12,35,11,7,8,9,9,11,25,8,7,8,8,8,8,15,6,6,6,6,6,6
2022299,2022-11-09,67,67,15,5,5,6,7,9,57,12,5,5,6,7,9,47,9,5,5,6,7,9,37,9,5,5,6,7,9,27,7,5,5,7,7,7,17,4,4,4,4,4,4
2022300,2022-11-10,67,67,17,4,4,7,9,14,57,17,4,4,7,9,14,47,15,4,4,7,9,14,37,13,4,4,7,9,13,27,8,4,5,8,8,8,17,4,4,4,4,4,4
2022301,2022-11-11,66,66,18,6,7,8,9,13,56,16,6,7,8,9,13,46,15,6,7,8,9,13,36,11,6,7,8,9,11,26,7,6,6,7,7,7,16,6,6,6,6,6,6
2022302,2022-11-12,66,66,17,5,6,7,9,11,56,15,5,6,7,9,11,46,13,5,6,7,9,11,36,10,5,6,7,9,10,26,9,5,7,9,9,9,16,5,5,5,5,5,5
2022303,2022-11-13,67,67,18,4,4,6,6,9,57,16,4,4,6,6,9,47,12,4,4,6,6,9,37,7,4,4,6,6,7,27,4,4,4,4,4,4,17,3,3,3,3,3,3
2022304,2022-11-14,69,69,16,6,6,9,10,12,59,13,6,6,9,10,12,49,12,6,6,9,10,12,39,12,6,6,9,10,12,29,10,6,6,8,10,10,19,8,6,8,8,8,8
2022305,2022-11-15,64,64,17,4,4,5,6,9,54,13,4,4,5,6,9,44,12,4,4,5,6,9,34,7,4,4,5,7,7,24,5,4,5,5,5,5,14,3,3,3,3,3,3
2022306,2022-11-16,68,68,19,6,7,10,11,14,58,17,6,7,10,11,14,48,17,6,7,10,11,14,38,12,6,7,10,11,12,28,9,6,7,9,9,9,18,7,5,7,7,7,7
2022307,2022-11-17,65,65,18,4,4,5,5,7,55,13,4,4,5,5,7,45,8,4,4,5,5,7,35,6,4,4,5,5,6,25,4,4,4,4,4,4,15,2,2,2,2,2,2
2022308,2022-11-18,69,69,15,2,4,8,8,10,59,13,2,4,8,8,10,49,12,2,4,8,8,10,39,10,2,4,8,8,10,29,8,2,4,8,8,8,19,5,3,5,5,5,5
2022309,2022-11-19,65,65,19,5,6,7,10,13,55,17,5,6,7,10,13,45,15,5,6,7,10,12,35,12,5,6,7,11,12,25,9,5,6,9,9,9,15,4,4,4,4,4,4
2022310,2022-11-20,69,69,16,2,4,7,9,12,59,14,2,4,7,9,12,49,12,2,4,7,9,12,39,12,2,4,7,9,12,29,10,2,4,7,10,10,19,6,4,6,6,6,6
2022311,2022-11-21,66,66,18,5,6,6,8,9,56,16,5,6,6,8,9,46,12,5,6,6,8,9,36,9,5,6,6,8,9,26,8,5,6,8,8,8,16,4,4,4,4,4,4
2022312,2022-11-22,67,67,18,3,3,4,5,8,57,15,3,3,4,5,8,47,9,3,3,4,5,8,37,8,3,3,4,5,8,27,6,3,3,5,6,6,17,4,3,4,4,4,4
2022313,2022-11-23,69,69,16,2,3,4,6,8,59,16,2,3,4,6,8,49,11,2,3,4,6,8,39,8,2,3,4,6,8,29,5,2,3,4,5,5,19,3,2,3,3,3,3
2022314,2022-11-24,70,70,16,5,7,8,9,12,60,16,5,7,8,9,12,50,13,5,7,8,9,12,40,12,5,7,8,9,12,30,11,5,7,8,11,11,20,7,5,7,7,7,7
2022315,2022-11-25,64,64,16,0,1,2,3,8,54,13,0,1,2,3,8,44,10,0,1,2,3,10,34,7,0,1,2,5,7,24,2,0,1,2,2,2,14,0,0,0,0,0,0
2022316,2022-11-26,70,70,16,2,2,3,5,6,60,14,2,2,3,5,6,50,9,2,2,3,5,6,40,7,2,2,3,5,7,30,5,2,2,3,5,5,20,3,2,3,3,3,3
2022317,2022-11-27,70,70,17,2,4,6,6,8,60,14,2,4,6,6,8,50,10,2,4,6,6,8,40,8,2,4,6,6,8,30,7,2,4,6,7,7,20,4,4,4,4,4,4
2022318,2022-11-28,70,70,18,3,4,5,7,9,60,12,3,4,5,7,9,50,12,3,4,5,7,9,40,10,3,4,5,7,10,30,5,3,4,5,5,5,20,5,4,5,5,5,5
2022319,2022-11-29,70,70,17,4,4,5,7,10,60,16,4,4,5,7,10,50,11,4,4,5,7,10,40,10,4,4,5,7,10,30,7,4,4,5,7,7,20,5,4,5,5,5,5
2022320,2022-11-30,68,68,16,3,3,3,3,7,58,12,3,3,3,3,7,48,8,3,3,3,3,7,38,7,3,3,3,3,7,28,6,3,3,4,6,6,18,2,2,2,2,2,2
2022321,2022-12-01,69,69,15,2,3,4,6,8,59,12,2,3,4,6,8,49,9,2,3,4,6,8,39,7,2,3,4,6,7,29,4,2,3,4,4,4,19,3,2,3,3,3,3
2022322,2022-12-02,70,70,17,3,3,5,6,9,60,12,3,3,5,6,9,50,11,3,3,5,6,9,40,7,3,3,5,6,7,30,6,3,3,5,6,6,20,4,2,4,4,4,4
2022323,2022-12-03,67,67,16,7,8,9,12,13,57,15,7,8,9,12,13,47,14,7,8,9,12,13,37,12,7,8,9,12,12,27,10,7,8,10,10,10,17,8,7,8,8,8,8
2022324,2022-12-04,63,63,16,2,5,7,10,12,53,13,2,5,7,10,12,43,12,2,5,7,10,12,33,11,2,5,7,10,11,23,6,2,4,6,6,6,13,2,2,2,2,2,2
2022325,2022-12-05,68,68,18,4,6,7,8,10,58,13,4,6,7,8,10,48,11,4,6,7,8,10,38,10,4,6,7,8,10,28,6,4,6,6,6,6,18,4,4,4,4,4,4
2022326,2022-12-06,68,68,15,5,5,6,7,8,58,12,5,5,6,7,8,48,8,5,5,6,7,8,38,8,5,5,6,7,8,28,6,5,5,6,6,6,18,4,4,4,4,4,4
2022327,2022-12-07,68,68,17,4,6,6,8,10,58,13,4,6,6,8,10,48,10,4,6,6,8,10,38,9,4,6,6,8,9,28,9,4,6,9,9,9,18,6,5,6,6,6,6
2022328,2022-12-08,66,66,15,0,1,3,3,4,56,13,0,1,3,3,4,46,7,0,1,3,3,4,36,4,0,1,3,3,4,26,2,0,1,2,2,2,16,1,1,1,1,1,1
2022329,2022-12-09,70,70,18,2,4,5,5,5,60,15,2,4,5,5,5,50,9,2,4,5,5,5,40,6,2,4,5,5,6,30,5,2,4,5,5,5,20,2,2,2,2,2,2
2022330,2022-12-10,70,70,17,3,5,9,10,11,60,14,3,5,9,10,11,50,13,3,5,9,10,11,40,11,3,5,9,10,11,30,9,3,5,9,9,9,20,5,2,5,5,5,5
2022331,2022-12-11,66,66,14,2,3,3,5,7,56,11,2,3,3,5,7,46,10,2,3,3,5,7,36,7,2,3,3,5,7,26,3,2,3,3,3,3,16,1,1,1,1,1,1
2022332,2022-12-12,68,68,17,6,8,8,10,13,58,14,6,8,8,10,13,48,13,6,8,8,10,13,38,13,6,8,8,10,13,28,11,6,8,9,11,11,18,6,6,6,6,6,6
2022333,2022-12-13,64,64,15,3,4,6,6,7,54,11,3,4,6,6,7,44,8,3,4,6,6,7,34,7,3,4,6,6,7,24,5,3,5,5,5,5,14,1,1,1,1,1,1
2022334,2022-12-14,68,68,18,6,6,8,8,9,58,15,6,6,8,8,9,48,12,6,6,8,8,9,38,10,6,6,8,8,10,28,7,6,6,7,7,7,18,7,6,7,7,7,7
2022335,2022-12-15,66,66,15,3,5,7,10,11,56,13,3,5,7,10,11,46,12,3,5,7,10,11,36,11,3,5,7,10,11,26,6,3,4,6,6,6,16,3,3,3,3,3,3
2022336,2022-12-16,67,67,17,3,4,5,7,10,57,15,3,4,5,7,10,47,12,3,4,5,7,10,37,10,3,4,5,7,10,27,6,3,4,5,6,6,17,3,3,3,3,3,3
2022337,2022-12-17,70,70,19,4,5,6,6,7,60,16,4,5,6,6,7,50,9,4,5,6,6,7,40,7,4,5,6,6,7,30,6,4,5,6,6,6,20,4,3,4,4,4,4
2022338,2022-12-18,69,69,18,2,2,2,4,7,59,14,2,2,2,4,7,49,12,2,2,2,4,7,39,7,2,2,2,4,7,29,4,2,2,2,4,4,19,2,2,2,2,2,2
2022339,2022-12-19,73,73,17,3,4,4,4,8,63,14,3,4,4,4,8,53,9,3,4,4,4,8,43,8,3,4,4,4,8,33,4,3,4,4,4,4,23,3,3,3,3,3,3
2022340,2022-12-20,70,70,17,5,6,6,6,10,60,15,5,6,6,6,10,50,12,5,6,6,6,9,40,9,5,6,6,6,9,30,8,5,6,6,8,8,20,5,5,5,5,5,5
2022341,2022-12-21,69,69,18,4,5,7,8,10,59,15,4,5,7,8,10,49,12,4,5,7,8,10,39,10,4,5,7,8,10,29,7,4,5,6,7,7,19,5,4,5,5,5,5
2022342,2022-12-22,66,66,16,3,5,6,7,11,56,15,3,5,6,7,11,46,12,3,5,6,7,11,36,8,3,5,6,7,8,26,6,3,5,6,6,6,16,5,5,5,5,5,5
2022343,2022-12-23,68,68,18,5,5,6,7,10,58,15,5,5,6,7,10,48,12,5,5,6,7,10,38,9,5,5,6,7,9,28,7,5,5,5,7,7,18,3,3,3,3,3,3
2022344,2022-12-24,70,70,17,1,4,6,7,9,60,13,1,4,6,7,9,50,10,1,4,6,7,9,40,9,1,4,6,7,9,30,8,1,4,6,8,8,20,5,3,5,5,5,5
2022345,2022-12-25,69,69,18,6,9,10,10,11,59,14,6,9,10,10,11,49,13,6,9,10,10,11,39,11,6,9,10,10,11,29,11,6,9,10,11,11,19,8,8,8,8,8,8
2022346,2022-12-26,66,66,16,7,10,10,10,12,56,15,7,10,10,10,12,46,11,7,10,10,10,11,36,11,7,10,10,10,11,26,9,7,9,9,9,9,16,6,5,6,6,6,6
2022347,2022-12-27,62,62,16,6,8,9,9,10,52,14,6,8,9,9,10,42,10,6,8,9,9,10,32,9,6,8,9,9,9,22,8,6,8,8,8,8,12,5,5,5,5,5,5
2022348,2022-12-28,64,64,17,3,3,4,6,9,54,14,3,3,4,6,9,44,11,3,3,4,6,9,34,8,3,3,4,6,8,24,4,3,3,4,4,4,14,3,3,3,3,3,3
2022349,2022-12-29,69,69,18,4,5,7,8,10,59,16,4,5,7,8,10,49,14,4,5,7,8,10,39,10,4,5,7,8,10,29,7,4,5,7,7,7,19,6,5,6,6,6,6
2022350,2022-12-30,68,68,16,4,5,5,6,9,58,13,4,5,5,6,9,48,12,4,5,5,6,9,38,9,4,5,5,6,9,28,7,4,5,6,7,7,18,5,4,5,5,5,5
2022351,2022-12-31,68,68,17,5,7,8,8,12,58,14,5,7,8,8,12,48,13,5,7,8,8,12,38,11,5,7,8,8,11,28,9,5,7,7,9,9,18,6,5,6,6,6,6
2023001,2023-01-01,64,64,17,3,5,5,8,10,54,14,3,5,5,8,10,44,12,3,5,5,8,10,34,8,3,5,5,8,8,24,3,3,3,3,3,3,14,2,2,2,2,2,2
2023002,2023-01-02,69,69,19,2,4,5,5,9,59,15,2,4,5,5,9,49,10,2,4,5,5,9,39,9,2,4,5,5,9,29,8,2,4,5,8,8,19,3,2,3,3,3,3
2023003,2023-01-03,70,70,18,3,4,5,6,9,60,16,3,4,5,6,9,50,12,3,4,5,6,9,40,9,3,4,5,6,9,30,5,3,4,5,5,5,20,4,4,4,4,4,4
2023004,2023-01-04,72,72,19,4,5,7,9,11,62,17,4,5,7,9,11,52,14,4,5,7,9,11,42,11,4,5,7,9,11,32,8,4,5,7,8,8,22,6,4,6,6,6,6
2023005,2023-01-05,67,67,17,5,5,6,8,11,57,16,5,5,6,8,11,47,15,5,5,6,8,11,37,11,5,5,6,8,11,27,6,5,5,6,6,6,17,4,4,4,4,4,4
2023006,2023-01-06,69,69,18,5,7,8,8,11,59,17,5,7,8,8,11,49,15,5,7,8,8,11,39,11,5,7,8,8,11,29,10,5,7,9,10,10,19,8,6,8,8,8,8
2023007,2023-01-07,65,65,16,4,6,7,7,9,55,13,4,6,7,7,9,45,11,4,6,7,7,9,35,7,4,6,7,7,7,25,6,4,5,6,6,6,15,4,4,4,4,4,4
2023008,2023-01-08,66,66,18,6,7,9,10,11,56,15,6,7,9,10,11,46,12,6,7,9,10,11,36,11,6,7,9,10,11,26,8,6,7,8,8,8,16,7,7,7,7,7,7
2023009,2023-01-09,66,66,14,5,6,7,8,9,56,12,5,6,7,8,9,46,10,5,6,7,8,9,36,8,5,6,7,8,8,26,8,5,7,8,8,8,16,5,5,5,5,5,5
2023010,2023-01-10,62,62,16,3,4,5,7,9,52,11,3,4,5,7,9,42,10,3,4,5,7,9,32,8,3,4,5,7,8,22,4,3,4,4,4,4,12,2,2,2,2,2,2
2023011,2023-01-11,67,67,17,4,5,5,7,10,57,14,4,5,5,7,10,47,11,4,5,5,7,10,37,10,4,5,5,7,10,27,7,4,5,5,7,7,17,3,3,3,3,3,3
2023012,2023-01-12,68,68,16,4,5,6,7,8,58,13,4,5,6,7,8,48,10,4,5,6,7,8,38,7,4,5,6,7,7,28,6,4,5,6,6,6,18,4,3,4,4,4,4
2023013,2023-01-13,69,69,16,4,5,6,7,8,59,14,4,5,6,7,8,49,11,4,5,6,7,8,39,9,4,5,6,7,9,29,6,4,5,5,6,6,19,4,4,4,4,4,4
2023014,2023-01-14,67,67,16,4,4,5,7,9,57,14,4,4,5,7,9,47,9,4,4,5,7,9,37,9,4,4,5,7,9,27,7,4,4,5,7,7,17,2,2,2,2,2,2
2023015,2023-01-15,67,67,17,4,5,6,7,10,57,15,4,5,6,7,10,47,12,4,5,6,7,9,37,8,4,5,6,7,8,27,6,4,5,6,6,6,17,5,4,5,5,5,5
2023016,2023-01-16,67,67,15,2,4,4,7,8,57,12,2,4,4,7,8,47,12,2,4,4,7,8,37,7,2,4,4,7,7,27,6,2,4,6,6,6,17,4,4,4,4,4,4
2023017,2023-01-17,70,70,16,5,6,6,7,11,60,14,5,6,6,7,11,50,12,5,6,6,7,11,40,11,5,6,6,7,11,30,9,5,6,6,9,9,20,4,4,4,4,4,4
2023018,2023-01-18,66,66,17,3,4,7,8,9,56,14,3,4,7,8,9,46,12,3,4,7,8,9,36,8,3,4,7,8,8,26,7,3,4,7,7,7,16,3,3,3,3,3,3
2023019,2023-01-29,67,67,16,7,7,9,9,11,57,14,7,7,9,9,11,47,13,7,7,9,9,11,37,10,7,7,9,9,10,27,10,7,7,9,10,10,17,9,8,9,9,9,9
2023020,2023-01-30,64,64,17,4,6,7,9,12,54,13,4,6,7,9,12,44,12,4,6,7,9,12,34,10,4,6,7,9,10,24,6,4,5,6,6,6,14,3,3,3,3,3,3
2023021,2023-01-31,65,65,15,4,5,7,8,10,55,13,4,5,7,8,10,45,12,4,5,7,8,10,35,9,4,5,7,8,9,25,6,4,5,6,6,6,15,4,4,4,4,4,4
2023022,2023-02-01,68,68,15,5,7,7,9,10,58,14,5,7,7,9,10,48,13,5,7,7,9,10,38,10,5,7,7,9,10,28,9,5,7,9,9,9,18,5,4,5,5,5,5
2023023,2023-02-02,65,65,15,3,3,5,6,7,55,12,3,3,5,6,7,45,9,3,3,5,6,7,35,7,3,3,5,6,7,25,6,3,3,6,6,6,15,2,2,2,2,2,2
2023024,2023-02-03,68,68,16,5,6,6,7,11,58,15,5,6,6,7,11,48,13,5,6,6,7,11,38,10,5,6,6,7,10,28,8,5,6,7,8,8,18,5,5,5,5,5,5
2023025,2023-02-04,65,65,15,3,4,5,9,11,55,15,3,4,5,9,11,45,13,3,4,5,9,11,35,9,3,4,5,7,9,25,6,3,4,6,6,6,15,4,4,4,4,4,4
2023026,2023-02-05,67,67,18,5,6,7,8,9,57,15,5,6,7,8,9,47,11,5,6,7,8,9,37,9,5,6,7,8,9,27,9,5,6,8,9,9,17,5,4,5,5,5,5
2023027,2023-02-06,65,65,16,4,5,5,6,9,55,13,4,5,5,6,9,45,10,4,5,5,6,9,35,8,4,5,5,6,8,25,6,4,5,6,6,6,15,4,4,4,4,4,4
2023028,2023-02-07,69,69,17,5,5,6,6,11,59,14,5,5,6,6,11,49,13,5,5,6,6,11,39,8,5,5,6,6,8,29,7,5,5,5,7,7,19,2,2,2,2,2,2
2023029,2023-02-08,69,69,17,5,8,9,10,12,59,14,5,8,9,10,12,49,13,5,8,9,10,12,39,12,5,8,9,10,12,29,11,5,8,10,11,11,19,8,7,8,8,8,8
2023030,2023-02-09,65,65,17,5,7,9,10,11,55,15,5,7,9,10,11,45,12,5,7,9,10,11,35,9,5,7,9,9,9,25,8,5,7,8,8,8,15,5,5,5,5,5,5
2023031,2023-02-10,66,66,17,3,5,7,8,11,56,15,3,5,7,8,11,46,12,3,5,7,8,11,36,10,3,5,7,8,10,26,7,3,5,7,7,7,16,4,3,4,4,4,4
2023032,2023-02-11,67,67,18,4,6,7,9,12,57,17,4,6,7,9,12,47,13,4,6,7,9,12,37,10,4,6,7,9,10,27,7,4,6,6,7,7,17,4,4,4,4,4,4
2023033,2023-02-12,67,67,16,5,6,7,9,11,57,13,5,6,7,9,11,47,12,5,6,7,9,11,37,12,5,6,7,9,12,27,9,5,6,7,9,9,17,7,6,7,7,7,7
2023034,2023-02-13,65,65,15,4,4,6,7,10,55,13,4,4,6,7,10,45,11,4,4,6,7,10,35,9,4,4,6,7,9,25,6,4,5,6,6,6,15,2,2,2,2,2,2
2023035,2023-02-14,67,67,18,6,6,10,12,13,57,17,6,6,10,12,13,47,15,6,6,10,12,13,37,13,6,6,10,12,13,27,9,6,6,9,9,9,17,5,4,5,5,5,5
2023036,2023-02-15,65,65,17,3,4,6,6,9,55,14,3,4,6,6,9,45,11,3,4,6,6,9,35,8,3,4,6,6,8,25,4,3,4,4,4,4,15,2,2,2,2,2,2
2023037,2023-02-16,69,69,15,2,2,6,8,9,59,12,2,2,6,8,9,49,10,2,2,6,8,9,39,9,2,2,6,8,9,29,6,2,2,6,6,6,19,5,3,5,5,5,5
2023038,2023-02-17,66,66,15,2,3,4,4,7,56,14,2,3,4,4,7,46,11,2,3,4,4,7,36,6,2,3,4,4,6,26,5,2,3,4,5,5,16,2,1,2,2,2,2
2023039,2023-02-18,70,70,19,4,4,9,9,10,60,14,4,4,9,9,10,50,11,4,4,9,9,10,40,10,4,4,9,9,10,30,9,4,4,8,9,9,20,8,4,8,8,8,8
2023040,2023-02-19,65,65,16,5,5,7,8,11,55,14,5,5,7,8,11,45,11,5,5,7,8,11,35,8,5,5,7,8,8,25,6,5,5,6,6,6,15,4,4,4,4,4,4
2023041,2023-02-20,66,66,17,2,6,7,8,11,56,16,2,6,7,8,11,46,14,2,6,7,8,12,36,10,2,6,7,8,10,26,7,2,6,7,7,7,16,6,5,6,6,6,6
2023042,2023-02-21,65,65,16,4,5,6,7,9,55,13,4,5,6,7,9,45,11,4,5,6,7,9,35,8,4,5,6,7,8,25,5,4,5,5,5,5,15,2,2,2,2,2,2
2023043,2023-02-22,69,69,18,3,5,6,8,10,59,15,3,5,6,8,10,49,12,3,5,6,8,10,39,10,3,5,6,8,10,29,6,3,5,6,6,6,19,4,3,4,4,4,4
2023044,2023-02-23,69,69,17,3,5,6,8,11,59,14,3,5,6,8,11,49,13,3,5,6,8,11,39,10,3,5,6,8,10,29,7,3,5,6,7,7,19,5,5,5,5,5,5
2023045,2023-02-24,68,68,16,4,5,5,6,9,58,10,4,5,5,6,9,48,9,4,5,5,6,9,38,8,4,5,5,6,8,28,6,4,5,5,6,6,18,4,4,4,4,4,4
2023046,2023-02-25,68,68,18,4,5,6,7,9,58,15,4,5,6,7,9,48,11,4,5,6,7,9,38,8,4,5,6,7,8,28,6,4,5,6,6,6,18,4,3,4,4,4,4
2023047,2023-02-26,69,69,17,3,4,4,4,7,59,15,3,4,4,4,7,49,9,3,4,4,4,7,39,6,3,4,4,4,6,29,5,3,4,4,5,5,19,1,1,1,1,1,1
2023048,2023-02-27,71,71,19,4,5,6,8,9,61,15,4,5,6,8,9,51,12,4,5,6,8,9,41,9,4,5,6,8,9,31,9,4,5,6,9,9,21,7,5,6,7,7,7
2023049,2023-02-28,68,68,19,7,7,7,9,14,58,18,7,7,7,9,14,48,17,7,7,7,9,14,38,12,7,7,7,9,12,28,9,7,7,8,9,9,18,5,5,5,5,5,5
2023050,2023-03-01,68,68,16,4,4,7,8,9,58,13,4,4,7,8,9,48,11,4,4,7,8,9,38,9,4,4,7,8,9,28,6,4,4,6,6,6,18,5,4,5,5,5,5
2023051,2023-03-02,67,67,17,3,6,7,9,11,57,16,3,6,7,9,11,47,14,3,6,7,9,11,37,9,3,6,7,9,9,27,8,3,6,8,8,8,17,6,5,6,6,6,6
2023052,2023-03-03,66,66,13,2,4,7,8,9,56,10,2,4,7,8,9,46,10,2,4,7,8,10,36,8,2,4,7,8,8,26,5,2,4,5,5,5,16,3,3,3,3,3,3
2023053,2023-03-04,65,65,16,6,8,9,10,13,55,15,6,8,9,10,13,45,14,6,8,9,10,13,35,10,6,8,9,10,10,25,8,6,8,8,8,8,15,8,8,8,8,8,8
2023054,2023-03-05,64,64,15,4,4,6,6,8,54,11,4,4,6,6,8,44,10,4,4,6,6,8,34,8,4,4,6,6,8,24,6,4,6,6,6,6,14,4,4,4,4,4,4
2023055,2023-03-06,65,65,17,3,5,7,9,10,55,13,3,5,7,9,10,45,12,3,5,7,9,10,35,9,3,5,7,8,9,25,8,3,6,8,8,8,15,4,4,4,4,4,4
2023056,2023-03-07,66,66,18,5,5,5,7,9,56,15,5,5,5,7,9,46,11,5,5,5,7,9,36,9,5,5,5,7,9,26,6,5,5,6,6,6,16,3,3,3,3,3,3
2023057,2023-03-08,69,69,18,3,3,4,6,11,59,17,3,3,4,6,11,49,13,3,3,4,6,11,39,9,3,3,4,6,9,29,5,3,3,4,5,5,19,3,3,3,3,3,3
2023058,2023-03-09,70,70,16,3,4,4,4,7,60,13,3,4,4,4,7,50,10,3,4,4,4,7,40,7,3,4,4,4,7,30,4,3,4,4,4,4,20,3,3,3,3,3,3
2023059,2023-03-10,70,70,17,5,5,7,10,11,60,15,5,5,7,10,11,50,14,5,5,7,10,11,40,11,5,5,7,10,11,30,7,5,5,7,7,7,20,5,3,5,5,5,5
2023060,2023-03-11,66,66,18,1,3,4,6,8,56,13,1,3,4,6,8,46,9,1,3,4,6,8,36,7,1,3,4,6,7,26,5,1,3,4,5,5,16,3,3,3,3,3,3
2023061,2023-03-12,70,70,17,3,6,8,9,12,60,13,3,6,8,9,12,50,12,3,6,8,9,12,40,12,3,6,8,9,12,30,10,3,6,8,10,10,20,5,3,5,5,5,5
2023062,2023-03-13,66,66,15,1,1,2,4,6,56,10,1,1,2,4,6,46,10,1,1,2,4,6,36,5,1,1,2,4,5,26,3,1,1,3,3,3,16,1,0,1,1,1,1
2023063,2023-03-14,71,71,18,4,5,5,6,8,61,17,4,5,5,6,8,51,14,4,5,5,6,8,41,8,4,5,5,6,8,31,6,4,5,5,6,6,21,4,4,4,4,4,4
2023064,2023-03-15,71,71,16,3,5,6,8,9,61,15,3,5,6,8,9,51,12,3,5,6,8,9,41,9,3,5,6,8,9,31,6,3,5,6,6,6,21,4,3,4,4,4,4
2023065,2023-03-16,67,67,16,3,4,5,6,12,57,16,3,4,5,6,12,47,15,3,4,5,6,12,37,9,3,4,5,6,9,27,6,3,4,5,6,6,17,3,3,3,3,3,3
2023066,2023-03-17,69,69,19,4,5,7,8,9,59,14,4,5,7,8,9,49,11,4,5,7,8,9,39,10,4,5,7,8,10,29,8,4,5,7,8,8,19,5,3,5,5,5,5
2023067,2023-03-18,69,69,16,4,5,5,7,10,59,13,4,5,5,7,10,49,13,4,5,5,7,10,39,9,4,5,5,7,9,29,6,4,5,5,6,6,19,5,5,5,5,5,5
2023068,2023-03-19,68,68,17,2,4,8,10,11,58,14,2,4,8,10,11,48,13,2,4,8,10,11,38,12,2,4,8,10,12,28,7,2,4,7,7,7,18,4,1,4,4,4,4
2023069,2023-03-20,68,68,17,1,2,4,5,6,58,14,1,2,4,5,6,48,10,1,2,4,5,6,38,5,1,2,4,5,5,28,4,1,2,4,4,4,18,4,3,4,4,4,4
2023070,2023-03-21,71,71,18,3,5,6,7,11,61,16,3,5,6,7,11,51,13,3,5,6,7,11,41,11,3,5,6,7,11,31,7,3,5,6,7,7,21,4,3,4,4,4,4
2023071,2023-03-22,70,70,17,5,6,7,9,11,60,16,5,6,7,9,11,50,13,5,6,7,9,11,40,11,5,6,7,9,11,30,7,5,6,7,7,7,20,5,5,5,5,5,5
2023072,2023-03-23,66,66,17,4,6,7,7,9,56,14,4,6,7,7,9,46,11,4,6,7,7,9,36,9,4,6,7,7,9,26,6,4,6,6,6,6,16,5,4,5,5,5,5
2023073,2023-03-24,66,66,15,3,5,7,8,10,56,13,3,5,7,8,10,46,10,3,5,7,8,10,36,9,3,5,7,8,9,26,7,3,5,6,7,7,16,3,3,3,3,3,3
2023074,2023-03-25,66,66,16,1,4,6,6,10,56,15,1,4,6,6,10,46,11,1,4,6,6,10,36,9,1,4,6,6,9,26,5,1,4,5,5,5,16,5,5,5,5,5,5
2023075,2023-03-26,69,69,17,6,8,9,11,11,59,15,6,8,9,11,11,49,14,6,8,9,11,11,39,12,6,8,9,11,12,29,9,6,8,9,9,9,19,7,6,7,7,7,7
2023076,2023-03-27,65,65,15,5,8,8,8,11,55,13,5,8,8,8,11,45,13,5,8,8,8,11,35,9,5,8,8,8,9,25,7,5,7,7,7,7,15,7,7,7,7,7,7
2023077,2023-03-28,62,62,15,5,5,5,6,9,52,13,5,5,5,6,9,42,10,5,5,5,6,9,32,7,5,5,5,6,7,22,5,5,5,5,5,5,12,5,5,5,5,5,5
2023078,2023-03-29,66,66,15,2,2,4,5,8,56,14,2,2,4,5,8,46,10,2,2,4,5,8,36,5,2,2,4,5,5,26,4,2,3,4,4,4,16,1,1,1,1,1,1
2023079,2023-03-30,68,68,19,3,4,4,5,11,58,15,3,4,4,5,11,48,13,3,4,4,5,11,38,9,3,4,4,5,9,28,6,3,4,4,6,6,18,3,3,3,3,3,3
2023080,2023-03-31,72,72,16,3,3,4,5,9,62,13,3,3,4,5,9,52,12,3,3,4,5,9,42,9,3,3,4,6,9,32,6,3,3,4,6,6,22,5,3,4,5,5,5
2023081,2023-04-01,70,70,17,4,5,6,6,7,60,14,4,5,6,6,7,50,11,4,5,6,6,7,40,6,4,5,6,6,6,30,6,4,5,6,6,6,20,6,5,6,6,6,6
2023082,2023-04-02,67,67,15,2,3,5,7,9,57,11,2,3,5,7,9,47,11,2,3,5,7,9,37,8,2,3,5,7,8,27,4,2,3,4,4,4,17,2,2,2,2,2,2
2023083,2023-04-03,66,66,14,4,4,6,6,8,56,9,4,4,6,6,8,46,9,4,4,6,6,8,36,8,4,4,6,6,8,26,5,4,4,4,5,5,16,4,4,4,4,4,4
2023084,2023-04-04,69,69,16,4,6,6,7,10,59,14,4,6,6,7,10,49,10,4,6,6,7,10,39,9,4,6,6,7,9,29,8,4,6,7,8,8,19,6,4,6,6,6,6
2023085,2023-04-05,65,65,17,4,8,9,11,12,55,16,4,8,9,11,12,45,12,4,8,9,11,12,35,10,4,8,9,10,10,25,9,4,8,9,9,9,15,8,8,8,8,8,8
2023086,2023-04-06,64,64,15,3,4,6,6,7,54,11,3,4,6,6,7,44,7,3,4,6,6,7,34,6,3,4,6,6,6,24,6,3,5,6,6,6,14,4,4,4,4,4,4
2023087,2023-04-07,67,67,18,4,5,7,8,9,57,13,4,5,7,8,9,47,10,4,5,7,8,9,37,9,4,5,7,8,9,27,7,4,5,7,7,7,17,4,3,4,4,4,4
2023088,2023-04-08,68,68,18,6,8,11,13,13,58,16,6,8,11,13,13,48,14,6,8,11,13,13,38,13,6,8,11,13,13,28,11,6,8,11,11,11,18,9,6,9,9,9,9
2023089,2023-04-09,63,63,14,4,5,6,6,9,53,11,4,5,6,6,9,43,10,4,5,6,6,9,33,7,4,5,6,6,7,23,5,4,5,5,5,5,13,3,3,3,3,3,3
2023090,2023-04-10,66,66,16,1,3,6,9,11,56,13,1,3,6,9,11,46,11,1,3,6,9,11,36,11,1,3,6,9,11,26,7,1,3,6,7,7,16,4,3,4,4,4,4
2023091,2023-04-11,69,69,13,4,4,6,7,9,59,12,4,4,6,7,9,49,11,4,4,6,7,9,39,9,4,4,6,7,9,29,6,4,4,6,6,6,19,6,5,6,6,6,6
2023092,2023-04-12,67,67,18,2,4,6,8,9,57,16,2,4,6,8,9,47,12,2,4,6,8,9,37,9,2,4,6,8,9,27,6,2,4,5,6,6,17,3,3,3,3,3,3
2023093,2023-04-13,68,68,13,2,4,5,5,8,58,12,2,4,5,5,8,48,11,2,4,5,5,8,38,6,2,4,5,5,6,28,5,2,4,5,5,5,18,3,2,3,3,3,3
2023094,2023-04-14,68,68,18,4,5,6,7,10,58,14,4,5,6,7,10,48,11,4,5,6,7,10,38,9,4,5,6,7,9,28,6,4,5,5,6,6,18,2,2,2,2,2,2
2023095,2023-04-15,69,69,16,4,5,6,6,12,59,13,4,5,6,6,12,49,12,4,5,6,6,12,39,11,4,5,6,6,11,29,9,4,5,6,9,9,19,4,3,4,4,4,4
2023096,2023-04-16,69,69,16,2,4,7,8,9,59,13,2,4,7,8,9,49,10,2,4,7,8,9,39,9,2,4,7,8,9,29,7,2,4,6,7,7,19,5,3,5,5,5,5
2023097,2023-04-17,67,67,16,3,4,5,5,8,57,13,3,4,5,5,8,47,9,3,4,5,5,8,37,6,3,4,5,5,6,27,4,3,4,4,4,4,17,3,3,3,3,3,3
2023098,2023-04-18,69,69,16,4,6,8,9,11,59,13,4,6,8,9,11,49,11,4,6,8,9,11,39,10,4,6,8,9,10,29,9,4,6,8,9,9,19,5,3,5,5,5,5
2023099,2023-04-19,66,66,17,4,6,8,8,9,56,13,4,6,8,8,9,46,11,4,6,8,8,9,36,9,4,6,8,8,9,26,6,4,6,6,6,6,16,4,4,4,4,4,4
2023100,2023-04-20,68,68,19,6,6,7,9,10,58,15,6,6,7,9,10,48,11,6,6,7,9,10,38,10,6,6,7,9,10,28,8,6,6,8,8,8,18,6,5,6,6,6,6
2023101,2023-04-21,68,68,17,4,5,6,7,9,58,14,4,5,6,7,9,48,11,4,5,6,7,9,38,9,4,5,6,7,9,28,6,4,5,6,6,6,18,4,4,4,4,4,4
2023102,2023-04-22,68,68,19,4,6,7,8,11,58,16,4,6,7,8,11,48,14,4,6,7,8,11,38,10,4,6,7,8,10,28,8,4,6,7,8,8,18,5,4,5,5,5,5
2023103,2023-04-23,67,67,15,2,3,5,6,9,57,13,2,3,5,6,9,47,11,2,3,5,6,9,37,8,2,3,5,6,8,27,3,2,3,3,3,3,17,1,1,1,1,1,1
2023104,2023-04-24,70,70,16,6,6,7,10,11,60,15,6,6,7,10,11,50,12,6,6,7,10,11,40,11,6,6,7,10,11,30,8,6,6,7,8,8,20,7,6,7,7,7,7
2023105,2023-04-25,66,66,17,2,3,5,8,10,56,13,2,3,5,8,10,46,9,2,3,5,8,9,36,9,2,3,5,8,9,26,7,2,4,7,7,7,16,2,2,2,2,2,2
2023106,2023-04-26,69,69,17,3,5,6,8,10,59,14,3,5,6,8,10,49,12,3,5,6,8,10,39,10,3,5,6,8,10,29,6,3,5,6,6,6,19,4,3,4,4,4,4
2023107,2023-04-27,66,66,16,6,7,8,9,10,56,12,6,7,8,9,10,46,10,6,7,8,9,10,36,10,6,7,8,9,10,26,8,6,7,8,8,8,16,7,6,7,7,7,7
2023108,2023-04-28,66,66,17,3,4,6,7,11,56,14,3,4,6,7,11,46,12,3,4,6,7,10,36,10,3,4,6,7,10,26,5,3,4,5,5,5,16,3,3,3,3,3,3
2023109,2023-04-29,67,67,16,6,6,8,8,9,57,11,6,6,8,8,9,47,9,6,6,8,8,9,37,9,6,6,8,8,9,27,6,6,6,6,6,6,17,5,5,5,5,5,5
2023110,2023-04-30,67,67,17,4,6,7,9,12,57,16,4,6,7,9,12,47,15,4,6,7,9,12,37,11,4,6,7,9,11,27,10,4,6,9,10,10,17,5,4,5,5,5,5
2023111,2023-05-01,65,65,14,3,3,4,6,9,55,12,3,3,4,6,9,45,9,3,3,4,6,9,35,8,3,3,4,6,8,25,5,3,3,5,5,5,15,2,2,2,2,2,2
2023112,2023-05-02,66,66,18,5,8,9,9,11,56,15,5,8,9,9,11,46,13,5,8,9,9,11,36,10,5,8,9,9,10,26,9,5,8,9,9,9,16,7,7,7,7,7,7
2023113,2023-05-03,67,67,17,4,5,7,9,11,57,15,4,5,7,9,11,47,12,4,5,7,9,11,37,10,4,5,7,9,10,27,8,4,5,8,8,8,17,5,4,5,5,5,5
2023114,2023-05-04,68,68,19,3,3,4,7,9,58,14,3,3,4,7,9,48,12,3,3,4,7,9,38,8,3,3,4,7,8,28,5,3,3,5,5,5,18,3,2,3,3,3,3
2023115,2023-05-05,70,70,17,3,4,6,7,8,60,12,3,4,6,7,8,50,10,3,4,6,7,8,40,8,3,4,6,7,8,30,8,3,4,6,8,8,20,5,3,5,5,5,5
2023116,2023-05-06,68,68,17,3,4,4,6,8,58,13,3,4,4,6,8,48,11,3,4,4,6,8,38,9,3,4,4,6,9,28,5,3,4,4,5,5,18,1,1,1,1,1,1
2023117,2023-05-07,70,70,18,6,8,8,10,13,60,17,6,8,8,10,13,50,15,6,8,8,10,13,40,13,6,8,8,10,13,30,10,6,8,8,10,10,20,5,5,5,5,5,5
2023118,2023-05-08,67,67,16,2,3,5,7,10,57,11,2,3,5,7,10,47,10,2,3,5,7,10,37,9,2,3,5,7,9,27,5,2,3,5,5,5,17,3,3,3,3,3,3
2023119,2023-05-09,68,68,16,4,5,5,5,7,58,14,4,5,5,5,7,48,10,4,5,5,5,7,38,7,4,5,5,5,7,28,5,4,5,5,5,5,18,3,3,3,3,3,3
2023120,2023-05-10,68,68,17,4,6,9,9,13,58,16,4,6,9,9,13,48,15,4,6,9,9,13,38,13,4,6,9,9,13,28,9,4,6,7,9,9,18,5,3,5,5,5,5
2023121,2023-05-11,66,66,14,2,4,4,5,7,56,12,2,4,4,5,7,46,8,2,4,4,5,7,36,7,2,4,4,5,7,26,5,2,4,5,5,5,16,3,3,3,3,3,3
2023122,2023-05-12,66,66,17,6,6,8,10,11,56,15,6,6,8,10,11,46,11,6,6,8,10,11,36,11,6,6,8,10,11,26,9,6,6,9,9,9,16,3,2,3,3,3,3
2023123,2023-05-13,68,68,17,4,5,5,7,10,58,13,4,5,5,7,10,48,12,4,5,5,7,10,38,10,4,5,5,7,10,28,7,4,5,6,7,7,18,3,3,3,3,3,3
2023124,2023-05-14,70,70,18,2,3,4,7,10,60,15,2,3,4,7,10,50,14,2,3,4,7,10,40,9,2,3,4,7,9,30,4,2,3,4,4,4,20,4,3,4,4,4,4
2023125,2023-05-15,70,70,17,3,4,5,5,8,60,12,3,4,5,5,8,50,9,3,4,5,5,8,40,8,3,4,5,5,8,30,7,3,4,5,7,7,20,4,3,4,4,4,4
2023126,2023-05-16,69,69,17,4,5,6,8,12,59,16,4,5,6,8,12,49,14,4,5,6,8,12,39,11,4,5,6,8,11,29,8,4,5,7,8,8,19,4,3,4,4,4,4
2023127,2023-05-17,68,68,16,2,2,3,6,8,58,12,2,2,3,6,8,48,10,2,2,3,6,8,38,8,2,2,3,6,8,28,2,2,2,2,2,2,18,2,2,2,2,2,2
2023128,2023-05-18,70,70,16,2,3,5,6,7,60,13,2,3,5,6,7,50,11,2,3,5,6,7,40,8,2,3,5,6,8,30,6,2,3,5,6,6,20,5,2,5,5,5,5
2023129,2023-05-19,67,67,17,2,4,5,7,10,57,14,2,4,5,7,10,47,12,2,4,5,7,10,37,10,2,4,5,7,10,27,5,2,4,4,5,5,17,3,3,3,3,3,3
2023130,2023-05-20,69,69,17,2,3,4,5,7,59,12,2,3,4,5,7,49,10,2,3,4,5,7,39,6,2,3,4,5,6,29,5,2,3,4,5,5,19,4,3,4,4,4,4
2023131,2023-05-21,71,71,19,2,3,5,7,9,61,15,2,3,5,7,9,51,13,2,3,5,7,9,41,9,2,3,5,7,9,31,7,2,3,5,6,7,21,4,1,3,4,4,4
2023132,2023-05-22,70,70,17,3,5,7,8,14,60,15,3,5,7,8,14,50,15,3,5,7,8,14,40,14,3,5,7,8,14,30,9,3,5,7,9,9,20,3,2,3,3,3,3
2023133,2023-05-23,68,68,19,3,4,4,6,9,58,17,3,4,4,6,9,48,12,3,4,4,6,9,38,9,3,4,4,6,9,28,6,3,4,4,6,6,18,2,2,2,2,2,2
2023134,2023-05-24,72,72,20,7,7,7,8,9,62,16,7,7,7,8,9,52,12,7,7,7,8,9,42,8,7,7,7,7,8,32,7,7,7,7,7,7,22,7,7,7,7,7,7
2023135,2023-05-25,70,70,18,3,6,7,7,11,60,14,3,6,7,7,11,50,12,3,6,7,7,11,40,11,3,6,7,7,11,30,10,3,6,7,10,10,20,6,5,6,6,6,6
2023136,2023-05-26,66,66,16,4,4,6,6,10,56,13,4,4,6,6,10,46,11,4,4,6,6,10,36,9,4,4,6,6,9,26,4,4,4,4,4,4,16,3,3,3,3,3,3
2023137,2023-05-27,68,68,15,3,5,5,6,9,58,13,3,5,5,6,9,48,11,3,5,5,6,9,38,8,3,5,5,6,8,28,5,3,5,5,5,5,18,4,4,4,4,4,4
2023138,2023-05-28,68,68,14,4,6,6,7,11,58,13,4,6,6,7,11,48,12,4,6,6,7,11,38,10,4,6,6,7,10,28,8,4,6,7,8,8,18,6,5,6,6,6,6
2023139,2023-05-29,64,64,17,4,5,5,7,10,54,13,4,5,5,7,10,44,11,4,5,5,7,10,34,9,4,5,6,7,9,24,5,4,5,5,5,5,14,2,2,2,2,2,2
2023140,2023-05-30,69,69,18,4,5,7,7,10,59,17,4,5,7,7,10,49,14,4,5,7,7,10,39,9,4,5,7,7,9,29,8,4,5,7,8,8,19,6,5,6,6,6,6
2023141,2023-05-31,68,68,16,4,5,6,8,9,58,13,4,5,6,8,9,48,10,4,5,6,8,9,38,8,4,5,6,8,8,28,6,4,5,6,6,6,18,5,4,5,5,5,5
2023142,2023-06-01,67,67,18,3,4,7,8,10,57,15,3,4,7,8,10,47,12,3,4,7,8,10,37,8,3,4,7,8,8,27,6,3,4,6,6,6,17,5,4,5,5,5,5
2023143,2023-06-02,68,68,17,6,7,9,9,13,58,16,6,7,9,9,13,48,14,6,7,9,9,13,38,12,6,7,9,9,12,28,11,6,7,10,11,11,18,6,5,6,6,6,6
2023144,2023-06-03,66,66,18,3,6,7,8,11,56,16,3,6,7,8,11,46,12,3,6,7,8,11,36,10,3,6,7,8,10,26,8,3,7,8,8,8,16,6,5,6,6,6,6
2023145,2023-06-04,65,65,15,3,3,4,5,8,55,13,3,3,4,5,8,45,11,3,3,4,5,8,35,7,3,3,4,5,7,25,4,3,3,4,4,4,15,3,3,3,3,3,3
2023146,2023-06-05,70,70,17,4,5,5,7,8,60,13,4,5,5,7,8,50,10,4,5,5,7,8,40,8,4,5,5,7,8,30,6,4,5,5,6,6,20,4,4,4,4,4,4
2023147,2023-06-06,68,68,17,4,6,6,7,10,58,13,4,6,6,7,10,48,11,4,6,6,7,10,38,9,4,6,6,7,9,28,7,4,6,6,7,7,18,4,4,4,4,4,4
2023148,2023-06-07,67,67,16,3,4,4,7,9,57,13,3,4,4,7,9,47,11,3,4,4,7,9,37,9,3,4,4,7,9,27,6,3,4,5,6,6,17,3,3,3,3,3,3
2023149,2023-06-08,67,67,17,5,5,8,9,11,57,15,5,5,8,9,11,47,13,5,5,8,9,11,37,10,5,5,8,9,10,27,7,5,5,7,7,7,17,6,4,6,6,6,6
2023150,2023-06-09,67,67,18,6,8,9,11,12,57,16,6,8,9,11,12,47,14,6,8,9,11,12,37,12,6,8,9,11,12,27,10,6,8,10,10,10,17,6,5,6,6,6,6
2023151,2023-06-10,64,64,17,3,4,4,6,8,54,15,3,4,4,6,8,44,11,3,4,4,6,8,34,7,3,4,4,6,7,24,4,3,3,4,4,4,14,2,2,2,2,2,2
2023152,2023-06-11,70,70,16,4,5,6,6,8,60,14,4,5,6,6,8,50,12,4,5,6,6,8,40,8,4,5,6,6,8,30,7,4,5,6,7,7,20,5,4,5,5,5,5
2023153,2023-06-12,68,68,16,2,4,5,9,9,58,14,2,4,5,9,9,48,12,2,4,5,9,9,38,10,2,4,5,9,10,28,6,2,4,6,6,6,18,4,3,4,4,4,4
2023154,2023-06-13,68,68,18,4,4,5,6,9,58,15,4,4,5,6,9,48,13,4,4,5,6,9,38,10,4,4,5,6,10,28,5,4,4,5,5,5,18,4,4,4,4,4,4
2023155,2023-06-14,70,70,19,4,5,6,9,11,60,15,4,5,6,9,11,50,12,4,5,6,9,11,40,11,4,5,6,9,11,30,6,4,5,6,6,6,20,5,4,5,5,5,5
2023156,2023-06-15,69,69,17,4,4,6,7,8,59,15,4,4,6,7,8,49,12,4,4,6,7,8,39,8,4,4,6,7,8,29,6,4,4,6,6,6,19,6,4,6,6,6,6
2023157,2023-06-16,68,68,18,3,5,6,8,9,58,14,3,5,6,8,9,48,10,3,5,6,8,9,38,10,3,5,6,8,10,28,7,3,5,6,7,7,18,5,4,5,5,5,5
2023158,2023-06-17,66,66,18,7,7,8,8,12,56,16,7,7,8,8,12,46,13,7,7,8,8,12,36,11,7,7,8,8,11,26,8,7,7,7,8,8,16,6,6,6,6,6,6
2023159,2023-06-18,68,68,17,4,5,5,7,8,58,16,4,5,5,7,8,48,13,4,5,5,7,8,38,10,4,5,5,7,10,28,7,4,5,6,7,7,18,4,4,4,4,4,4
2023160,2023-06-19,66,66,16,3,4,5,6,9,56,14,3,4,5,6,9,46,10,3,4,5,6,9,36,9,3,4,5,6,9,26,6,3,4,6,6,6,16,5,5,5,5,5,5
2023161,2023-06-20,67,67,18,3,5,7,9,13,57,16,3,5,7,9,13,47,15,3,5,7,9,13,37,11,3,5,7,9,11,27,9,3,5,9,9,9,17,6,4,6,6,6,6
2023162,2023-06-21,67,67,20,7,8,9,11,14,57,18,7,8,9,11,14,47,14,7,8,9,11,14,37,13,7,8,9,11,13,27,11,7,8,9,11,11,17,5,5,5,5,5,5
2023163,2023-06-22,67,67,20,1,3,6,8,10,57,14,1,3,6,8,10,47,12,1,3,6,8,10,37,10,1,3,6,8,10,27,7,1,3,6,7,7,17,4,2,4,4,4,4
2023164,2023-06-23,71,71,18,3,5,5,8,8,61,15,3,5,5,8,8,51,10,3,5,5,8,8,41,8,3,5,5,8,8,31,8,3,5,5,8,8,21,6,3,5,6,6,6
2023165,2023-06-24,69,69,18,3,3,6,8,10,59,16,3,3,6,8,10,49,13,3,3,6,8,11,39,10,3,3,6,8,10,29,7,3,3,6,7,7,19,4,1,4,4,4,4
2023166,2023-06-25,69,69,19,4,6,7,10,12,59,16,4,6,7,10,12,49,12,4,6,7,10,12,39,12,4,6,7,10,12,29,7,4,6,7,7,7,19,4,4,4,4,4,4
2023167,2023-06-26,69,69,16,1,3,3,3,6,59,12,1,3,3,3,6,49,8,1,3,3,3,6,39,6,1,3,3,3,6,29,3,1,3,3,3,3,19,0,0,0,0,0,0
2023168,2023-06-27,71,71,17,4,4,6,8,13,61,16,4,4,6,8,13,51,15,4,4,6,8,13,41,13,4,4,6,8,13,31,8,4,4,6,8,8,21,6,5,6,6,6,6
2023169,2023-06-28,69,69,17,4,7,8,9,10,59,13,4,7,8,9,10,49,10,4,7,8,9,10,39,10,4,7,8,9,10,29,8,4,7,8,8,8,19,6,4,6,6,6,6
2023170,2023-06-29,64,64,17,5,6,7,8,12,54,14,5,6,7,8,12,44,14,5,6,7,8,13,34,10,5,6,7,8,10,24,7,5,7,7,7,7,14,3,3,3,3,3,3
2023171,2023-06-30,67,67,18,7,9,9,10,11,57,15,7,9,9,10,11,47,12,7,9,9,10,11,37,11,7,9,9,10,11,27,10,7,9,9,10,10,17,6,6,6,6,6,6
2023172,2023-07-01,65,65,15,2,4,5,6,6,55,12,2,4,5,6,6,45,10,2,4,5,6,6,35,6,2,4,5,6,6,25,5,2,4,5,5,5,15,2,2,2,2,2,2
2023173,2023-07-02,66,66,16,3,6,7,9,11,56,14,3,6,7,9,11,46,13,3,6,7,9,11,36,10,3,6,7,9,10,26,9,3,6,8,9,9,16,5,5,5,5,5,5
2023174,2023-07-03,68,68,19,5,7,7,9,12,58,16,5,7,7,9,12,48,13,5,7,7,9,12,38,12,5,7,7,9,12,28,9,5,7,8,9,9,18,6,6,6,6,6,6
2023175,2023-07-04,66,66,17,4,6,6,6,10,56,14,4,6,6,6,10,46,11,4,6,6,6,10,36,8,4,6,6,6,8,26,6,4,6,6,6,6,16,2,2,2,2,2,2
2023176,2023-07-05,67,67,14,2,4,5,5,7,57,11,2,4,5,5,7,47,8,2,4,5,5,7,37,8,2,4,5,5,8,27,7,2,4,6,7,7,17,4,3,4,4,4,4
2023177,2023-07-06,67,67,17,5,7,8,9,13,57,15,5,7,8,9,13,47,14,5,7,8,9,13,37,11,5,7,8,9,11,27,9,5,7,9,9,9,17,5,4,5,5,5,5
2023178,2023-07-07,66,66,16,6,7,8,9,11,56,13,6,7,8,9,11,46,12,6,7,8,9,11,36,9,6,7,8,9,9,26,8,6,7,8,8,8,16,5,5,5,5,5,5
2023179,2023-07-08,67,67,17,5,5,6,7,11,57,15,5,5,6,7,11,47,11,5,5,6,7,11,37,9,5,5,6,7,9,27,6,5,5,6,6,6,17,5,5,5,5,5,5
2023180,2023-07-09,67,67,15,3,5,7,9,10,57,13,3,5,7,9,10,47,12,3,5,7,9,10,37,10,3,5,7,9,10,27,7,3,5,7,7,7,17,3,3,3,3,3,3
2023181,2023-07-10,68,68,15,1,1,3,4,7,58,13,1,1,3,4,7,48,11,1,1,3,4,7,38,6,1,1,3,4,6,28,4,1,1,3,4,4,18,2,1,2,2,2,2
2023182,2023-07-11,70,70,16,0,3,5,7,11,60,16,0,3,5,7,11,50,12,0,3,5,7,11,40,11,0,3,5,7,11,30,8,0,3,5,8,8,20,4,2,4,4,4,4
2023183,2023-07-12,67,67,18,4,5,6,9,12,57,16,4,5,6,9,12,47,14,4,5,6,9,12,37,10,4,5,6,9,10,27,5,4,5,5,5,5,17,3,3,3,3,3,3
2023184,2023-07-13,70,70,18,4,6,6,9,10,60,16,4,6,6,9,10,50,13,4,6,6,9,10,40,10,4,6,6,9,10,30,6,4,6,6,6,6,20,3,3,3,3,3,3
2023185,2023-07-14,68,68,16,2,4,4,6,9,58,15,2,4,4,6,9,48,9,2,4,4,6,9,38,8,2,4,4,6,8,28,5,2,4,4,5,5,18,2,2,2,2,2,2
2023186,2023-07-15,69,69,19,6,8,10,12,13,59,15,6,8,10,12,13,49,14,6,8,10,12,13,39,13,6,8,10,12,13,29,10,6,8,10,10,10,19,7,5,7,7,7,7
2023187,2023-07-16,65,65,17,5,6,7,8,9,55,14,5,6,7,8,9,45,10,5,6,7,8,9,35,8,5,6,7,8,8,25,7,5,6,7,7,7,15,3,3,3,3,3,3
2023188,2023-07-17,68,68,17,3,3,3,5,8,58,14,3,3,3,5,8,48,9,3,3,3,5,8,38,7,3,3,3,5,7,28,4,3,3,4,4,4,18,3,3,3,3,3,3
2023189,2023-07-18,71,71,17,3,5,5,7,11,61,16,3,5,5,7,11,51,14,3,5,5,7,11,41,11,3,5,5,7,11,31,8,3,5,5,8,8,21,3,2,2,3,3,3
2023190,2023-07-19,67,67,18,6,7,9,10,12,57,16,6,7,9,10,12,47,13,6,7,9,10,12,37,12,6,7,9,10,12,27,9,6,7,8,9,9,17,6,5,6,6,6,6
2023191,2023-07-20,67,67,18,3,6,6,7,9,57,16,3,6,6,7,9,47,14,3,6,6,7,9,37,9,3,6,6,7,9,27,8,3,6,6,8,8,17,6,6,6,6,6,6
2023192,2023-07-21,67,67,18,5,5,5,6,10,57,16,5,5,5,6,10,47,15,5,5,5,6,10,37,10,5,5,5,6,10,27,7,5,5,6,7,7,17,5,5,5,5,5,5
2023193,2023-07-22,69,69,18,2,3,5,6,9,59,15,2,3,5,6,9,49,11,2,3,5,6,9,39,10,2,3,5,6,10,29,8,2,3,6,8,8,19,4,2,4,4,4,4
2023194,2023-07-23,69,69,18,7,8,10,11,12,59,16,7,8,10,11,12,49,14,7,8,10,11,12,39,13,7,8,10,11,13,29,11,7,8,10,11,11,19,8,6,8,8,8,8
2023195,2023-07-24,64,64,16,1,2,4,7,9,54,13,1,2,4,7,9,44,11,1,2,4,7,9,34,8,1,2,4,7,8,24,5,1,2,5,5,5,14,1,1,1,1,1,1
2023196,2023-07-25,68,68,18,3,4,4,6,12,58,16,3,4,4,6,12,48,13,3,4,4,6,12,38,11,3,4,4,6,11,28,7,3,4,4,7,7,18,3,3,3,3,3,3
2023197,2023-07-26,70,70,17,3,4,4,5,9,60,15,3,4,4,5,9,50,12,3,4,4,5,9,40,9,3,4,4,5,9,30,6,3,4,4,6,6,20,3,3,3,3,3,3
2023198,2023-07-27,70,70,18,1,3,4,5,8,60,15,1,3,4,5,8,50,13,1,3,4,5,8,40,8,1,3,4,5,8,30,5,1,3,4,5,5,20,3,2,3,3,3,3
2023199,2023-07-28,70,70,17,3,4,6,7,9,60,15,3,4,6,7,9,50,13,3,4,6,7,9,40,9,3,4,6,7,9,30,7,3,4,6,7,7,20,4,3,4,4,4,4
2023200,2023-07-29,70,70,17,4,4,4,4,7,60,14,4,4,4,4,7,50,10,4,4,4,4,7,40,7,4,4,4,4,7,30,4,4,4,4,4,4,20,3,3,3,3,3,3
2023201,2023-07-30,68,68,19,3,4,4,8,10,58,16,3,4,4,8,10,48,15,3,4,4,8,10,38,9,3,4,4,8,9,28,5,3,4,5,5,5,18,2,2,2,2,2,2
2023202,2023-07-31,70,70,15,3,4,5,6,9,60,13,3,4,5,6,9,50,11,3,4,5,6,9,40,9,3,4,5,6,9,30,7,3,4,5,7,7,20,4,3,4,4,4,4
2023203,2023-08-01,68,68,16,1,2,3,5,7,58,12,1,2,3,5,7,48,9,1,2,3,5,7,38,8,1,2,3,5,8,28,4,1,2,3,4,4,18,1,1,1,1,1,1
2023204,2023-08-02,69,69,19,4,5,7,7,11,59,15,4,5,7,7,11,49,12,4,5,7,7,11,39,10,4,5,7,7,10,29,9,4,5,7,9,9,19,6,5,6,6,6,6
2023205,2023-08-03,68,68,18,3,5,7,8,10,58,14,3,5,7,8,10,48,14,3,5,7,8,10,38,9,3,5,7,8,9,28,6,3,5,6,6,6,18,4,3,4,4,4,4
2023206,2023-08-04,69,69,18,2,4,5,6,8,59,15,2,4,5,6,8,49,13,2,4,5,6,8,39,7,2,4,5,6,7,29,6,2,4,5,6,6,19,3,2,3,3,3,3
2023207,2023-08-05,70,70,15,3,5,7,8,9,60,13,3,5,7,8,9,50,11,3,5,7,8,9,40,9,3,5,7,8,9,30,9,3,5,7,9,9,20,6,4,6,6,6,6
2023208,2023-08-06,65,65,16,3,4,4,6,8,55,11,3,4,4,6,8,45,9,3,4,4,6,8,35,8,3,4,4,7,8,25,6,3,4,6,6,6,15,3,3,3,3,3,3
2023209,2023-08-07,67,67,17,4,7,8,10,10,57,15,4,7,8,10,10,47,11,4,7,8,10,10,37,10,4,7,8,10,10,27,9,4,7,9,9,9,17,6,5,6,6,6,6
2023210,2023-08-08,66,66,16,4,5,5,10,11,56,14,4,5,5,10,11,46,12,4,5,5,10,11,36,10,4,5,5,10,10,26,10,4,5,10,10,10,16,5,5,5,5,5,5
2023211,2023-08-09,66,66,17,3,4,5,8,9,56,15,3,4,5,8,9,46,14,3,4,5,8,9,36,9,3,4,5,8,9,26,7,3,4,7,7,7,16,4,3,4,4,4,4
2023212,2023-08-10,67,67,18,5,9,9,10,10,57,16,5,9,9,10,10,47,12,5,9,9,10,10,37,10,5,9,9,10,10,27,9,5,9,9,9,9,17,5,5,5,5,5,5
2023213,2023-08-11,66,66,15,3,6,7,7,8,56,12,3,6,7,7,8,46,9,3,6,7,7,8,36,7,3,6,7,7,7,26,6,3,6,6,6,6,16,5,5,5,5,5,5
2023214,2023-08-12,68,68,18,5,6,7,8,12,58,16,5,6,7,8,12,48,13,5,6,7,8,12,38,10,5,6,7,8,10,28,7,5,6,7,7,7,18,5,5,5,5,5,5
2023215,2023-08-13,65,65,15,4,5,6,7,7,55,12,4,5,6,7,7,45,9,4,5,6,7,7,35,7,4,5,6,7,7,25,7,4,5,7,7,7,15,4,4,4,4,4,4
2023216,2023-08-14,67,67,16,1,1,4,6,9,57,14,1,1,4,6,9,47,10,1,1,4,6,9,37,8,1,1,4,6,8,27,5,1,1,4,5,5,17,1,1,1,1,1,1
2023217,2023-08-15,70,70,17,5,6,6,7,10,60,15,5,6,6,7,10,50,13,5,6,6,7,10,40,10,5,6,6,7,10,30,7,5,6,6,7,7,20,5,5,5,5,5,5
2023218,2023-08-16,68,68,14,2,5,7,8,10,58,12,2,5,7,8,10,48,10,2,5,7,8,10,38,10,2,5,7,8,10,28,8,2,5,7,8,8,18,6,4,6,6,6,6
2023219,2023-08-17,64,64,14,3,3,3,6,9,54,12,3,3,3,6,9,44,9,3,3,3,6,9,34,7,3,3,3,7,7,24,4,3,3,4,4,4,14,2,2,2,2,2,2
2023220,2023-08-18,66,66,17,2,4,6,6,13,56,16,2,4,6,6,13,46,13,2,4,6,6,13,36,10,2,4,6,6,10,26,5,2,4,5,5,5,16,3,3,3,3,3,3
2023221,2023-08-19,68,68,16,3,4,4,5,7,58,11,3,4,4,5,7,48,7,3,4,4,5,7,38,7,3,4,4,5,7,28,6,3,4,4,6,6,18,3,3,3,3,3,3
2023222,2023-08-20,69,69,17,6,6,7,7,9,59,15,6,6,7,7,9,49,12,6,6,7,7,9,39,9,6,6,7,7,9,29,8,6,6,7,8,8,19,6,5,6,6,6,6
2023223,2023-08-21,67,67,19,4,5,6,7,10,57,15,4,5,6,7,10,47,12,4,5,6,7,10,37,8,4,5,6,7,8,27,7,4,5,6,7,7,17,4,4,4,4,4,4
2023224,2023-08-22,68,68,19,6,7,9,12,14,58,18,6,7,9,12,14,48,17,6,7,9,12,14,38,14,6,7,9,12,14,28,9,6,7,8,9,9,18,7,6,7,7,7,7
2023225,2023-08-23,67,67,16,1,2,3,5,7,57,11,1,2,3,5,7,47,7,1,2,3,5,7,37,6,1,2,3,5,6,27,3,1,2,2,3,3,17,2,2,2,2,2,2
2023226,2023-08-24,69,69,19,5,7,8,8,11,59,18,5,7,8,8,11,49,13,5,7,8,8,11,39,9,5,7,8,8,9,29,9,5,7,8,9,9,19,5,4,5,5,5,5
2023227,2023-08-25,68,68,17,5,7,8,9,10,58,14,5,7,8,9,10,48,11,5,7,8,9,10,38,10,5,7,8,9,10,28,9,5,7,8,9,9,18,6,6,6,6,6,6
2023228,2023-08-26,67,67,18,5,6,7,10,12,57,15,5,6,7,10,12,47,12,5,6,7,10,12,37,11,5,6,7,10,11,27,9,5,6,9,9,9,17,5,5,5,5,5,5
2023229,2023-08-27,67,67,18,6,7,7,8,10,57,13,6,7,7,8,10,47,11,6,7,7,8,10,37,10,6,7,7,8,10,27,9,6,7,8,9,9,17,7,6,7,7,7,7
2023230,2023-08-28,65,65,14,0,2,3,5,9,55,13,0,2,3,5,9,45,11,0,2,3,5,10,35,8,0,2,3,5,8,25,3,0,1,3,3,3,15,1,1,1,1,1,1
2023231,2023-08-29,70,70,19,4,5,6,7,9,60,16,4,5,6,7,9,50,11,4,5,6,7,9,40,8,4,5,6,7,8,30,6,4,5,6,6,6,20,6,6,6,6,6,6
2023232,2023-08-30,69,69,17,5,6,7,9,11,59,13,5,6,7,9,11,49,12,5,6,7,9,11,39,10,5,6,7,9,10,29,8,5,6,7,8,8,19,6,5,6,6,6,6
2023233,2023-08-31,68,68,16,5,5,7,8,10,58,12,5,5,7,8,10,48,10,5,5,7,8,10,38,8,5,5,7,8,8,28,7,5,5,7,7,7,18,4,3,4,4,4,4
2023234,2023-09-01,66,66,16,2,4,6,7,9,56,12,2,4,6,7,9,46,10,2,4,6,7,9,36,8,2,4,6,7,8,26,5,2,4,4,5,5,16,3,3,3,3,3,3
2023235,2023-09-02,69,69,16,3,4,4,7,7,59,13,3,4,4,7,7,49,8,3,4,4,7,7,39,7,3,4,4,7,7,29,4,3,4,4,4,4,19,2,2,2,2,2,2
2023236,2023-09-03,69,69,18,6,7,8,10,11,59,14,6,7,8,10,11,49,13,6,7,8,10,11,39,10,6,7,8,10,10,29,8,6,7,8,8,8,19,5,4,5,5,5,5
2023237,2023-09-04,66,66,17,5,7,8,9,14,56,16,5,7,8,9,14,46,14,5,7,8,9,14,36,12,5,7,8,9,12,26,8,5,7,7,8,8,16,6,6,6,6,6,6
2023238,2023-09-05,67,67,17,3,4,5,8,9,57,15,3,4,5,8,9,47,11,3,4,5,8,9,37,9,3,4,5,8,9,27,5,3,4,5,5,5,17,3,2,3,3,3,3
2023239,2023-09-06,68,68,16,1,2,5,5,9,58,14,1,2,5,5,9,48,11,1,2,5,5,9,38,8,1,2,5,5,8,28,6,1,2,4,6,6,18,4,3,4,4,4,4
2023240,2023-09-07,69,69,17,2,3,4,6,10,59,14,2,3,4,6,10,49,13,2,3,4,6,10,39,10,2,3,4,6,10,29,7,2,3,4,7,7,19,3,2,3,3,3,3
2023241,2023-09-08,70,70,19,3,6,9,9,12,60,16,3,6,9,9,12,50,15,3,6,9,9,12,40,12,3,6,9,9,12,30,10,3,6,9,10,10,20,6,5,6,6,6,6
2023242,2023-09-09,67,67,19,4,5,5,7,10,57,15,4,5,5,7,10,47,11,4,5,5,7,10,37,8,4,5,5,7,8,27,6,4,5,6,6,6,17,4,4,4,4,4,4
2023243,2023-09-10,70,70,18,4,6,6,8,13,60,17,4,6,6,8,13,50,14,4,6,6,8,13,40,13,4,6,6,8,13,30,9,4,6,6,9,9,20,4,4,4,4,4,4
2023244,2023-09-11,68,68,18,4,5,6,6,8,58,16,4,5,6,6,8,48,11,4,5,6,6,8,38,9,4,5,6,6,9,28,7,4,5,5,7,7,18,4,4,4,4,4,4
2023245,2023-09-12,70,70,18,4,5,6,7,8,60,15,4,5,6,7,8,50,12,4,5,6,7,8,40,9,4,5,6,7,9,30,6,4,5,6,6,6,20,6,5,6,6,6,6
2023246,2023-09-13,67,67,16,2,4,5,5,8,57,16,2,4,5,5,8,47,12,2,4,5,5,8,37,9,2,4,5,5,9,27,7,2,4,5,7,7,17,4,3,4,4,4,4
2023247,2023-09-14,68,68,18,3,4,4,6,10,58,16,3,4,4,6,10,48,12,3,4,4,6,10,38,8,3,4,4,6,8,28,6,3,4,5,6,6,18,4,4,4,4,4,4
2023248,2023-09-15,69,69,19,3,5,6,7,10,59,18,3,5,6,7,10,49,13,3,5,6,7,10,39,10,3,5,6,7,10,29,8,3,5,6,8,8,19,4,4,4,4,4,4
2023249,2023-09-16,69,69,18,3,4,7,7,9,59,16,3,4,7,7,9,49,11,3,4,7,7,9,39,9,3,4,7,7,9,29,9,3,4,7,9,9,19,6,5,6,6,6,6
2023250,2023-09-17,68,68,18,4,5,6,7,10,58,14,4,5,6,7,10,48,10,4,5,6,7,10,38,9,4,5,6,7,9,28,8,4,5,7,8,8,18,5,4,5,5,5,5
2023251,2023-09-18,69,69,17,6,6,8,8,12,59,14,6,6,8,8,12,49,13,6,6,8,8,12,39,11,6,6,8,8,11,29,10,6,6,8,10,10,19,6,4,6,6,6,6
2023252,2023-09-19,65,65,17,5,5,5,5,8,55,12,5,5,5,5,8,45,9,5,5,5,5,8,35,8,5,5,5,6,8,25,5,5,5,5,5,5,15,4,4,4,4,4,4
2023253,2023-09-20,67,67,17,2,4,6,7,12,57,17,2,4,6,7,12,47,14,2,4,6,7,12,37,9,2,4,6,7,9,27,6,2,4,5,6,6,17,3,3,3,3,3,3
2023254,2023-09-21,70,70,18,1,1,3,4,9,60,14,1,1,3,4,9,50,12,1,1,3,4,9,40,8,1,1,3,4,8,30,5,1,1,3,5,5,20,3,1,3,3,3,3
2023255,2023-09-22,71,71,19,4,5,5,6,8,61,16,4,5,5,6,8,51,13,4,5,5,6,8,41,9,4,5,5,6,9,31,7,4,5,5,7,7,21,5,4,4,5,5,5
2023256,2023-09-23,70,70,17,4,4,5,6,8,60,16,4,4,5,6,8,50,10,4,4,5,6,8,40,8,4,4,5,6,8,30,7,4,4,5,7,7,20,5,4,5,5,5,5
2023257,2023-09-24,68,68,16,3,5,5,7,9,58,13,3,5,5,7,9,48,9,3,5,5,7,9,38,8,3,5,5,7,8,28,6,3,5,5,6,6,18,4,3,4,4,4,4
2023258,2023-09-25,68,68,16,3,4,5,5,7,58,12,3,4,5,5,7,48,10,3,4,5,5,7,38,8,3,4,5,5,8,28,5,3,4,5,5,5,18,4,2,4,4,4,4
2023259,2023-09-26,65,65,15,4,4,4,7,8,55,12,4,4,4,7,8,45,10,4,4,4,7,8,35,7,4,4,4,7,7,25,7,4,4,7,7,7,15,3,3,3,3,3,3
2023260,2023-09-27,67,67,14,3,3,5,9,12,57,14,3,3,5,9,12,47,12,3,3,5,9,12,37,11,3,3,5,9,11,27,6,3,3,6,6,6,17,5,3,5,5,5,5
2023261,2023-09-28,67,67,18,1,2,3,6,10,57,15,1,2,3,6,10,47,12,1,2,3,6,10,37,8,1,2,3,6,8,27,5,1,1,4,5,5,17,1,1,1,1,1,1
2023262,2023-09-29,71,71,18,4,6,7,10,12,61,14,4,6,7,10,12,51,13,4,6,7,10,12,41,12,4,6,7,10,12,31,9,4,6,7,8,9,21,6,4,5,6,6,6
2023263,2023-09-30,67,67,16,0,0,1,5,8,57,13,0,0,1,5,8,47,8,0,0,1,5,8,37,6,0,0,1,5,6,27,3,0,0,3,3,3,17,1,0,1,1,1,1
2023264,2023-10-05,71,71,17,2,4,5,5,8,61,15,2,4,5,5,8,51,11,2,4,5,5,8,41,9,2,4,5,5,8,31,7,2,4,5,6,7,21,3,2,3,3,3,3
2023265,2023-10-06,70,70,16,4,6,7,7,9,60,12,4,6,7,7,9,50,10,4,6,7,7,9,40,10,4,6,7,7,10,30,8,4,6,7,8,8,20,4,3,4,4,4,4
2023266,2023-10-07,68,68,16,7,8,9,9,10,58,14,7,8,9,9,10,48,12,7,8,9,9,10,38,11,7,8,9,9,11,28,10,7,8,10,10,10,18,8,7,8,8,8,8
2023267,2023-10-08,64,64,15,4,7,7,7,10,54,12,4,7,7,7,10,44,10,4,7,7,7,10,34,10,4,7,7,9,10,24,7,4,7,7,7,7,14,4,4,4,4,4,4
2023268,2023-10-09,67,67,17,4,6,8,8,10,57,15,4,6,8,8,10,47,11,4,6,8,8,10,37,10,4,6,8,8,10,27,7,4,6,7,7,7,17,6,6,6,6,6,6
2023269,2023-10-10,66,66,18,3,6,7,9,9,56,15,3,6,7,9,9,46,9,3,6,7,9,9,36,9,3,6,7,9,9,26,8,3,6,8,8,8,16,4,4,4,4,4,4
2023270,2023-10-11,66,66,17,4,7,9,9,12,56,14,4,7,9,9,12,46,13,4,7,9,9,12,36,11,4,7,9,9,11,26,10,4,7,10,10,10,16,6,5,6,6,6,6
2023271,2023-10-12,66,66,16,3,5,5,7,8,56,15,3,5,5,7,8,46,8,3,5,5,7,8,36,7,3,5,5,7,7,26,7,3,5,7,7,7,16,5,5,5,5,5,5
2023272,2023-10-13,66,66,15,1,2,5,8,11,56,13,1,2,5,8,11,46,11,1,2,5,8,11,36,9,1,2,5,8,9,26,5,1,2,4,5,5,16,2,2,2,2,2,2
2023273,2023-10-14,70,70,16,4,4,6,7,10,60,16,4,4,6,7,10,50,12,4,4,6,7,10,40,9,4,4,6,7,9,30,6,4,4,6,6,6,20,6,4,6,6,6,6
2023274,2023-10-15,68,68,17,4,6,7,8,10,58,13,4,6,7,8,10,48,11,4,6,7,8,10,38,10,4,6,7,8,10,28,7,4,6,7,7,7,18,6,5,6,6,6,6
2023275,2023-10-16,66,66,18,2,3,4,6,11,56,15,2,3,4,6,11,46,13,2,3,4,6,11,36,10,2,3,4,6,10,26,6,2,4,6,6,6,16,3,3,3,3,3,3
2023276,2023-10-17,69,69,17,5,5,5,7,11,59,16,5,5,5,7,11,49,14,5,5,5,7,11,39,11,5,5,5,7,11,29,6,5,5,5,6,6,19,5,5,5,5,5,5
2023277,2023-10-18,70,70,19,7,8,9,10,14,60,18,7,8,9,10,14,50,15,7,8,9,10,14,40,14,7,8,9,10,14,30,12,7,8,9,12,12,20,6,5,6,6,6,6
2023278,2023-10-19,64,64,17,3,5,5,6,11,54,14,3,5,5,6,11,44,11,3,5,5,6,11,34,9,3,5,5,6,9,24,6,3,5,6,6,6,14,4,4,4,4,4,4
2023279,2023-10-20,68,68,16,4,8,8,9,11,58,14,4,8,8,9,11,48,13,4,8,8,9,11,38,11,4,8,8,9,11,28,10,4,8,8,10,10,18,6,6,6,6,6,6
2023280,2023-10-21,65,65,18,5,5,5,7,10,55,15,5,5,5,7,10,45,11,5,5,5,7,10,35,9,5,5,5,7,9,25,6,5,5,6,6,6,15,3,3,3,3,3,3
2023281,2023-10-22,68,68,18,7,8,8,9,13,58,17,7,8,8,9,13,48,15,7,8,8,9,13,38,11,7,8,8,9,11,28,10,7,8,9,10,10,18,7,7,7,7,7,7
2023282,2023-10-23,66,66,13,5,5,7,9,12,56,13,5,5,7,9,12,46,13,5,5,7,9,12,36,11,5,5,7,9,11,26,7,5,5,7,7,7,16,4,4,4,4,4,4
2023283,2023-10-24,64,64,16,2,3,6,8,11,54,15,2,3,6,8,11,44,13,2,3,6,8,12,34,9,2,3,6,8,9,24,6,2,3,6,6,6,14,2,2,2,2,2,2
2023284,2023-10-25,66,66,18,5,6,6,7,10,56,15,5,6,6,7,10,46,11,5,6,6,7,10,36,9,5,6,6,7,9,26,7,5,6,7,7,7,16,5,5,5,5,5,5
2023285,2023-10-26,69,69,20,6,9,12,13,15,59,20,6,9,12,13,15,49,18,6,9,12,13,15,39,16,6,9,12,13,16,29,11,6,9,10,11,11,19,7,5,7,7,7,7
2023286,2023-10-27,64,64,14,2,5,6,7,9,54,9,2,5,6,7,9,44,9,2,5,6,7,9,34,8,2,5,6,6,8,24,6,2,5,6,6,6,14,3,3,3,3,3,3
2023287,2023-10-28,66,66,13,5,5,5,6,7,56,12,5,5,5,6,7,46,10,5,5,5,6,7,36,6,5,5,5,6,6,26,5,5,5,5,5,5,16,3,3,3,3,3,3
2023288,2023-10-29,67,67,15,2,2,4,5,7,57,13,2,2,4,5,7,47,10,2,2,4,5,7,37,6,2,2,4,5,6,27,5,2,3,4,5,5,17,2,2,2,2,2,2
2023289,2023-10-30,66,66,19,3,3,5,6,11,56,17,3,3,5,6,11,46,13,3,3,5,6,11,36,9,3,3,5,6,9,26,5,3,3,5,5,5,16,3,3,3,3,3,3
2023290,2023-10-31,70,70,19,3,3,5,7,9,60,15,3,3,5,7,9,50,11,3,3,5,7,9,40,9,3,3,5,7,9,30,7,3,3,5,7,7,20,6,3,6,6,6,6
2023291,2023-11-01,69,69,16,4,5,5,5,8,59,16,4,5,5,5,8,49,12,4,5,5,5,8,39,8,4,5,5,5,8,29,6,4,5,5,6,6,19,4,4,4,4,4,4
2023292,2023-11-02,68,68,17,5,7,7,7,11,58,15,5,7,7,7,11,48,12,5,7,7,7,11,38,10,5,7,7,7,10,28,10,5,7,8,10,10,18,5,5,5,5,5,5
2023293,2023-11-03,66,66,19,4,5,7,10,14,56,16,4,5,7,10,14,46,14,4,5,7,10,14,36,12,4,5,7,10,12,26,8,4,5,7,8,8,16,4,4,4,4,4,4
2023294,2023-11-04,68,68,17,3,3,6,8,10,58,14,3,3,6,8,10,48,12,3,3,6,8,10,38,10,3,3,6,8,10,28,6,3,3,6,6,6,18,4,3,4,4,4,4
2023295,2023-11-05,69,69,16,3,4,4,6,7,59,15,3,4,4,6,7,49,10,3,4,4,6,7,39,6,3,4,4,6,6,29,4,3,4,4,4,4,19,3,3,3,3,3,3
2023296,2023-11-06,69,69,18,6,8,8,8,11,59,16,6,8,8,8,11,49,15,6,8,8,8,11,39,12,6,8,8,8,12,29,11,6,8,9,11,11,19,6,5,6,6,6,6
2023297,2023-11-07,65,65,16,4,4,5,7,7,55,11,4,4,5,7,7,45,8,4,4,5,7,7,35,6,4,4,5,6,6,25,5,4,4,5,5,5,15,4,4,4,4,4,4
2023298,2023-11-08,67,67,15,3,5,7,7,10,57,11,3,5,7,7,10,47,10,3,5,7,7,10,37,9,3,5,7,7,9,27,5,3,5,5,5,5,17,4,3,4,4,4,4
2023299,2023-11-09,66,66,18,6,8,9,10,14,56,17,6,8,9,10,14,46,15,6,8,9,10,14,36,12,6,8,9,11,12,26,9,6,8,9,9,9,16,6,6,6,6,6,6
2023300,2023-11-10,65,65,18,5,7,8,10,14,55,17,5,7,8,10,14,45,15,5,7,8,10,14,35,12,5,7,8,10,12,25,9,5,7,9,9,9,15,4,4,4,4,4,4
2023301,2023-11-11,67,67,17,4,5,7,9,10,57,15,4,5,7,9,10,47,13,4,5,7,9,10,37,10,4,5,7,9,10,27,6,4,5,6,6,6,17,5,4,5,5,5,5
2023302,2023-11-12,68,68,17,5,6,8,8,11,58,15,5,6,8,8,11,48,15,5,6,8,8,11,38,9,5,6,8,8,9,28,8,5,6,7,8,8,18,6,5,6,6,6,6
2023303,2023-11-13,67,67,12,4,7,7,7,7,57,9,4,7,7,7,7,47,8,4,7,7,7,7,37,8,4,7,7,7,8,27,7,4,7,7,7,7,17,6,6,6,6,6,6
2023304,2023-11-14,62,62,15,4,6,9,9,10,52,15,4,6,9,9,10,42,12,4,6,9,9,10,32,9,4,6,8,8,9,22,8,4,6,8,8,8,12,4,4,4,4,4,4
2023305,2023-11-15,66,66,17,3,3,5,6,10,56,15,3,3,5,6,10,46,12,3,3,5,6,10,36,8,3,3,5,6,8,26,4,3,3,4,4,4,16,3,2,3,3,3,3
2023306,2023-11-16,68,68,17,2,3,6,9,11,58,14,2,3,6,9,11,48,13,2,3,6,9,11,38,11,2,3,6,9,11,28,6,2,3,6,6,6,18,4,2,4,4,4,4
2023307,2023-11-17,69,69,18,6,6,7,8,11,59,14,6,6,7,8,11,49,14,6,6,7,8,11,39,11,6,6,7,8,11,29,9,6,6,7,9,9,19,4,4,4,4,4,4
2023308,2023-11-18,69,69,17,3,4,6,9,10,59,15,3,4,6,9,10,49,12,3,4,6,9,10,39,10,3,4,6,9,10,29,7,3,4,7,7,7,19,4,2,4,4,4,4
2023309,2023-11-19,66,66,17,3,4,5,8,13,56,17,3,4,5,8,13,46,14,3,4,5,8,13,36,11,3,4,5,8,11,26,6,3,4,6,6,6,16,4,4,4,4,4,4
2023310,2023-11-20,69,69,16,1,1,2,4,7,59,13,1,1,2,4,7,49,11,1,1,2,4,7,39,7,1,1,2,4,7,29,4,1,1,2,4,4,19,1,0,1,1,1,1
2023311,2023-11-21,70,70,16,4,5,5,6,9,60,14,4,5,5,6,9,50,13,4,5,5,6,9,40,9,4,5,5,6,9,30,5,4,5,5,5,5,20,3,3,3,3,3,3
2023312,2023-11-22,69,69,19,4,4,6,7,12,59,18,4,4,6,7,12,49,17,4,4,6,7,12,39,11,4,4,6,7,11,29,9,4,4,7,9,9,19,6,4,6,6,6,6
2023313,2023-11-23,68,68,15,5,7,8,8,11,58,14,5,7,8,8,11,48,12,5,7,8,8,11,38,11,5,7,8,8,11,28,10,5,7,9,10,10,18,6,5,6,6,6,6
2023314,2023-11-24,64,64,15,3,5,5,7,10,54,14,3,5,5,7,10,44,11,3,5,5,7,10,34,10,3,5,5,9,10,24,4,3,4,4,4,4,14,3,3,3,3,3,3
2023315,2023-11-25,68,68,17,3,5,5,5,10,58,14,3,5,5,5,10,48,12,3,5,5,5,10,38,8,3,5,5,5,8,28,5,3,5,5,5,5,18,5,5,5,5,5,5
2023316,2023-11-26,68,68,14,1,1,1,2,6,58,10,1,1,1,2,6,48,6,1,1,1,2,6,38,5,1,1,1,2,5,28,4,1,1,2,4,4,18,1,1,1,1,1,1
2023317,2023-11-27,71,71,16,5,7,7,8,9,61,13,5,7,7,8,9,51,11,5,7,7,8,9,41,9,5,7,7,8,9,31,8,5,7,7,8,8,21,6,6,6,6,6,6
2023318,2023-11-28,66,66,16,3,7,8,10,11,56,15,3,7,8,10,11,46,13,3,7,8,10,11,36,10,3,7,8,9,10,26,7,3,6,7,7,7,16,5,4,5,5,5,5
2023319,2023-11-29,65,65,16,5,7,8,8,14,55,15,5,7,8,8,14,45,14,5,7,8,8,14,35,10,5,7,8,8,10,25,7,5,7,7,7,7,15,5,5,5,5,5,5
2023320,2023-11-30,65,65,16,3,3,4,4,9,55,11,3,3,4,4,9,45,10,3,3,4,4,9,35,7,3,3,4,4,7,25,4,3,3,4,4,4,15,2,2,2,2,2,2
2023321,2023-12-01,68,68,19,8,8,8,10,13,58,18,8,8,8,10,13,48,15,8,8,8,10,13,38,11,8,8,8,10,11,28,9,8,8,8,9,9,18,7,7,7,7,7,7
2023322,2023-12-02,66,66,18,5,6,7,8,12,56,16,5,6,7,8,12,46,14,5,6,7,8,12,36,11,5,6,7,8,11,26,7,5,6,7,7,7,16,5,4,5,5,5,5
2023323,2023-12-03,66,66,17,3,5,7,7,9,56,14,3,5,7,7,9,46,12,3,5,7,7,9,36,10,3,5,7,7,10,26,5,3,5,5,5,5,16,4,4,4,4,4,4
2023324,2023-12-04,68,68,15,1,2,3,8,12,58,14,1,2,3,8,12,48,13,1,2,3,8,12,38,10,1,2,3,8,10,28,5,1,2,4,5,5,18,1,0,1,1,1,1
2023325,2023-12-05,70,70,18,2,3,6,7,8,60,14,2,3,6,7,8,50,9,2,3,6,7,8,40,7,2,3,6,7,7,30,6,2,3,6,6,6,20,5,2,5,5,5,5
2023326,2023-12-06,71,71,17,3,4,4,5,7,61,13,3,4,4,5,7,51,10,3,4,4,5,7,41,7,3,4,4,5,7,31,6,3,4,4,6,6,21,4,3,3,4,4,4
2023327,2023-12-07,70,70,18,1,2,3,5,7,60,14,1,2,3,5,7,50,10,1,2,3,5,7,40,6,1,2,3,5,6,30,4,1,2,3,4,4,20,2,1,2,2,2,2
2023328,2023-12-08,70,70,17,6,7,7,9,10,60,16,6,7,7,9,10,50,12,6,7,7,9,10,40,10,6,7,7,9,10,30,9,6,7,7,9,9,20,8,6,8,8,8,8
2023329,2023-12-09,67,67,17,4,6,7,9,12,57,15,4,6,7,9,12,47,13,4,6,7,9,12,37,11,4,6,7,9,11,27,9,4,6,8,9,9,17,5,3,5,5,5,5
2023330,2023-12-10,66,66,18,3,7,7,9,13,56,15,3,7,7,9,13,46,14,3,7,7,9,13,36,11,3,7,7,9,11,26,9,3,7,9,9,9,16,5,5,5,5,5,5
2023331,2023-12-11,67,67,15,2,3,5,5,10,57,12,2,3,5,5,10,47,10,2,3,5,5,10,37,9,2,3,5,5,9,27,5,2,3,4,5,5,17,3,3,3,3,3,3
2023332,2023-12-12,69,69,17,5,6,6,6,8,59,14,5,6,6,6,8,49,13,5,6,6,6,8,39,8,5,6,6,6,8,29,7,5,6,6,7,7,19,6,6,6,6,6,6
2023333,2023-12-13,68,68,15,3,5,7,8,11,58,14,3,5,7,8,11,48,12,3,5,7,8,11,38,9,3,5,7,8,9,28,8,3,5,7,8,8,18,5,3,5,5,5,5
2023334,2023-12-14,66,66,15,3,5,7,9,10,56,13,3,5,7,9,10,46,12,3,5,7,9,10,36,9,3,5,7,8,9,26,7,3,5,7,7,7,16,4,4,4,4,4,4
2023335,2023-12-15,65,65,14,2,3,4,7,8,55,10,2,3,4,7,8,45,9,2,3,4,7,8,35,7,2,3,4,7,7,25,5,2,3,5,5,5,15,1,1,1,1,1,1
2023336,2023-12-16,67,67,15,3,5,6,6,9,57,13,3,5,6,6,9,47,10,3,5,6,6,9,37,8,3,5,6,6,8,27,7,3,5,6,7,7,17,4,4,4,4,4,4
2023337,2023-12-17,67,67,15,6,8,9,10,10,57,12,6,8,9,10,10,47,11,6,8,9,10,10,37,10,6,8,9,10,10,27,9,6,8,9,9,9,17,6,6,6,6,6,6
2023338,2023-12-18,64,64,17,4,6,8,8,9,54,15,4,6,8,8,9,44,9,4,6,8,8,9,34,8,4,6,8,8,8,24,7,4,5,7,7,7,14,3,3,3,3,3,3
2023339,2023-12-19,67,67,16,5,5,7,8,10,57,15,5,5,7,8,10,47,13,5,5,7,8,10,37,10,5,5,7,8,10,27,7,5,5,7,7,7,17,7,5,7,7,7,7
2023340,2023-12-20,67,67,15,4,6,8,8,10,57,15,4,6,8,8,10,47,13,4,6,8,8,10,37,10,4,6,8,8,10,27,7,4,6,6,7,7,17,5,5,5,5,5,5
2023341,2023-12-21,65,65,17,3,5,7,7,11,55,13,3,5,7,7,11,45,12,3,5,7,7,11,35,10,3,5,7,7,10,25,7,3,6,7,7,7,15,3,3,3,3,3,3
2023342,2023-12-22,67,67,16,2,3,6,7,9,57,12,2,3,6,7,9,47,11,2,3,6,7,9,37,8,2,3,6,7,8,27,6,2,3,6,6,6,17,3,2,3,3,3,3
2023343,2023-12-23,69,69,16,2,3,4,6,8,59,14,2,3,4,6,8,49,10,2,3,4,6,8,39,8,2,3,4,6,8,29,5,2,3,5,5,5,19,3,2,3,3,3,3
2023344,2023-12-24,68,68,15,6,6,6,7,9,58,14,6,6,6,7,9,48,10,6,6,6,7,9,38,9,6,6,6,7,9,28,7,6,6,6,7,7,18,3,3,3,3,3,3
2023345,2023-12-25,66,66,15,3,4,6,6,10,56,13,3,4,6,6,10,46,9,3,4,6,6,9,36,9,3,4,6,6,9,26,4,3,4,4,4,4,16,3,3,3,3,3,3
2023346,2023-12-26,67,67,19,5,6,7,10,14,57,18,5,6,7,10,14,47,17,5,6,7,10,14,37,13,5,6,7,10,13,27,8,5,6,7,8,8,17,3,3,3,3,3,3
2023347,2023-12-27,68,68,16,3,5,7,8,12,58,14,3,5,7,8,12,48,12,3,5,7,8,12,38,9,3,5,7,8,9,28,7,3,5,7,7,7,18,4,3,4,4,4,4
2023348,2023-12-28,67,67,17,4,4,4,4,7,57,14,4,4,4,4,7,47,9,4,4,4,4,7,37,5,4,4,4,4,5,27,5,4,4,5,5,5,17,2,2,2,2,2,2
2023349,2023-12-29,69,69,16,1,2,4,6,9,59,13,1,2,4,6,9,49,11,1,2,4,6,9,39,9,1,2,4,6,9,29,5,1,2,4,5,5,19,3,1,3,3,3,3
2023350,2023-12-30,68,68,18,4,4,7,7,9,58,14,4,4,7,7,9,48,13,4,4,7,7,9,38,9,4,4,7,7,9,28,8,4,4,7,8,8,18,6,5,6,6,6,6
2023351,2023-12-31,71,71,19,4,5,6,7,13,61,17,4,5,6,7,13,51,14,4,5,6,7,13,41,13,4,5,6,7,13,31,8,4,5,6,8,8,21,5,4,5,5,5,5
2024001,2024-01-01,69,69,19,3,5,6,8,9,59,16,3,5,6,8,9,49,14,3,5,6,8,9,39,10,3,5,6,8,10,29,6,3,5,6,6,6,19,4,3,4,4,4,4
2024002,2024-01-02,70,70,18,3,4,5,6,9,60,16,3,4,5,6,9,50,13,3,4,5,6,9,40,10,3,4,5,6,10,30,7,3,4,5,7,7,20,4,3,4,4,4,4
2024003,2024-01-03,70,70,17,6,8,9,10,11,60,15,6,8,9,10,11,50,14,6,8,9,10,11,40,11,6,8,9,10,11,30,9,6,8,9,9,9,20,7,6,7,7,7,7
2024004,2024-01-04,66,66,16,5,5,5,7,9,56,12,5,5,5,7,9,46,11,5,5,5,7,9,36,9,5,5,5,7,9,26,7,5,5,7,7,7,16,5,5,5,5,5,5
2024005,2024-01-05,65,65,17,2,3,4,5,7,55,12,2,3,4,5,7,45,8,2,3,4,5,7,35,5,2,3,4,4,5,25,4,2,3,4,4,4,15,2,2,2,2,2,2
2024006,2024-01-06,70,70,19,5,8,9,9,11,60,15,5,8,9,9,11,50,13,5,8,9,9,11,40,12,5,8,9,9,12,30,10,5,8,9,10,10,20,6,5,6,6,6,6
2024007,2024-01-07,66,66,18,2,4,6,8,9,56,14,2,4,6,8,9,46,10,2,4,6,8,9,36,8,2,4,6,8,8,26,6,2,4,6,6,6,16,3,2,3,3,3,3
2024008,2024-01-08,69,69,17,3,5,5,6,8,59,15,3,5,5,6,8,49,11,3,5,5,6,8,39,8,3,5,5,6,8,29,7,3,5,5,7,7,19,4,3,4,4,4,4
2024009,2024-01-09,70,70,16,5,6,8,9,11,60,15,5,6,8,9,11,50,14,5,6,8,9,11,40,11,5,6,8,9,11,30,10,5,6,8,10,10,20,6,4,6,6,6,6
2024010,2024-01-10,66,66,19,7,9,10,11,12,56,17,7,9,10,11,12,46,14,7,9,10,11,12,36,12,7,9,10,11,12,26,11,7,9,11,11,11,16,7,6,7,7,7,7
2024011,2024-01-11,63,63,13,1,2,4,4,7,53,11,1,2,4,4,7,43,8,1,2,4,4,7,33,5,1,2,4,4,5,23,4,1,4,4,4,4,13,1,1,1,1,1,1
2024012,2024-01-12,66,66,16,4,6,7,9,10,56,15,4,6,7,9,10,46,12,4,6,7,9,10,36,10,4,6,7,9,10,26,7,4,6,7,7,7,16,4,4,4,4,4,4
2024013,2024-01-13,68,68,17,2,3,4,4,6,58,15,2,3,4,4,6,48,11,2,3,4,4,6,38,4,2,3,4,4,4,28,3,2,3,3,3,3,18,3,3,3,3,3,3
2024014,2024-01-14,71,71,18,2,3,5,5,7,61,14,2,3,5,5,7,51,8,2,3,5,5,7,41,7,2,3,5,5,7,31,5,2,3,5,5,5,21,3,1,3,3,3,3
2024015,2024-01-15,69,69,19,4,5,7,9,11,59,14,4,5,7,9,11,49,14,4,5,7,9,11,39,13,4,5,7,9,13,29,8,4,5,7,8,8,19,7,5,7,7,7,7
2024016,2024-01-16,69,69,18,5,5,6,8,10,59,15,5,5,6,8,10,49,11,5,5,6,8,10,39,10,5,5,6,8,10,29,7,5,5,6,7,7,19,4,3,4,4,4,4
2024017,2024-01-17,68,68,17,4,4,6,8,14,58,17,4,4,6,8,14,48,16,4,4,6,8,14,38,12,4,4,6,8,12,28,9,4,4,7,9,9,18,5,4,5,5,5,5
2024018,2024-01-18,68,68,18,6,8,9,10,12,58,14,6,8,9,10,12,48,13,6,8,9,10,12,38,12,6,8,9,10,12,28,10,6,8,9,10,10,18,5,5,5,5,5,5
2024019,2024-01-19,65,65,16,2,3,5,5,10,55,14,2,3,5,5,10,45,11,2,3,5,5,10,35,8,2,3,5,5,8,25,3,2,3,3,3,3,15,3,3,3,3,3,3
2024020,2024-01-20,69,69,17,3,3,5,5,9,59,15,3,3,5,5,9,49,13,3,3,5,5,9,39,8,3,3,5,5,8,29,7,3,3,5,7,7,19,4,3,4,4,4,4
2024021,2024-01-21,71,71,17,3,6,9,9,10,61,15,3,6,9,9,10,51,12,3,6,9,9,10,41,10,3,6,9,9,10,31,9,3,6,9,9,9,21,7,4,7,7,7,7
2024022,2024-01-22,64,64,15,4,6,6,6,9,54,12,4,6,6,6,9,44,11,4,6,6,6,9,34,8,4,6,6,7,8,24,6,4,6,6,6,6,14,4,4,4,4,4,4
2024023,2024-01-23,67,67,16,3,3,3,6,8,57,12,3,3,3,6,8,47,10,3,3,3,6,9,37,7,3,3,3,6,7,27,7,3,3,6,7,7,17,3,3,3,3,3,3
2024024,2024-01-24,67,67,16,7,7,8,10,11,57,15,7,7,8,10,11,47,13,7,7,8,10,11,37,12,7,7,8,10,12,27,8,7,7,8,8,8,17,7,7,7,7,7,7
2024025,2024-01-25,66,66,16,3,4,5,8,10,56,14,3,4,5,8,10,46,10,3,4,5,8,10,36,9,3,4,5,8,9,26,7,3,3,6,7,7,16,3,3,3,3,3,3
2024026,2024-01-26,66,66,16,5,6,7,7,9,56,13,5,6,7,7,9,46,11,5,6,7,7,9,36,8,5,6,7,7,8,26,7,5,6,7,7,7,16,6,5,6,6,6,6
2024027,2024-01-27,66,66,17,4,4,5,6,12,56,15,4,4,5,6,12,46,13,4,4,5,6,12,36,10,4,4,5,6,10,26,5,4,4,5,5,5,16,4,4,4,4,4,4
2024028,2024-01-28,66,66,19,2,3,4,6,11,56,14,2,3,4,6,11,46,12,2,3,4,6,11,36,8,2,3,4,6,8,26,6,2,3,6,6,6,16,3,3,3,3,3,3
2024029,2024-01-29,70,70,16,2,3,5,8,11,60,15,2,3,5,8,11,50,13,2,3,5,8,11,40,11,2,3,5,8,11,30,8,2,3,5,8,8,20,4,2,4,4,4,4
2024030,2024-01-30,68,68,18,2,4,6,10,10,58,14,2,4,6,10,10,48,13,2,4,6,10,10,38,11,2,4,6,10,11,28,6,2,4,6,6,6,18,5,4,5,5,5,5
2024031,2024-01-31,70,70,16,6,7,9,10,11,60,15,6,7,9,10,11,50,15,6,7,9,10,11,40,11,6,7,9,10,11,30,9,6,7,9,9,9,20,8,8,8,8,8,8
2024032,2024-02-01,66,66,17,5,6,8,8,11,56,14,5,6,8,8,11,46,12,5,6,8,8,11,36,8,5,6,8,8,8,26,6,5,6,6,6,6,16,4,4,4,4,4,4
2024033,2024-02-02,65,65,16,4,6,7,9,10,55,13,4,6,7,9,10,45,11,4,6,7,9,11,35,9,4,6,7,9,9,25,8,4,6,8,8,8,15,5,5,5,5,5,5
2024034,2024-02-03,66,66,17,3,4,5,7,10,56,15,3,4,5,7,10,46,12,3,4,5,7,10,36,8,3,4,5,7,8,26,7,3,4,6,7,7,16,4,4,4,4,4,4
2024035,2024-02-04,68,68,17,7,7,8,9,9,58,14,7,7,8,9,9,48,12,7,7,8,9,9,38,10,7,7,8,9,10,28,8,7,7,8,8,8,18,6,5,6,6,6,6
2024036,2024-02-05,65,65,15,4,5,7,9,11,55,13,4,5,7,9,11,45,12,4,5,7,9,11,35,10,4,5,7,10,10,25,7,4,5,7,7,7,15,3,3,3,3,3,3
2024037,2024-02-06,67,67,17,7,7,8,9,13,57,16,7,7,8,9,13,47,14,7,7,8,9,13,37,12,7,7,8,9,12,27,9,7,7,9,9,9,17,6,5,6,6,6,6
2024038,2024-02-07,65,65,17,5,6,6,8,10,55,14,5,6,6,8,10,45,10,5,6,6,8,10,35,8,5,6,6,8,8,25,8,5,6,8,8,8,15,5,5,5,5,5,5
2024039,2024-02-18,66,66,17,6,6,7,8,10,56,14,6,6,7,8,10,46,10,6,6,7,8,10,36,9,6,6,7,8,9,26,7,6,6,7,7,7,16,5,5,5,5,5,5
2024040,2024-02-19,67,67,16,2,3,4,5,6,57,13,2,3,4,5,6,47,8,2,3,4,5,6,37,5,2,3,4,5,5,27,4,2,3,4,4,4,17,3,3,3,3,3,3
2024041,2024-02-20,70,70,18,3,4,5,6,8,60,15,3,4,5,6,8,50,14,3,4,5,6,8,40,9,3,4,5,6,9,30,6,3,4,6,6,6,20,5,4,5,5,5,5
2024042,2024-02-21,68,68,18,6,7,8,10,10,58,17,6,7,8,10,10,48,14,6,7,8,10,10,38,11,6,7,8,10,11,28,8,6,7,8,8,8,18,6,5,6,6,6,6
2024043,2024-02-22,68,68,19,4,5,8,9,10,58,16,4,5,8,9,10,48,13,4,5,8,9,10,38,11,4,5,8,9,11,28,5,4,5,5,5,5,18,4,3,4,4,4,4
2024044,2024-02-23,68,68,16,5,5,7,9,9,58,13,5,5,7,9,9,48,10,5,5,7,9,9,38,10,5,5,7,9,10,28,7,5,5,7,7,7,18,6,4,6,6,6,6
2024045,2024-02-24,67,67,17,4,6,8,8,11,57,15,4,6,8,8,11,47,13,4,6,8,8,11,37,12,4,6,8,8,12,27,9,4,6,9,9,9,17,6,4,6,6,6,6
2024046,2024-02-25,65,65,18,8,10,12,12,13,55,16,8,10,12,12,13,45,15,8,10,12,12,13,35,13,8,10,12,13,13,25,10,8,10,10,10,10,15,6,6,6,6,6,6
2024047,2024-02-26,65,65,18,5,6,10,10,12,55,18,5,6,10,10,12,45,16,5,6,10,10,12,35,10,5,6,10,10,10,25,7,5,6,7,7,7,15,5,5,5,5,5,5
2024048,2024-02-27,67,67,17,2,3,7,9,12,57,13,2,3,7,9,12,47,13,2,3,7,9,12,37,12,2,3,7,9,12,27,7,2,3,6,7,7,17,3,1,3,3,3,3
2024049,2024-02-28,68,68,15,2,3,3,4,8,58,12,2,3,3,4,8,48,9,2,3,3,4,8,38,7,2,3,3,4,7,28,5,2,3,3,5,5,18,2,2,2,2,2,2
2024050,2024-02-29,71,71,18,5,6,7,8,11,61,15,5,6,7,8,11,51,14,5,6,7,8,11,41,11,5,6,7,8,11,31,10,5,6,7,9,10,21,7,6,7,7,7,7
2024051,2024-03-01,67,67,16,5,7,8,8,10,57,15,5,7,8,8,10,47,13,5,7,8,8,10,37,11,5,7,8,8,11,27,7,5,7,7,7,7,17,7,6,7,7,7,7
2024052,2024-03-02,66,66,14,4,7,8,10,13,56,13,4,7,8,10,13,46,13,4,7,8,10,13,36,12,4,7,8,9,12,26,8,4,6,8,8,8,16,5,5,5,5,5,5
2024053,2024-03-03,63,63,18,4,6,9,11,14,53,17,4,6,9,11,14,43,15,4,6,9,11,13,33,12,4,6,9,11,12,23,7,4,6,7,7,7,13,3,3,3,3,3,3
2024054,2024-03-04,68,68,16,7,9,9,10,11,58,13,7,9,9,10,11,48,12,7,9,9,10,11,38,10,7,9,9,10,10,28,9,7,9,9,9,9,18,7,7,7,7,7,7
2024055,2024-03-05,64,64,17,4,6,8,9,12,54,14,4,6,8,9,12,44,13,4,6,8,9,12,34,10,4,6,8,9,10,24,7,4,5,7,7,7,14,3,3,3,3,3,3
2024056,2024-03-06,65,65,14,3,3,3,3,4,55,12,3,3,3,3,4,45,6,3,3,3,3,4,35,4,3,3,3,3,4,25,3,3,3,3,3,3,15,3,3,3,3,3,3
2024057,2024-03-07,69,69,17,2,2,3,5,7,59,12,2,2,3,5,7,49,9,2,2,3,5,7,39,7,2,2,3,5,7,29,3,2,2,3,3,3,19,3,2,3,3,3,3
2024058,2024-03-08,71,71,17,3,5,6,7,9,61,15,3,5,6,7,9,51,12,3,5,6,7,9,41,9,3,5,6,7,9,31,7,3,5,6,7,7,21,4,3,4,4,4,4
2024059,2024-03-09,68,68,18,4,5,7,9,11,58,14,4,5,7,9,11,48,13,4,5,7,9,11,38,10,4,5,7,9,10,28,8,4,5,7,8,8,18,5,4,5,5,5,5
2024060,2024-03-10,68,68,15,2,3,5,5,7,58,12,2,3,5,5,7,48,7,2,3,5,5,7,38,5,2,3,5,5,5,28,4,2,3,4,4,4,18,2,1,2,2,2,2
2024061,2024-03-11,69,69,19,5,7,9,10,14,59,17,5,7,9,10,14,49,15,5,7,9,10,14,39,12,5,7,9,10,12,29,11,5,7,10,11,11,19,8,6,8,8,8,8
2024062,2024-03-12,64,64,14,3,5,6,7,8,54,12,3,5,6,7,8,44,8,3,5,6,7,8,34,7,3,5,6,7,7,24,5,3,5,5,5,5,14,1,1,1,1,1,1
2024063,2024-03-13,69,69,17,4,5,5,6,12,59,17,4,5,5,6,12,49,12,4,5,5,6,12,39,11,4,5,5,6,11,29,8,4,5,5,8,8,19,4,4,4,4,4,4
2024064,2024-03-14,68,68,18,5,6,8,9,11,58,13,5,6,8,9,11,48,12,5,6,8,9,11,38,11,5,6,8,9,11,28,8,5,6,7,8,8,18,5,4,5,5,5,5
2024065,2024-03-15,67,67,16,3,4,4,7,9,57,14,3,4,4,7,9,47,12,3,4,4,7,9,37,9,3,4,4,7,9,27,5,3,4,5,5,5,17,1,1,1,1,1,1
2024066,2024-03-16,67,67,16,5,6,6,7,9,57,13,5,6,6,7,9,47,12,5,6,6,7,9,37,7,5,6,6,7,7,27,6,5,6,6,6,6,17,4,4,4,4,4,4
2024067,2024-03-17,69,69,18,5,7,7,7,11,59,16,5,7,7,7,11,49,14,5,7,7,7,11,39,12,5,7,7,7,12,29,10,5,7,7,10,10,19,6,5,6,6,6,6
2024068,2024-03-18,66,66,15,3,4,5,7,10,56,14,3,4,5,7,10,46,11,3,4,5,7,10,36,9,3,4,5,7,9,26,6,3,4,6,6,6,16,3,2,3,3,3,3
2024069,2024-03-19,68,68,16,6,7,8,9,12,58,14,6,7,8,9,12,48,12,6,7,8,9,12,38,11,6,7,8,9,11,28,10,6,7,9,10,10,18,6,5,6,6,6,6
2024070,2024-03-20,63,63,14,4,7,7,7,7,53,11,4,7,7,7,7,43,8,4,7,7,7,7,33,7,4,7,7,7,7,23,5,4,5,5,5,5,13,5,5,5,5,5,5
2024071,2024-03-21,65,65,17,4,5,6,7,9,55,13,4,5,6,7,9,45,10,4,5,6,7,9,35,8,4,5,6,7,8,25,6,4,5,6,6,6,15,5,5,5,5,5,5
2024072,2024-03-22,65,65,15,3,4,5,7,11,55,13,3,4,5,7,11,45,11,3,4,5,7,11,35,10,3,4,5,8,10,25,6,3,4,6,6,6,15,3,3,3,3,3,3
2024073,2024-03-23,65,65,16,5,6,9,11,14,55,15,5,6,9,11,14,45,15,5,6,9,11,14,35,13,5,6,9,11,13,25,9,5,6,9,9,9,15,7,7,7,7,7,7
2024074,2024-03-24,65,65,18,5,5,6,7,8,55,13,5,5,6,7,8,45,9,5,5,6,7,8,35,7,5,5,6,7,7,25,7,5,6,7,7,7,15,4,4,4,4,4,4
2024075,2024-03-25,66,66,15,2,3,5,7,10,56,11,2,3,5,7,10,46,10,2,3,5,7,10,36,9,2,3,5,7,9,26,6,2,3,6,6,6,16,3,3,3,3,3,3
2024076,2024-03-26,68,68,18,4,6,6,9,11,58,16,4,6,6,9,11,48,13,4,6,6,9,11,38,11,4,6,6,9,11,28,7,4,6,6,7,7,18,4,4,4,4,4,4
2024077,2024-03-27,68,68,16,2,3,5,6,8,58,14,2,3,5,6,8,48,11,2,3,5,6,8,38,9,2,3,5,6,9,28,6,2,3,5,6,6,18,5,4,5,5,5,5
2024078,2024-03-28,69,69,15,2,4,5,5,7,59,13,2,4,5,5,7,49,11,2,4,5,5,7,39,7,2,4,5,5,7,29,6,2,4,5,6,6,19,2,2,2,2,2,2
2024079,2024-03-29,69,69,17,5,6,6,7,9,59,15,5,6,6,7,9,49,12,5,6,6,7,9,39,9,5,6,6,7,9,29,7,5,6,6,7,7,19,4,4,4,4,4,4
2024080,2024-03-30,67,67,15,3,4,5,6,9,57,13,3,4,5,6,9,47,12,3,4,5,6,9,37,8,3,4,5,6,8,27,5,3,4,4,5,5,17,3,2,3,3,3,3
2024081,2024-03-31,69,69,17,4,6,6,9,13,59,16,4,6,6,9,13,49,15,4,6,6,9,13,39,14,4,6,6,9,14,29,12,4,6,8,12,12,19,6,6,6,6,6,6
2024082,2024-04-01,66,66,17,4,6,7,8,11,56,15,4,6,7,8,11,46,14,4,6,7,8,11,36,9,4,6,7,8,9,26,8,4,6,8,8,8,16,6,5,6,6,6,6
2024083,2024-04-02,66,66,15,5,6,6,7,10,56,14,5,6,6,7,10,46,12,5,6,6,7,10,36,8,5,6,6,7,8,26,7,5,6,7,7,7,16,4,4,4,4,4,4
2024084,2024-04-03,65,65,16,3,5,7,8,11,55,14,3,5,7,8,11,45,13,3,5,7,8,11,35,11,3,5,7,10,11,25,8,3,5,8,8,8,15,4,4,4,4,4,4
2024085,2024-04-04,68,68,16,5,5,6,7,9,58,13,5,5,6,7,9,48,9,5,5,6,7,9,38,8,5,5,6,7,8,28,6,5,5,6,6,6,18,4,4,4,4,4,4
2024086,2024-04-05,67,67,17,3,5,5,5,9,57,13,3,5,5,5,9,47,11,3,5,5,5,9,37,8,3,5,5,5,8,27,8,3,5,6,8,8,17,3,3,3,3,3,3
2024087,2024-04-06,68,68,19,5,8,10,10,12,58,17,5,8,10,10,12,48,13,5,8,10,10,12,38,12,5,8,10,10,12,28,12,5,8,10,12,12,18,6,4,6,6,6,6
2024088,2024-04-07,65,65,17,4,7,7,9,11,55,15,4,7,7,9,11,45,12,4,7,7,9,11,35,11,4,7,7,9,11,25,9,4,7,9,9,9,15,4,4,4,4,4,4
2024089,2024-04-08,67,67,17,3,5,6,8,12,57,14,3,5,6,8,12,47,12,3,5,6,8,12,37,11,3,5,6,8,11,27,8,3,5,6,8,8,17,3,3,3,3,3,3
2024090,2024-04-09,69,69,19,4,5,5,8,11,59,16,4,5,5,8,11,49,14,4,5,5,8,11,39,10,4,5,5,8,10,29,6,4,5,5,6,6,19,4,4,4,4,4,4
2024091,2024-04-10,69,69,17,3,5,6,9,12,59,15,3,5,6,9,12,49,12,3,5,6,9,12,39,12,3,5,6,9,12,29,7,3,5,6,7,7,19,4,4,4,4,4,4
2024092,2024-04-11,69,69,18,4,5,7,8,10,59,17,4,5,7,8,10,49,14,4,5,7,8,10,39,10,4,5,7,8,10,29,7,4,5,7,7,7,19,6,5,6,6,6,6
2024093,2024-04-12,68,68,20,6,7,8,9,12,58,18,6,7,8,9,12,48,14,6,7,8,9,12,38,11,6,7,8,9,11,28,9,6,7,8,9,9,18,5,5,5,5,5,5
2024094,2024-04-13,68,68,17,2,3,4,7,11,58,15,2,3,4,7,11,48,12,2,3,4,7,11,38,10,2,3,4,7,10,28,6,2,3,4,6,6,18,3,2,3,3,3,3
2024095,2024-04-14,70,70,17,3,4,7,8,11,60,16,3,4,7,8,11,50,14,3,4,7,8,11,40,11,3,4,7,8,11,30,8,3,4,7,8,8,20,6,4,6,6,6,6
2024096,2024-04-15,68,68,17,6,7,8,9,13,58,16,6,7,8,9,13,48,13,6,7,8,9,13,38,12,6,7,8,9,12,28,10,6,7,9,10,10,18,7,6,7,7,7,7
2024097,2024-04-16,66,66,15,2,2,5,6,8,56,12,2,2,5,6,8,46,10,2,2,5,6,8,36,7,2,2,5,6,7,26,4,2,3,4,4,4,16,1,1,1,1,1,1
2024098,2024-04-17,68,68,18,4,4,6,6,9,58,15,4,4,6,6,9,48,12,4,4,6,6,9,38,8,4,4,6,6,8,28,6,4,4,5,6,6,18,4,4,4,4,4,4
2024099,2024-04-18,69,69,19,4,6,7,8,11,59,19,4,6,7,8,11,49,16,4,6,7,8,11,39,10,4,6,7,8,10,29,9,4,6,7,9,9,19,5,5,5,5,5,5
2024100,2024-04-19,69,69,16,6,6,6,8,9,59,10,6,6,6,8,9,49,10,6,6,6,8,9,39,10,6,6,6,8,10,29,7,6,6,7,7,7,19,5,5,5,5,5,5
2024101,2024-04-20,67,67,17,3,5,5,6,8,57,13,3,5,5,6,8,47,11,3,5,5,6,8,37,9,3,5,5,6,9,27,6,3,4,5,6,6,17,4,3,4,4,4,4
2024102,2024-04-21,67,67,15,4,7,8,9,10,57,14,4,7,8,9,10,47,12,4,7,8,9,10,37,10,4,7,8,9,10,27,7,4,7,7,7,7,17,4,4,4,4,4,4
2024103,2024-04-22,66,66,18,5,7,8,10,12,56,16,5,7,8,10,12,46,15,5,7,8,10,12,36,12,5,7,8,10,12,26,10,5,7,10,10,10,16,6,5,6,6,6,6
2024104,2024-04-23,66,66,16,5,7,9,9,11,56,12,5,7,9,9,11,46,11,5,7,9,9,11,36,10,5,7,9,9,10,26,7,5,7,7,7,7,16,4,4,4,4,4,4
2024105,2024-04-24,66,66,15,3,5,5,6,10,56,15,3,5,5,6,10,46,14,3,5,5,6,10,36,8,3,5,5,6,8,26,6,3,5,6,6,6,16,3,3,3,3,3,3
2024106,2024-04-25,68,68,18,3,4,9,11,13,58,14,3,4,9,11,13,48,14,3,4,9,11,13,38,12,3,4,9,11,12,28,7,3,4,7,7,7,18,5,3,5,5,5,5
2024107,2024-04-26,67,67,18,2,3,5,6,8,57,12,2,3,5,6,8,47,10,2,3,5,6,8,37,7,2,3,5,6,7,27,6,2,3,5,6,6,17,4,3,4,4,4,4
2024108,2024-04-27,70,70,17,4,4,4,7,9,60,15,4,4,4,7,9,50,11,4,4,4,7,9,40,9,4,4,4,7,9,30,5,4,4,4,5,5,20,4,3,4,4,4,4
2024109,2024-04-28,70,70,19,2,5,8,10,13,60,17,2,5,8,10,13,50,16,2,5,8,10,13,40,12,2,5,8,10,12,30,10,2,5,8,10,10,20,6,3,6,6,6,6
2024110,2024-04-29,66,66,17,5,5,6,7,9,56,12,5,5,6,7,9,46,9,5,5,6,7,9,36,7,5,5,6,7,7,26,6,5,5,6,6,6,16,5,4,5,5,5,5
2024111,2024-04-30,70,70,19,5,7,7,9,12,60,17,5,7,7,9,12,50,14,5,7,7,9,12,40,12,5,7,7,9,12,30,9,5,7,7,9,9,20,5,5,5,5,5,5
2024112,2024-05-01,66,66,17,5,5,6,8,11,56,15,5,5,6,8,11,46,13,5,5,6,8,11,36,10,5,5,6,8,10,26,6,5,5,6,6,6,16,5,5,5,5,5,5
2024113,2024-05-02,69,69,17,2,2,4,7,10,59,16,2,2,4,7,10,49,13,2,2,4,7,10,39,10,2,2,4,7,10,29,6,2,2,6,6,6,19,3,2,3,3,3,3
2024114,2024-05-03,69,69,16,4,5,6,7,10,59,13,4,5,6,7,10,49,10,4,5,6,7,10,39,9,4,5,6,7,9,29,8,4,5,6,8,8,19,5,4,5,5,5,5
2024115,2024-05-04,67,67,18,1,1,2,4,9,57,14,1,1,2,4,9,47,11,1,1,2,4,9,37,7,1,1,2,4,7,27,5,1,1,4,5,5,17,2,1,2,2,2,2
2024116,2024-05-05,72,72,18,3,4,6,7,8,62,13,3,4,6,7,8,52,10,3,4,6,7,8,42,8,3,4,6,7,8,32,7,3,4,6,7,7,22,7,3,6,7,7,7
2024117,2024-05-06,68,68,16,2,4,5,7,9,58,14,2,4,5,7,9,48,12,2,4,5,7,9,38,8,2,4,5,7,8,28,5,2,4,4,5,5,18,4,4,4,4,4,4
2024118,2024-05-07,68,68,18,1,2,4,5,8,58,14,1,2,4,5,8,48,11,1,2,4,5,8,38,7,1,2,4,5,7,28,5,1,2,5,5,5,18,3,1,3,3,3,3
2024119,2024-05-08,70,70,19,4,6,8,8,11,60,15,4,6,8,8,11,50,14,4,6,8,8,11,40,12,4,6,8,8,12,30,9,4,6,8,9,9,20,6,5,6,6,6,6
2024120,2024-05-09,68,68,18,4,5,5,9,12,58,15,4,5,5,9,12,48,14,4,5,5,9,12,38,10,4,5,5,9,10,28,6,4,5,5,6,6,18,3,3,3,3,3,3
2024121,2024-05-10,70,70,19,0,1,2,5,9,60,14,0,1,2,5,9,50,12,0,1,2,5,9,40,8,0,1,2,5,8,30,4,0,1,2,4,4,20,1,0,1,1,1,1
2024122,2024-05-11,73,73,17,3,5,6,7,10,63,16,3,5,6,7,10,53,14,3,5,6,7,10,43,11,3,5,6,7,10,33,7,3,5,6,7,7,23,4,3,4,4,4,4
2024123,2024-05-12,69,69,16,5,6,7,8,9,59,13,5,6,7,8,9,49,12,5,6,7,8,9,39,9,5,6,7,8,9,29,8,5,6,7,8,8,19,6,5,6,6,6,6
2024124,2024-05-13,67,67,15,2,3,5,6,8,57,11,2,3,5,6,8,47,8,2,3,5,6,8,37,7,2,3,5,6,7,27,4,2,3,4,4,4,17,2,1,2,2,2,2
2024125,2024-05-14,68,68,15,3,4,4,5,7,58,13,3,4,4,5,7,48,9,3,4,4,5,7,38,5,3,4,4,5,5,28,4,3,4,4,4,4,18,3,3,3,3,3,3
2024126,2024-05-15,66,66,14,1,4,5,7,8,56,13,1,4,5,7,8,46,10,1,4,5,7,8,36,8,1,4,5,7,8,26,4,1,4,4,4,4,16,2,2,2,2,2,2
2024127,2024-05-16,67,67,17,3,6,7,10,13,57,15,3,6,7,10,13,47,15,3,6,7,10,13,37,13,3,6,7,10,13,27,9,3,6,8,9,9,17,6,5,6,6,6,6
2024128,2024-05-17,67,67,16,5,7,8,8,9,57,12,5,7,8,8,9,47,10,5,7,8,8,9,37,9,5,7,8,8,9,27,7,5,7,7,7,7,17,5,5,5,5,5,5
2024129,2024-05-18,65,65,15,5,5,7,9,11,55,12,5,5,7,9,11,45,11,5,5,7,9,11,35,11,5,5,7,9,11,25,9,5,6,9,9,9,15,4,4,4,4,4,4
2024130,2024-05-19,64,64,16,3,3,4,5,6,54,11,3,3,4,5,6,44,8,3,3,4,5,6,34,5,3,3,4,5,5,24,4,3,4,4,4,4,14,2,2,2,2,2,2
2024131,2024-05-20,70,70,19,2,3,6,7,12,60,16,2,3,6,7,12,50,13,2,3,6,7,12,40,11,2,3,6,7,11,30,8,2,3,6,8,8,20,5,3,5,5,5,5
2024132,2024-05-21,69,69,17,4,5,6,7,8,59,15,4,5,6,7,8,49,11,4,5,6,7,8,39,7,4,5,6,7,7,29,6,4,5,6,6,6,19,5,5,5,5,5,5
2024133,2024-05-22,68,68,14,2,5,7,7,7,58,13,2,5,7,7,7,48,8,2,5,7,7,7,38,7,2,5,7,7,7,28,6,2,5,6,6,6,18,4,3,4,4,4,4
2024134,2024-05-23,65,65,15,2,2,3,5,7,55,12,2,2,3,5,7,45,8,2,2,3,5,7,35,4,2,2,3,4,4,25,3,2,2,3,3,3,15,1,1,1,1,1,1
2024135,2024-05-24,69,69,17,3,4,4,4,8,59,14,3,4,4,4,8,49,12,3,4,4,4,8,39,8,3,4,4,4,8,29,7,3,4,5,7,7,19,2,2,2,2,2,2
2024136,2024-05-25,71,71,17,3,4,4,8,10,61,13,3,4,4,8,10,51,12,3,4,4,8,10,41,10,3,4,4,8,9,31,6,3,4,4,5,6,21,5,4,4,5,5,5
2024137,2024-05-26,69,69,16,7,8,8,8,12,59,15,7,8,8,8,12,49,15,7,8,8,8,12,39,12,7,8,8,8,12,29,10,7,8,8,10,10,19,7,7,7,7,7,7
2024138,2024-05-27,63,63,16,5,7,8,10,13,53,14,5,7,8,10,13,43,14,5,7,8,10,13,33,10,5,7,8,10,10,23,8,6,8,8,8,8,13,5,5,5,5,5,5
2024139,2024-05-28,63,63,15,4,6,8,9,9,53,14,4,6,8,9,9,43,11,4,6,8,9,9,33,9,4,6,8,9,9,23,7,4,7,7,7,7,13,4,4,4,4,4,4
2024140,2024-05-29,66,66,16,2,3,5,6,9,56,13,2,3,5,6,9,46,9,2,3,5,6,9,36,8,2,3,5,6,8,26,5,2,3,4,5,5,16,2,2,2,2,2,2
2024141,2024-05-30,70,70,14,2,2,3,5,7,60,12,2,2,3,5,7,50,9,2,2,3,5,7,40,7,2,2,3,5,7,30,4,2,2,3,4,4,20,3,2,3,3,3,3
2024142,2024-05-31,69,69,16,2,2,3,4,6,59,13,2,2,3,4,6,49,10,2,2,3,4,6,39,8,2,2,3,4,8,29,5,2,2,3,5,5,19,3,2,3,3,3,3
2024143,2024-06-01,69,69,15,2,2,4,5,10,59,14,2,2,4,5,10,49,12,2,2,4,5,10,39,8,2,2,4,5,8,29,6,2,2,4,6,6,19,4,2,4,4,4,4
2024144,2024-06-02,68,68,18,4,4,7,9,12,58,16,4,4,7,9,12,48,13,4,4,7,9,12,38,11,4,4,7,9,11,28,7,4,4,6,7,7,18,5,3,5,5,5,5
2024145,2024-06-03,68,68,17,6,6,7,10,12,58,17,6,6,7,10,12,48,16,6,6,7,10,12,38,12,6,6,7,10,12,28,8,6,6,8,8,8,18,5,4,5,5,5,5
2024146,2024-06-04,67,67,17,7,9,10,11,12,57,17,7,9,10,11,12,47,14,7,9,10,11,12,37,11,7,9,10,11,11,27,9,7,9,9,9,9,17,8,8,8,8,8,8
2024147,2024-06-05,64,64,14,6,6,6,8,9,54,12,6,6,6,8,9,44,11,6,6,6,8,9,34,8,6,6,6,8,8,24,6,6,6,6,6,6,14,6,6,6,6,6,6
2024148,2024-06-06,62,62,15,5,9,10,11,12,52,14,5,9,10,11,12,42,11,5,9,10,11,11,32,11,5,9,10,11,11,22,10,5,9,10,10,10,12,4,4,4,4,4,4
2024149,2024-06-07,64,64,15,3,3,4,6,10,54,13,3,3,4,6,10,44,11,3,3,4,6,10,34,7,3,3,4,6,7,24,4,3,4,4,4,4,14,3,3,3,3,3,3
2024150,2024-06-08,67,67,18,5,6,8,8,13,57,18,5,6,8,8,13,47,16,5,6,8,8,13,37,12,5,6,8,8,12,27,7,5,6,6,7,7,17,4,4,4,4,4,4
2024151,2024-06-09,68,68,17,4,7,8,10,13,58,16,4,7,8,10,13,48,15,4,7,8,10,13,38,13,4,7,8,10,13,28,10,4,7,8,10,10,18,7,6,7,7,7,7
2024152,2024-06-10,66,66,17,4,6,7,9,10,56,15,4,6,7,9,10,46,11,4,6,7,9,10,36,10,4,6,7,9,10,26,8,4,6,8,8,8,16,4,4,4,4,4,4
2024153,2024-06-11,67,67,16,3,5,5,5,8,57,14,3,5,5,5,8,47,11,3,5,5,5,8,37,7,3,5,5,5,7,27,5,3,5,5,5,5,17,2,2,2,2,2,2
2024154,2024-06-12,69,69,16,5,8,9,9,9,59,15,5,8,9,9,9,49,12,5,8,9,9,9,39,10,5,8,9,9,10,29,9,5,8,9,9,9,19,8,8,8,8,8,8
2024155,2024-06-13,64,64,17,3,4,5,5,10,54,14,3,4,5,5,10,44,10,3,4,5,5,9,34,7,3,4,5,6,7,24,4,3,3,4,4,4,14,3,3,3,3,3,3
2024156,2024-06-14,68,68,20,7,8,8,9,13,58,17,7,8,8,9,13,48,14,7,8,8,9,13,38,11,7,8,8,9,11,28,9,7,8,9,9,9,18,7,7,7,7,7,7
2024157,2024-06-15,67,67,16,4,5,5,7,9,57,13,4,5,5,7,9,47,10,4,5,5,7,9,37,7,4,5,5,7,7,27,7,4,5,7,7,7,17,5,4,5,5,5,5
2024158,2024-06-16,66,66,17,3,5,8,8,10,56,14,3,5,8,8,10,46,11,3,5,8,8,10,36,9,3,5,8,8,9,26,5,3,5,5,5,5,16,4,4,4,4,4,4
2024159,2024-06-17,68,68,18,6,6,6,8,12,58,16,6,6,6,8,12,48,14,6,6,6,8,12,38,10,6,6,6,8,10,28,7,6,6,6,7,7,18,6,6,6,6,6,6
2024160,2024-06-18,67,67,17,2,2,4,6,12,57,14,2,2,4,6,12,47,14,2,2,4,6,12,37,10,2,2,4,6,10,27,7,2,2,5,7,7,17,2,2,2,2,2,2
2024161,2024-06-19,71,71,19,1,3,3,4,7,61,17,1,3,3,4,7,51,13,1,3,3,4,7,41,7,1,3,3,4,7,31,6,1,3,3,6,6,21,2,1,2,2,2,2
2024162,2024-06-20,71,71,17,3,4,5,6,9,61,16,3,4,5,6,9,51,14,3,4,5,6,9,41,8,3,4,5,6,8,31,6,3,4,5,6,6,21,4,3,4,4,4,4
2024163,2024-06-21,70,70,18,7,8,9,10,13,60,18,7,8,9,10,13,50,15,7,8,9,10,13,40,13,7,8,9,10,13,30,12,7,8,10,12,12,20,8,7,8,8,8,8
2024164,2024-06-22,64,64,18,3,4,5,6,12,54,15,3,4,5,6,12,44,14,3,4,5,6,13,34,10,3,4,5,7,10,24,4,3,4,4,4,4,14,3,3,3,3,3,3
2024165,2024-06-23,69,69,18,3,5,6,7,8,59,15,3,5,6,7,8,49,13,3,5,6,7,8,39,9,3,5,6,7,9,29,6,3,5,6,6,6,19,4,3,4,4,4,4
2024166,2024-06-24,68,68,16,1,3,3,4,8,58,12,1,3,3,4,8,48,9,1,3,3,4,8,38,7,1,3,3,4,7,28,4,1,3,4,4,4,18,1,1,1,1,1,1
2024167,2024-06-25,69,69,20,3,4,5,7,11,59,19,3,4,5,7,11,49,16,3,4,5,7,11,39,11,3,4,5,7,11,29,7,3,4,5,7,7,19,5,4,5,5,5,5
2024168,2024-06-26,72,72,19,4,7,9,10,12,62,16,4,7,9,10,12,52,13,4,7,9,10,12,42,12,4,7,9,10,12,32,10,4,7,9,10,10,22,6,4,6,6,6,6
2024169,2024-06-27,67,67,17,2,2,4,7,9,57,11,2,2,4,7,9,47,10,2,2,4,7,9,37,9,2,2,4,7,9,27,5,2,2,4,5,5,17,3,1,3,3,3,3
2024170,2024-06-28,70,70,17,2,3,4,4,9,60,13,2,3,4,4,9,50,11,2,3,4,4,9,40,8,2,3,4,4,8,30,6,2,3,4,6,6,20,2,1,2,2,2,2
2024171,2024-06-29,70,70,17,5,8,8,9,12,60,15,5,8,8,9,12,50,12,5,8,8,9,12,40,12,5,8,8,9,12,30,10,5,8,8,10,10,20,5,4,5,5,5,5
2024172,2024-06-30,66,66,18,2,4,4,7,11,56,15,2,4,4,7,11,46,12,2,4,4,7,11,36,9,2,4,4,7,9,26,7,2,4,7,7,7,16,3,2,3,3,3,3
2024173,2024-07-01,69,69,17,2,2,3,5,8,59,15,2,2,3,5,8,49,12,2,2,3,5,8,39,8,2,2,3,5,8,29,4,2,2,3,4,4,19,3,2,3,3,3,3
2024174,2024-07-02,72,72,16,1,1,3,4,6,62,14,1,1,3,4,6,52,9,1,1,3,4,6,42,7,1,1,3,4,6,32,5,1,1,3,4,5,22,3,2,3,3,3,3
2024175,2024-07-03,70,70,15,3,6,6,7,8,60,11,3,6,6,7,8,50,9,3,6,6,7,8,40,8,3,6,6,7,8,30,6,3,6,6,6,6,20,4,4,4,4,4,4
2024176,2024-07-04,67,67,16,3,4,5,7,11,57,12,3,4,5,7,11,47,11,3,4,5,7,11,37,8,3,4,5,7,8,27,6,3,4,6,6,6,17,4,4,4,4,4,4
2024177,2024-07-05,68,68,18,4,6,6,6,9,58,14,4,6,6,6,9,48,11,4,6,6,6,9,38,8,4,6,6,6,8,28,7,4,6,6,7,7,18,4,4,4,4,4,4
2024178,2024-07-06,68,68,16,5,6,6,8,13,58,15,5,6,6,8,13,48,13,5,6,6,8,13,38,10,5,6,6,8,10,28,8,5,6,8,8,8,18,4,4,4,4,4,4
2024179,2024-07-07,68,68,14,3,3,3,4,8,58,11,3,3,3,4,8,48,10,3,3,3,4,8,38,7,3,3,3,4,7,28,6,3,3,4,6,6,18,2,2,2,2,2,2
2024180,2024-07-08,68,68,17,1,3,6,10,13,58,15,1,3,6,10,13,48,14,1,3,6,10,13,38,13,1,3,6,10,13,28,8,1,3,7,8,8,18,3,2,3,3,3,3
2024181,2024-07-09,69,69,19,4,6,7,7,7,59,13,4,6,7,7,7,49,9,4,6,7,7,7,39,7,4,6,7,7,7,29,7,4,6,7,7,7,19,5,4,5,5,5,5
2024182,2024-07-10,68,68,17,5,6,6,7,9,58,14,5,6,6,7,9,48,13,5,6,6,7,9,38,10,5,6,6,7,10,28,7,5,6,6,7,7,18,4,4,4,4,4,4
2024183,2024-07-11,68,68,17,5,7,8,9,12,58,16,5,7,8,9,12,48,15,5,7,8,9,12,38,11,5,7,8,9,11,28,8,5,7,8,8,8,18,6,6,6,6,6,6
2024184,2024-07-12,65,65,16,1,1,2,3,4,55,9,1,1,2,3,4,45,5,1,1,2,3,4,35,3,1,1,2,2,3,25,2,1,1,2,2,2,15,0,0,0,0,0,0
2024185,2024-07-13,70,70,16,3,5,6,7,9,60,13,3,5,6,7,9,50,10,3,5,6,7,9,40,8,3,5,6,7,8,30,7,3,5,6,7,7,20,5,3,5,5,5,5
2024186,2024-07-14,69,69,17,1,2,2,3,7,59,12,1,2,2,3,7,49,10,1,2,2,3,7,39,6,1,2,2,3,6,29,4,1,2,3,4,4,19,2,2,2,2,2,2
2024187,2024-07-15,70,70,18,5,6,6,6,9,60,15,5,6,6,6,9,50,13,5,6,6,6,9,40,10,5,6,6,6,10,30,8,5,6,6,8,8,20,5,5,5,5,5,5
2024188,2024-07-16,69,69,19,5,6,8,10,13,59,17,5,6,8,10,13,49,14,5,6,8,10,13,39,14,5,6,8,10,14,29,10,5,6,9,10,10,19,5,3,5,5,5,5
2024189,2024-07-17,65,65,14,2,2,4,5,9,55,11,2,2,4,5,9,45,10,2,2,4,5,9,35,8,2,2,4,5,8,25,4,2,2,4,4,4,15,3,3,3,3,3,3
2024190,2024-07-18,69,69,16,6,6,6,7,9,59,13,6,6,6,7,9,49,12,6,6,6,7,9,39,9,6,6,6,7,9,29,7,6,6,7,7,7,19,6,6,6,6,6,6
2024191,2024-07-19,65,65,16,3,3,5,7,9,55,15,3,3,5,7,9,45,10,3,3,5,7,9,35,8,3,3,5,6,8,25,6,3,4,6,6,6,15,2,2,2,2,2,2
2024192,2024-07-20,65,65,17,4,6,7,9,11,55,15,4,6,7,9,11,45,11,4,6,7,9,10,35,9,4,6,7,8,9,25,7,4,6,7,7,7,15,3,3,3,3,3,3
2024193,2024-07-21,68,68,16,4,4,4,5,8,58,12,4,4,4,5,8,48,8,4,4,4,5,8,38,7,4,4,4,5,7,28,5,4,4,4,5,5,18,3,3,3,3,3,3
2024194,2024-07-22,69,69,18,2,4,5,7,11,59,16,2,4,5,7,11,49,14,2,4,5,7,11,39,11,2,4,5,7,11,29,7,2,4,5,7,7,19,3,2,3,3,3,3
2024195,2024-07-23,68,68,18,3,5,6,7,9,58,15,3,5,6,7,9,48,12,3,5,6,7,9,38,9,3,5,6,7,9,28,7,3,5,6,7,7,18,3,2,3,3,3,3
2024196,2024-07-24,71,71,18,3,5,9,9,13,61,16,3,5,9,9,13,51,15,3,5,9,9,13,41,13,3,5,9,9,13,31,9,3,5,9,9,9,21,7,4,7,7,7,7
2024197,2024-07-25,66,66,19,3,6,8,9,14,56,17,3,6,8,9,14,46,15,3,6,8,9,14,36,12,3,6,8,9,12,26,8,3,6,7,8,8,16,6,6,6,6,6,6
2024198,2024-07-26,68,68,17,3,6,6,9,11,58,15,3,6,6,9,11,48,12,3,6,6,9,11,38,10,3,6,6,9,10,28,6,3,6,6,6,6,18,2,2,2,2,2,2
2024199,2024-07-27,69,69,18,2,3,4,5,11,59,17,2,3,4,5,11,49,15,2,3,4,5,11,39,9,2,3,4,5,9,29,5,2,3,4,5,5,19,4,3,4,4,4,4
2024200,2024-07-28,71,71,18,3,4,4,5,8,61,15,3,4,4,5,8,51,10,3,4,4,5,8,41,8,3,4,4,5,8,31,6,3,4,4,6,6,21,4,3,4,4,4,4
2024201,2024-07-29,71,71,18,5,7,8,10,12,61,15,5,7,8,10,12,51,14,5,7,8,10,12,41,12,5,7,8,10,12,31,10,5,7,8,10,10,21,9,7,8,9,9,9
2024202,2024-07-30,65,65,14,3,4,5,7,8,55,12,3,4,5,7,8,45,8,3,4,5,7,8,35,7,3,4,5,7,7,25,7,3,4,7,7,7,15,4,4,4,4,4,4
2024203,2024-07-31,65,65,16,2,3,5,7,10,55,13,2,3,5,7,10,45,9,2,3,5,7,9,35,8,2,3,5,7,8,25,5,2,3,5,5,5,15,3,3,3,3,3,3
2024204,2024-08-01,69,69,17,3,3,6,8,10,59,14,3,3,6,8,10,49,12,3,3,6,8,10,39,9,3,3,6,8,9,29,7,3,3,6,7,7,19,4,2,4,4,4,4
2024205,2024-08-02,69,69,17,5,5,5,6,10,59,14,5,5,5,6,10,49,13,5,5,5,6,10,39,10,5,5,5,6,10,29,7,5,5,5,7,7,19,3,3,3,3,3,3
2024206,2024-08-03,70,70,17,6,7,9,10,11,60,17,6,7,9,10,11,50,13,6,7,9,10,11,40,12,6,7,9,10,12,30,9,6,7,8,9,9,20,4,3,4,4,4,4
2024207,2024-08-04,66,66,19,4,5,9,11,15,56,17,4,5,9,11,15,46,16,4,5,9,11,15,36,13,4,5,9,11,13,26,8,4,5,8,8,8,16,4,3,4,4,4,4
2024208,2024-08-05,68,68,17,4,4,4,6,8,58,15,4,4,4,6,8,48,12,4,4,4,6,8,38,7,4,4,4,6,7,28,4,4,4,4,4,4,18,4,4,4,4,4,4
2024209,2024-08-06,71,71,19,2,4,5,8,9,61,13,2,4,5,8,9,51,11,2,4,5,8,9,41,8,2,4,5,7,8,31,5,2,4,5,5,5,21,4,3,4,4,4,4
2024210,2024-08-07,69,69,15,4,5,6,7,9,59,14,4,5,6,7,9,49,13,4,5,6,7,10,39,10,4,5,6,7,10,29,7,4,5,6,7,7,19,4,4,4,4,4,4
2024211,2024-08-08,67,67,16,3,4,6,7,10,57,15,3,4,6,7,10,47,13,3,4,6,7,10,37,10,3,4,6,7,10,27,6,3,4,6,6,6,17,3,2,3,3,3,3
2024212,2024-08-09,68,68,15,4,5,5,6,7,58,13,4,5,5,6,7,48,11,4,5,5,6,7,38,6,4,5,5,6,6,28,5,4,5,5,5,5,18,4,4,4,4,4,4
2024213,2024-08-10,68,68,16,3,5,6,6,8,58,12,3,5,6,6,8,48,10,3,5,6,6,8,38,6,3,5,6,6,6,28,5,3,5,5,5,5,18,5,5,5,5,5,5
2024214,2024-08-11,67,67,12,5,7,9,9,10,57,10,5,7,9,9,10,47,10,5,7,9,9,10,37,10,5,7,9,9,10,27,7,5,7,7,7,7,17,5,3,5,5,5,5
2024215,2024-08-12,62,62,15,7,7,8,9,12,52,15,7,7,8,9,12,42,13,7,7,8,9,12,32,10,7,7,8,9,10,22,7,7,7,7,7,7,12,6,6,6,6,6,6
2024216,2024-08-13,60,60,13,4,7,7,7,9,50,10,4,7,7,7,9,40,9,4,7,7,7,9,30,8,4,7,7,8,8,20,6,4,6,6,6,6,10,2,2,2,2,2,2
2024217,2024-08-14,65,65,16,1,2,2,5,9,55,12,1,2,2,5,9,45,11,1,2,2,5,9,35,7,1,2,2,5,7,25,4,1,2,4,4,4,15,2,2,2,2,2,2
2024218,2024-08-15,70,70,18,0,0,2,2,5,60,15,0,0,2,2,5,50,10,0,0,2,2,5,40,6,0,0,2,2,6,30,4,0,0,2,4,4,20,2,0,2,2,2,2
2024219,2024-08-16,72,72,16,4,5,6,9,13,62,14,4,5,6,9,13,52,13,4,5,6,9,13,42,12,4,5,6,9,12,32,9,4,5,6,9,9,22,7,4,6,7,7,7
2024220,2024-08-17,67,67,15,6,7,8,8,11,57,15,6,7,8,8,11,47,12,6,7,8,8,11,37,12,6,7,8,8,12,27,7,6,7,7,7,7,17,5,5,5,5,5,5
2024221,2024-08-18,65,65,15,3,5,7,7,11,55,14,3,5,7,7,11,45,11,3,5,7,7,11,35,9,3,5,7,7,9,25,6,3,6,6,6,6,15,3,3,3,3,3,3
2024222,2024-08-19,65,65,17,6,6,7,9,12,55,16,6,6,7,9,12,45,14,6,6,7,9,12,35,11,6,6,7,9,11,25,9,6,7,9,9,9,15,4,4,4,4,4,4
2024223,2024-08-20,67,67,14,3,3,4,7,10,57,12,3,3,4,7,10,47,11,3,3,4,7,10,37,9,3,3,4,7,9,27,5,3,3,5,5,5,17,3,3,3,3,3,3
2024224,2024-08-21,68,68,15,4,6,8,9,11,58,15,4,6,8,9,11,48,13,4,6,8,9,11,38,11,4,6,8,9,11,28,9,4,6,8,9,9,18,4,3,4,4,4,4
2024225,2024-08-22,65,65,17,2,4,6,9,12,55,14,2,4,6,9,12,45,12,2,4,6,9,12,35,10,2,4,6,9,10,25,6,2,4,6,6,6,15,3,3,3,3,3,3
2024226,2024-08-23,69,69,18,6,6,8,8,12,59,16,6,6,8,8,12,49,14,6,6,8,8,12,39,11,6,6,8,8,11,29,9,6,6,8,9,9,19,7,6,7,7,7,7
2024227,2024-08-24,68,68,18,5,6,7,11,13,58,17,5,6,7,11,13,48,14,5,6,7,11,13,38,11,5,6,7,11,11,28,8,5,6,8,8,8,18,6,6,6,6,6,6
2024228,2024-08-25,66,66,16,4,5,5,8,11,56,14,4,5,5,8,11,46,12,4,5,5,8,11,36,10,4,5,5,8,10,26,9,4,5,8,9,9,16,3,3,3,3,3,3
2024229,2024-08-26,66,66,16,2,3,6,7,9,56,12,2,3,6,7,9,46,10,2,3,6,7,9,36,9,2,3,6,7,9,26,3,2,3,3,3,3,16,2,2,2,2,2,2
2024230,2024-08-27,68,68,17,5,6,9,9,12,58,15,5,6,9,9,12,48,14,5,6,9,9,12,38,12,5,6,9,9,12,28,8,5,6,7,8,8,18,6,5,6,6,6,6
2024231,2024-08-28,65,65,17,4,5,8,9,12,55,15,4,5,8,9,12,45,13,4,5,8,9,12,35,11,4,5,8,9,11,25,7,4,6,7,7,7,15,5,5,5,5,5,5
2024232,2024-08-29,67,67,17,2,4,6,6,8,57,14,2,4,6,6,8,47,10,2,4,6,6,8,37,7,2,4,6,6,7,27,5,2,4,4,5,5,17,3,3,3,3,3,3
2024233,2024-08-30,68,68,17,5,7,9,9,11,58,15,5,7,9,9,11,48,13,5,7,9,9,11,38,12,5,7,9,9,12,28,10,5,7,9,10,10,18,5,5,5,5,5,5
2024234,2024-08-31,66,66,16,2,3,5,6,8,56,14,2,3,5,6,8,46,9,2,3,5,6,8,36,7,2,3,5,6,7,26,4,2,3,4,4,4,16,3,2,3,3,3,3
2024235,2024-09-01,69,69,17,8,9,9,11,13,59,16,8,9,9,11,13,49,13,8,9,9,11,13,39,12,8,9,9,11,12,29,10,8,9,9,10,10,19,8,8,8,8,8,8
2024236,2024-09-02,64,64,16,3,4,5,7,11,54,14,3,4,5,7,11,44,11,3,4,5,7,11,34,8,3,4,5,6,8,24,5,3,4,5,5,5,14,4,4,4,4,4,4
2024237,2024-09-03,66,66,19,5,7,8,9,13,56,17,5,7,8,9,13,46,14,5,7,8,9,13,36,11,5,7,8,9,11,26,8,5,7,8,8,8,16,4,4,4,4,4,4
2024238,2024-09-04,67,67,16,3,3,4,6,9,57,14,3,3,4,6,9,47,11,3,3,4,6,9,37,7,3,3,4,6,7,27,4,3,3,4,4,4,17,3,3,3,3,3,3
2024239,2024-09-05,71,71,20,5,7,8,9,13,61,19,5,7,8,9,13,51,17,5,7,8,9,13,41,14,5,7,8,9,13,31,10,5,7,8,9,10,21,7,6,7,7,7,7
2024240,2024-09-06,67,67,17,4,5,5,6,9,57,15,4,5,5,6,9,47,11,4,5,5,6,9,37,8,4,5,5,6,8,27,6,4,5,6,6,6,17,3,3,3,3,3,3
2024241,2024-09-07,68,68,16,4,5,7,8,9,58,14,4,5,7,8,9,48,10,4,5,7,8,9,38,9,4,5,7,8,9,28,7,4,5,7,7,7,18,5,3,5,5,5,5
2024242,2024-09-08,67,67,18,1,2,4,5,9,57,15,1,2,4,5,9,47,10,1,2,4,5,9,37,8,1,2,4,5,8,27,4,1,2,3,4,4,17,2,2,2,2,2,2
2024243,2024-09-09,70,70,17,1,6,7,7,11,60,16,1,6,7,7,11,50,12,1,6,7,7,11,40,11,1,6,7,7,11,30,7,1,6,7,7,7,20,3,1,3,3,3,3
2024244,2024-09-10,70,70,19,4,4,5,5,9,60,15,4,4,5,5,9,50,11,4,4,5,5,9,40,10,4,4,5,5,10,30,8,4,4,5,8,8,20,4,3,4,4,4,4
2024245,2024-09-11,70,70,19,5,5,6,7,9,60,17,5,5,6,7,9,50,13,5,5,6,7,9,40,9,5,5,6,7,9,30,8,5,5,6,8,8,20,5,5,5,5,5,5
2024246,2024-09-12,70,70,18,6,7,8,10,12,60,14,6,7,8,10,12,50,13,6,7,8,10,12,40,12,6,7,8,10,12,30,9,6,7,8,9,9,20,6,5,6,6,6,6
2024247,2024-09-13,67,67,15,2,3,4,6,7,57,12,2,3,4,6,7,47,11,2,3,4,6,7,37,6,2,3,4,6,6,27,5,2,3,5,5,5,17,3,3,3,3,3,3
2024248,2024-09-14,68,68,18,5,6,7,7,9,58,16,5,6,7,7,9,48,11,5,6,7,7,9,38,9,5,6,7,7,9,28,6,5,6,6,6,6,18,5,4,5,5,5,5
2024249,2024-09-15,67,67,17,4,4,4,7,11,57,13,4,4,4,7,11,47,11,4,4,4,7,11,37,10,4,4,4,7,10,27,8,4,4,6,8,8,17,3,3,3,3,3,3
2024250,2024-09-16,69,69,18,6,7,9,10,13,59,16,6,7,9,10,13,49,15,6,7,9,10,13,39,12,6,7,9,10,12,29,10,6,7,8,10,10,19,7,5,7,7,7,7
2024251,2024-09-17,65,65,13,3,4,4,4,6,55,10,3,4,4,4,6,45,7,3,4,4,4,6,35,4,3,4,4,4,4,25,4,3,4,4,4,4,15,3,3,3,3,3,3
2024252,2024-09-18,67,67,18,6,7,10,11,15,57,17,6,7,10,11,15,47,15,6,7,10,11,15,37,14,6,7,10,11,14,27,9,6,7,9,9,9,17,5,4,5,5,5,5
2024253,2024-09-19,66,66,15,4,4,5,6,7,56,14,4,4,5,6,7,46,11,4,4,5,6,7,36,6,4,4,5,6,6,26,4,4,4,4,4,4,16,3,3,3,3,3,3
2024254,2024-09-20,70,70,17,4,4,5,7,11,60,16,4,4,5,7,11,50,15,4,4,5,7,11,40,10,4,4,5,7,10,30,6,4,4,5,6,6,20,3,3,3,3,3,3
2024255,2024-09-21,69,69,18,4,8,8,9,12,59,16,4,8,8,9,12,49,15,4,8,8,9,12,39,11,4,8,8,9,11,29,8,4,8,8,8,8,19,4,3,4,4,4,4
2024256,2024-09-22,66,66,19,5,6,7,9,13,56,15,5,6,7,9,13,46,14,5,6,7,9,13,36,12,5,6,7,9,12,26,9,5,6,8,9,9,16,7,7,7,7,7,7
2024257,2024-09-23,69,69,18,4,4,6,8,10,59,18,4,4,6,8,10,49,13,4,4,6,8,10,39,9,4,4,6,8,9,29,7,4,4,6,7,7,19,5,3,5,5,5,5
2024258,2024-09-24,67,67,16,4,5,6,8,9,57,14,4,5,6,8,9,47,11,4,5,6,8,9,37,10,4,5,6,8,10,27,7,4,5,7,7,7,17,6,5,6,6,6,6
2024259,2024-09-25,67,67,16,6,6,6,8,9,57,13,6,6,6,8,9,47,11,6,6,6,8,9,37,9,6,6,6,8,9,27,9,6,6,8,9,9,17,4,4,4,4,4,4
2024260,2024-09-26,66,66,17,7,8,8,10,13,56,16,7,8,8,10,13,46,14,7,8,8,10,12,36,11,7,8,8,9,11,26,9,7,8,9,9,9,16,6,6,6,6,6,6
2024261,2024-09-27,63,63,17,5,7,8,8,12,53,14,5,7,8,8,12,43,13,5,7,8,8,12,33,9,5,7,8,8,9,23,7,5,6,7,7,7,13,5,5,5,5,5,5
2024262,2024-09-28,66,66,17,2,3,6,8,13,56,14,2,3,6,8,13,46,13,2,3,6,8,13,36,11,2,3,6,8,11,26,6,2,3,5,6,6,16,4,3,4,4,4,4
2024263,2024-09-29,70,70,18,3,3,4,5,9,60,16,3,3,4,5,9,50,13,3,3,4,5,9,40,10,3,3,4,5,10,30,6,3,3,4,6,6,20,4,3,4,4,4,4
2024264,2024-09-30,71,71,18,7,9,10,11,11,61,16,7,9,10,11,11,51,15,7,9,10,11,11,41,11,7,9,10,11,11,31,10,7,9,10,10,10,21,7,6,7,7,7,7
2024265,2024-10-05,65,65,18,4,4,6,8,11,55,16,4,4,6,8,11,45,14,4,4,6,8,11,35,11,4,4,6,9,11,25,7,4,6,7,7,7,15,3,3,3,3,3,3
2024266,2024-10-06,66,66,16,2,3,5,6,10,56,11,2,3,5,6,10,46,10,2,3,5,6,10,36,8,2,3,5,6,8,26,5,2,3,4,5,5,16,1,1,1,1,1,1
2024267,2024-10-07,71,71,17,4,6,7,10,11,61,14,4,6,7,10,11,51,12,4,6,7,10,11,41,11,4,6,7,10,11,31,9,4,6,7,9,9,21,7,4,6,7,7,7
2024268,2024-10-08,67,67,16,3,4,6,6,10,57,12,3,4,6,6,10,47,12,3,4,6,6,10,37,8,3,4,6,6,8,27,5,3,4,4,5,5,17,3,2,3,3,3,3
2024269,2024-10-09,68,68,18,5,6,7,9,13,58,18,5,6,7,9,13,48,16,5,6,7,9,13,38,13,5,6,7,9,13,28,8,5,6,7,8,8,18,6,5,6,6,6,6
2024270,2024-10-10,68,68,17,3,6,9,9,11,58,15,3,6,9,9,11,48,14,3,6,9,9,11,38,10,3,6,9,9,10,28,7,3,6,7,7,7,18,6,4,6,6,6,6
2024271,2024-10-11,66,66,15,3,4,4,7,8,56,12,3,4,4,7,8,46,10,3,4,4,7,8,36,8,3,4,4,7,8,26,7,3,4,6,7,7,16,3,3,3,3,3,3
2024272,2024-10-12,68,68,17,5,7,9,10,12,58,16,5,7,9,10,12,48,12,5,7,9,10,12,38,12,5,7,9,10,12,28,9,5,7,8,9,9,18,8,7,8,8,8,8
2024273,2024-10-13,64,64,15,7,8,8,9,12,54,14,7,8,8,9,12,44,13,7,8,8,9,12,34,10,7,8,8,9,10,24,8,7,7,8,8,8,14,6,6,6,6,6,6
2024274,2024-10-14,65,65,17,3,6,6,7,11,55,15,3,6,6,7,11,45,12,3,6,6,7,11,35,9,3,6,6,7,9,25,6,3,6,6,6,6,15,4,4,4,4,4,4
2024275,2024-10-15,66,66,19,6,8,9,11,14,56,17,6,8,9,11,14,46,16,6,8,9,11,14,36,13,6,8,9,11,13,26,11,6,8,11,11,11,16,7,6,7,7,7,7
2024276,2024-10-16,66,66,14,4,5,6,7,9,56,12,4,5,6,7,9,46,11,4,5,6,7,9,36,7,4,5,6,7,7,26,6,4,5,6,6,6,16,4,4,4,4,4,4
2024277,2024-10-17,63,63,17,4,6,8,10,11,53,16,4,6,8,10,11,43,12,4,6,8,10,11,33,10,4,6,8,10,10,23,6,4,6,6,6,6,13,3,3,3,3,3,3
2024278,2024-10-18,70,70,17,2,5,8,9,9,60,15,2,5,8,9,9,50,11,2,5,8,9,9,40,9,2,5,8,9,9,30,8,2,5,8,8,8,20,7,4,7,7,7,7
2024279,2024-10-19,65,65,14,1,2,4,7,9,55,12,1,2,4,7,9,45,9,1,2,4,7,9,35,8,1,2,4,6,8,25,5,1,2,5,5,5,15,2,2,2,2,2,2
2024280,2024-10-20,70,70,19,2,4,6,8,11,60,18,2,4,6,8,11,50,15,2,4,6,8,11,40,11,2,4,6,8,11,30,8,2,4,6,8,8,20,5,3,5,5,5,5
2024281,2024-10-21,69,69,17,5,6,8,9,13,59,17,5,6,8,9,13,49,14,5,6,8,9,13,39,11,5,6,8,9,11,29,10,5,6,8,10,10,19,7,5,7,7,7,7
2024282,2024-10-22,66,66,18,6,8,9,11,12,56,15,6,8,9,11,12,46,13,6,8,9,11,12,36,12,6,8,9,11,12,26,9,6,7,9,9,9,16,5,5,5,5,5,5
2024283,2024-10-23,65,65,18,8,9,10,11,15,55,17,8,9,10,11,15,45,15,8,9,10,11,15,35,11,8,9,10,11,11,25,10,8,9,10,10,10,15,7,7,7,7,7,7
2024284,2024-10-24,66,66,16,4,6,8,9,13,56,15,4,6,8,9,13,46,15,4,6,8,9,13,36,10,4,6,8,9,10,26,7,4,6,7,7,7,16,4,3,4,4,4,4
2024285,2024-10-25,66,66,15,3,5,7,8,10,56,13,3,5,7,8,10,46,10,3,5,7,8,10,36,8,3,5,7,7,8,26,6,3,5,6,6,6,16,5,4,5,5,5,5
2024286,2024-10-26,65,65,16,2,2,4,5,8,55,13,2,2,4,5,8,45,9,2,2,4,5,8,35,6,2,2,4,6,6,25,3,2,2,3,3,3,15,1,1,1,1,1,1
2024287,2024-10-27,68,68,17,3,6,9,11,13,58,15,3,6,9,11,13,48,14,3,6,9,11,13,38,12,3,6,9,11,12,28,10,3,6,9,10,10,18,6,4,6,6,6,6
2024288,2024-10-28,66,66,14,4,5,8,8,9,56,13,4,5,8,8,9,46,10,4,5,8,8,9,36,9,4,5,8,8,9,26,6,4,5,6,6,6,16,4,3,4,4,4,4
2024289,2024-10-29,65,65,16,5,6,7,8,9,55,15,5,6,7,8,9,45,11,5,6,7,8,9,35,9,5,6,7,8,9,25,8,5,7,8,8,8,15,6,6,6,6,6,6
2024290,2024-10-30,64,64,16,4,6,8,9,13,54,14,4,6,8,9,13,44,14,4,6,8,9,13,34,10,4,6,8,9,10,24,7,4,6,7,7,7,14,5,5,5,5,5,5
2024291,2024-10-31,67,67,15,4,6,8,9,11,57,12,4,6,8,9,11,47,12,4,6,8,9,11,37,10,4,6,8,9,10,27,8,4,6,8,8,8,17,6,5,6,6,6,6
2024292,2024-11-01,66,66,15,2,3,4,4,8,56,14,2,3,4,4,8,46,9,2,3,4,4,8,36,7,2,3,4,5,7,26,4,2,3,4,4,4,16,3,2,3,3,3,3
2024293,2024-11-02,68,68,17,4,5,6,7,10,58,15,4,5,6,7,10,48,12,4,5,6,7,10,38,9,4,5,6,7,9,28,6,4,5,5,6,6,18,4,4,4,4,4,4
2024294,2024-11-03,69,69,16,4,6,6,6,8,59,13,4,6,6,6,8,49,10,4,6,6,6,8,39,7,4,6,6,6,7,29,7,4,6,7,7,7,19,4,4,4,4,4,4
2024295,2024-11-04,66,66,15,2,4,6,7,8,56,13,2,4,6,7,8,46,8,2,4,6,7,8,36,7,2,4,6,7,7,26,5,2,4,4,5,5,16,4,3,4,4,4,4
2024296,2024-11-05,67,67,15,6,7,8,10,11,57,12,6,7,8,10,11,47,11,6,7,8,10,11,37,10,6,7,8,10,10,27,8,6,7,8,8,8,17,5,5,5,5,5,5
2024297,2024-11-06,64,64,17,3,5,5,6,11,54,15,3,5,5,6,11,44,12,3,5,5,6,11,34,9,3,5,5,6,9,24,5,3,5,5,5,5,14,3,3,3,3,3,3
2024298,2024-11-07,65,65,18,2,3,4,5,11,55,15,2,3,4,5,11,45,13,2,3,4,5,11,35,9,2,3,4,5,9,25,3,2,3,3,3,3,15,1,1,1,1,1,1
2024299,2024-11-08,74,74,18,1,2,4,5,8,64,14,1,2,4,5,8,54,12,1,2,4,5,8,44,8,1,2,4,5,6,34,7,1,2,4,5,7,24,3,1,2,3,3,3
2024300,2024-11-09,72,72,17,4,4,6,7,8,62,16,4,4,6,7,8,52,13,4,4,6,7,8,42,9,4,4,6,7,8,32,8,4,4,6,7,8,22,5,3,5,5,5,5
2024301,2024-11-10,68,68,17,4,6,6,7,12,58,14,4,6,6,7,12,48,13,4,6,6,7,12,38,11,4,6,6,7,11,28,9,4,6,7,9,9,18,4,4,4,4,4,4
2024302,2024-11-11,67,67,15,4,7,7,8,10,57,13,4,7,7,8,10,47,12,4,7,7,8,10,37,10,4,7,7,8,10,27,8,4,7,8,8,8,17,7,7,7,7,7,7
2024303,2024-11-12,64,64,16,1,2,5,6,9,54,15,1,2,5,6,9,44,11,1,2,5,6,9,34,7,1,2,5,6,7,24,5,1,4,5,5,5,14,2,2,2,2,2,2
2024304,2024-11-13,69,69,18,4,9,10,11,14,59,16,4,9,10,11,14,49,15,4,9,10,11,14,39,13,4,9,10,11,13,29,11,4,9,10,11,11,19,5,4,5,5,5,5
2024305,2024-11-14,66,66,17,2,3,4,6,8,56,14,2,3,4,6,8,46,11,2,3,4,6,8,36,8,2,3,4,6,8,26,5,2,3,5,5,5,16,3,3,3,3,3,3
2024306,2024-11-15,69,69,18,5,5,6,7,9,59,15,5,5,6,7,9,49,11,5,5,6,7,9,39,9,5,5,6,7,9,29,7,5,5,6,7,7,19,6,6,6,6,6,6
2024307,2024-11-16,69,69,17,6,7,7,8,11,59,14,6,7,7,8,11,49,13,6,7,7,8,11,39,12,6,7,7,8,12,29,8,6,7,8,8,8,19,7,7,7,7,7,7
2024308,2024-11-17,64,64,15,3,3,5,6,9,54,12,3,3,5,6,9,44,10,3,3,5,6,8,34,7,3,3,5,6,7,24,5,3,4,5,5,5,14,2,2,2,2,2,2
2024309,2024-11-18,66,66,18,3,4,5,8,11,56,15,3,4,5,8,11,46,13,3,4,5,8,11,36,10,3,4,5,8,10,26,6,3,4,6,6,6,16,3,3,3,3,3,3
2024310,2024-11-19,70,70,18,4,7,9,9,11,60,17,4,7,9,9,11,50,13,4,7,9,9,11,40,11,4,7,9,9,11,30,9,4,7,9,9,9,20,5,4,5,5,5,5
2024311,2024-11-20,67,67,17,1,3,4,4,7,57,15,1,3,4,4,7,47,10,1,3,4,4,7,37,7,1,3,4,4,7,27,4,1,3,4,4,4,17,4,3,4,4,4,4
2024312,2024-11-21,70,70,17,4,5,6,9,11,60,14,4,5,6,9,11,50,13,4,5,6,9,11,40,10,4,5,6,9,10,30,7,4,5,6,7,7,20,5,5,5,5,5,5
2024313,2024-11-22,68,68,16,5,6,8,8,10,58,14,5,6,8,8,10,48,11,5,6,8,8,10,38,8,5,6,8,8,8,28,8,5,6,8,8,8,18,5,4,5,5,5,5
2024314,2024-11-23,65,65,13,2,2,4,6,7,55,12,2,2,4,6,7,45,9,2,2,4,6,7,35,7,2,2,4,6,7,25,4,2,2,4,4,4,15,2,2,2,2,2,2
2024315,2024-11-24,68,68,17,3,3,5,6,7,58,13,3,3,5,6,7,48,9,3,3,5,6,8,38,7,3,3,5,6,7,28,3,3,3,3,3,3,18,3,3,3,3,3,3
2024316,2024-11-25,69,69,18,3,4,4,4,7,59,14,3,4,4,4,7,49,13,3,4,4,4,7,39,7,3,4,4,4,7,29,6,3,4,5,6,6,19,3,3,3,3,3,3
2024317,2024-11-26,70,70,17,2,3,4,7,9,60,14,2,3,4,7,9,50,11,2,3,4,7,9,40,8,2,3,4,7,8,30,5,2,3,4,5,5,20,3,2,3,3,3,3
2024318,2024-11-27,70,70,19,4,6,9,10,12,60,17,4,6,9,10,12,50,14,4,6,9,10,12,40,12,4,6,9,10,12,30,10,4,6,9,10,10,20,7,4,7,7,7,7
2024319,2024-11-28,66,66,17,3,4,7,8,10,56,17,3,4,7,8,10,46,14,3,4,7,8,10,36,11,3,4,7,8,11,26,7,3,4,6,7,7,16,3,3,3,3,3,3
2024320,2024-11-29,70,70,18,3,4,5,5,8,60,15,3,4,5,5,8,50,10,3,4,5,5,8,40,8,3,4,5,5,8,30,7,3,4,5,7,7,20,4,3,4,4,4,4
2024321,2024-11-30,70,70,16,7,8,9,12,14,60,16,7,8,9,12,14,50,14,7,8,9,12,14,40,14,7,8,9,12,14,30,9,7,8,9,9,9,20,7,6,7,7,7,7
2024322,2024-12-01,63,63,15,4,4,4,5,8,53,12,4,4,4,5,8,43,10,4,4,4,5,8,33,5,4,4,4,4,5,23,4,4,4,4,4,4,13,4,4,4,4,4,4
2024323,2024-12-02,69,69,17,4,5,5,6,9,59,13,4,5,5,6,9,49,11,4,5,5,6,9,39,7,4,5,5,6,7,29,6,4,5,6,6,6,19,4,3,4,4,4,4
2024324,2024-12-03,66,66,17,4,5,7,9,11,56,15,4,5,7,9,11,46,13,4,5,7,9,11,36,10,4,5,7,9,10,26,8,4,5,8,8,8,16,4,4,4,4,4,4
2024325,2024-12-04,67,67,15,3,5,7,9,9,57,13,3,5,7,9,9,47,11,3,5,7,9,9,37,9,3,5,7,9,9,27,6,3,5,6,6,6,17,5,5,5,5,5,5
2024326,2024-12-05,67,67,15,2,3,3,4,8,57,12,2,3,3,4,8,47,11,2,3,3,4,8,37,7,2,3,3,4,7,27,6,2,3,4,6,6,17,3,2,3,3,3,3
2024327,2024-12-06,66,66,15,1,2,4,6,10,56,14,1,2,4,6,10,46,10,1,2,4,6,10,36,8,1,2,4,6,8,26,6,1,2,5,6,6,16,2,1,2,2,2,2
2024328,2024-12-07,70,70,16,3,5,7,10,10,60,15,3,5,7,10,10,50,11,3,5,7,10,10,40,10,3,5,7,10,10,30,8,3,5,7,8,8,20,6,4,6,6,6,6
2024329,2024-12-08,66,66,13,1,3,5,6,7,56,9,1,3,5,6,7,46,7,1,3,5,6,7,36,6,1,3,5,6,6,26,4,1,3,3,4,4,16,2,1,2,2,2,2
2024330,2024-12-09,68,68,19,8,9,10,11,13,58,17,8,9,10,11,13,48,16,8,9,10,11,13,38,12,8,9,10,11,12,28,10,8,9,10,10,10,18,8,7,8,8,8,8
2024331,2024-12-10,63,63,14,5,7,8,8,11,53,12,5,7,8,8,11,43,11,5,7,8,8,11,33,9,5,7,8,8,9,23,7,5,7,7,7,7,13,5,5,5,5,5,5
2024332,2024-12-11,63,63,16,5,5,5,6,7,53,11,5,5,5,6,7,43,9,5,5,5,6,7,33,7,5,5,5,6,7,23,5,5,5,5,5,5,13,5,5,5,5,5,5
2024333,2024-12-12,68,68,15,3,4,5,7,8,58,12,3,4,5,7,8,48,9,3,4,5,7,8,38,8,3,4,5,7,8,28,7,3,4,6,7,7,18,4,3,4,4,4,4
2024334,2024-12-13,65,65,15,1,1,2,5,7,55,11,1,1,2,5,7,45,9,1,1,2,5,7,35,6,1,1,2,4,6,25,3,1,1,3,3,3,15,1,1,1,1,1,1
2024335,2024-12-14,70,70,18,5,5,9,9,11,60,15,5,5,9,9,11,50,14,5,5,9,9,11,40,12,5,5,9,9,12,30,11,5,5,9,11,11,20,9,5,9,9,9,9
2024336,2024-12-15,65,65,16,3,3,4,6,10,55,14,3,3,4,6,10,45,10,3,3,4,6,10,35,7,3,3,4,6,7,25,5,3,3,5,5,5,15,3,3,3,3,3,3
2024337,2024-12-16,69,69,16,4,7,9,9,12,59,13,4,7,9,9,12,49,12,4,7,9,9,12,39,12,4,7,9,9,12,29,11,4,7,9,11,11,19,7,5,7,7,7,7
2024338,2024-12-17,64,64,16,4,4,5,8,10,54,12,4,4,5,8,10,44,10,4,4,5,8,10,34,8,4,4,5,7,8,24,5,4,4,5,5,5,14,2,2,2,2,2,2
2024339,2024-12-18,67,67,18,5,7,9,9,12,57,17,5,7,9,9,12,47,14,5,7,9,9,12,37,11,5,7,9,9,11,27,9,5,7,8,9,9,17,6,5,6,6,6,6
2024340,2024-12-19,66,66,16,2,3,4,5,8,56,14,2,3,4,5,8,46,9,2,3,4,5,8,36,6,2,3,4,5,6,26,4,2,3,3,4,4,16,3,2,3,3,3,3
2024341,2024-12-20,70,70,18,1,4,5,7,11,60,15,1,4,5,7,11,50,13,1,4,5,7,11,40,12,1,4,5,7,12,30,9,1,4,6,9,9,20,3,1,3,3,3,3
2024342,2024-12-21,68,68,18,5,5,7,8,12,58,16,5,5,7,8,12,48,14,5,5,7,8,12,38,11,5,5,7,8,11,28,8,5,5,7,8,8,18,7,7,7,7,7,7
2024343,2024-12-22,70,70,19,6,9,10,12,15,60,19,6,9,10,12,15,50,15,6,9,10,12,15,40,15,6,9,10,12,15,30,11,6,9,10,11,11,20,8,7,8,8,8,8
2024344,2024-12-23,64,64,15,3,5,6,6,10,54,12,3,5,6,6,10,44,10,3,5,6,6,10,34,9,3,5,6,7,9,24,5,3,4,5,5,5,14,2,2,2,2,2,2
2024345,2024-12-24,66,66,15,6,7,9,11,11,56,14,6,7,9,11,11,46,13,6,7,9,11,11,36,11,6,7,9,11,11,26,9,6,7,9,9,9,16,7,6,7,7,7,7
2024346,2024-12-25,64,64,15,5,6,6,6,8,54,13,5,6,6,6,8,44,10,5,6,6,6,8,34,7,5,6,6,6,7,24,5,5,5,5,5,5,14,4,4,4,4,4,4
2024347,2024-12-26,66,66,19,4,5,6,8,11,56,18,4,5,6,8,11,46,12,4,5,6,8,11,36,10,4,5,6,8,10,26,8,4,5,8,8,8,16,5,5,5,5,5,5
2024348,2024-12-27,68,68,16,4,6,6,7,12,58,13,4,6,6,7,12,48,12,4,6,6,7,12,38,10,4,6,6,7,10,28,8,4,6,6,8,8,18,3,3,3,3,3,3
2024349,2024-12-28,66,66,20,4,7,9,9,13,56,17,4,7,9,9,13,46,14,4,7,9,9,13,36,11,4,7,9,9,11,26,8,4,7,8,8,8,16,6,5,6,6,6,6
2024350,2024-12-29,67,67,16,2,3,6,6,9,57,12,2,3,6,6,9,47,9,2,3,6,6,9,37,7,2,3,6,6,7,27,6,2,3,6,6,6,17,5,4,5,5,5,5
2024351,2024-12-30,68,68,17,2,5,5,7,13,58,16,2,5,5,7,13,48,14,2,5,5,7,13,38,12,2,5,5,7,12,28,8,2,5,6,8,8,18,4,4,4,4,4,4
2024352,2024-12-31,69,69,20,4,5,7,9,12,59,17,4,5,7,9,12,49,15,4,5,7,9,12,39,11,4,5,7,9,11,29,9,4,5,7,9,9,19,7,6,7,7,7,7
2025001,2025-01-01,69,69,18,5,6,8,9,13,59,17,5,6,8,9,13,49,17,5,6,8,9,13,39,12,5,6,8,9,12,29,9,5,6,8,9,9,19,7,5,7,7,7,7
2025002,2025-01-02,68,68,17,4,7,10,11,13,58,15,4,7,10,11,13,48,14,4,7,10,11,13,38,12,4,7,10,11,12,28,10,4,7,9,10,10,18,7,4,7,7,7,7
2025003,2025-01-03,63,63,17,5,6,7,7,12,53,15,5,6,7,7,12,43,13,5,6,7,7,12,33,10,5,6,7,8,10,23,6,5,6,6,6,6,13,2,2,2,2,2,2
2025004,2025-01-04,67,67,17,3,5,6,8,12,57,16,3,5,6,8,12,47,15,3,5,6,8,12,37,10,3,5,6,8,10,27,8,3,5,6,8,8,17,4,3,4,4,4,4
2025005,2025-01-05,68,68,17,3,5,7,9,12,58,15,3,5,7,9,12,48,13,3,5,7,9,12,38,11,3,5,7,9,11,28,8,3,5,7,8,8,18,5,4,5,5,5,5
2025006,2025-01-06,68,68,16,4,5,5,7,10,58,12,4,5,5,7,10,48,11,4,5,5,7,10,38,9,4,5,5,7,9,28,5,4,5,5,5,5,18,4,4,4,4,4,4
2025007,2025-01-07,67,67,15,3,3,3,4,5,57,12,3,3,3,4,5,47,7,3,3,3,4,5,37,6,3,3,3,4,6,27,5,3,3,4,5,5,17,3,3,3,3,3,3
2025008,2025-01-08,67,67,17,5,7,7,8,12,57,16,5,7,7,8,12,47,13,5,7,7,8,12,37,11,5,7,7,8,11,27,9,5,7,9,9,9,17,6,5,6,6,6,6
2025009,2025-01-09,65,65,13,3,4,4,7,7,55,10,3,4,4,7,7,45,8,3,4,4,7,7,35,6,3,4,4,6,6,25,6,3,4,6,6,6,15,3,3,3,3,3,3
2025010,2025-01-10,65,65,16,3,5,6,6,10,55,15,3,5,6,6,10,45,12,3,5,6,6,10,35,8,3,5,6,6,8,25,6,3,5,6,6,6,15,4,4,4,4,4,4
2025011,2025-01-11,65,65,17,5,6,7,9,12,55,13,5,6,7,9,12,45,12,5,6,7,9,12,35,11,5,6,7,10,11,25,8,5,6,8,8,8,15,5,5,5,5,5,5
2025012,2025-01-12,65,65,16,3,5,5,5,7,55,12,3,5,5,5,7,45,10,3,5,5,5,7,35,7,3,5,5,5,7,25,5,3,5,5,5,5,15,4,4,4,4,4,4
2025013,2025-01-13,69,69,18,6,6,7,8,11,59,15,6,6,7,8,11,49,11,6,6,7,8,11,39,10,6,6,7,8,10,29,8,6,6,7,8,8,19,5,4,5,5,5,5
2025014,2025-01-14,68,68,17,2,4,5,8,10,58,16,2,4,5,8,10,48,12,2,4,5,8,10,38,10,2,4,5,8,10,28,6,2,4,6,6,6,18,4,4,4,4,4,4
2025015,2025-01-15,69,69,19,5,7,9,10,11,59,16,5,7,9,10,11,49,14,5,7,9,10,11,39,10,5,7,9,10,10,29,9,5,7,9,9,9,19,5,4,5,5,5,5
2025016,2025-01-16,66,66,15,3,5,6,6,8,56,13,3,5,6,6,8,46,10,3,5,6,6,8,36,6,3,5,6,6,6,26,6,3,5,6,6,6,16,5,5,5,5,5,5
2025017,2025-01-17,66,66,16,4,5,5,6,9,56,14,4,5,5,6,9,46,9,4,5,5,6,9,36,8,4,5,5,6,8,26,6,4,5,6,6,6,16,4,4,4,4,4,4
2025018,2025-01-18,67,67,17,4,6,6,8,10,57,13,4,6,6,8,10,47,11,4,6,6,8,10,37,10,4,6,6,8,10,27,8,4,6,7,8,8,17,5,5,5,5,5,5
2025019,2025-01-19,66,66,15,6,6,8,10,13,56,14,6,6,8,10,13,46,13,6,6,8,10,13,36,12,6,6,8,10,12,26,9,6,6,8,9,9,16,4,4,4,4,4,4
2025020,2025-01-20,64,64,17,3,4,6,8,12,54,14,3,4,6,8,12,44,12,3,4,6,8,11,34,10,3,4,6,8,10,24,6,3,4,6,6,6,14,2,2,2,2,2,2
2025021,2025-01-21,69,69,18,3,4,5,6,11,59,16,3,4,5,6,11,49,14,3,4,5,6,11,39,9,3,4,5,6,9,29,7,3,4,5,7,7,19,4,3,4,4,4,4
2025022,2025-01-22,70,70,17,3,4,6,7,7,60,13,3,4,6,7,7,50,9,3,4,6,7,7,40,8,3,4,6,7,8,30,6,3,4,6,6,6,20,5,4,5,5,5,5
2025023,2025-01-23,70,70,17,2,4,5,7,8,60,13,2,4,5,7,8,50,12,2,4,5,7,8,40,8,2,4,5,7,8,30,5,2,4,5,5,5,20,4,3,4,4,4,4
2025024,2025-01-24,69,69,18,4,5,5,7,10,59,16,4,5,5,7,10,49,13,4,5,5,7,10,39,9,4,5,5,7,9,29,6,4,5,5,6,6,19,4,4,4,4,4,4
2025025,2025-01-25,70,70,18,4,4,7,7,10,60,16,4,4,7,7,10,50,11,4,4,7,7,10,40,10,4,4,7,7,10,30,8,4,4,6,8,8,20,4,2,4,4,4,4
2025026,2025-01-26,67,67,17,5,6,7,8,11,57,16,5,6,7,8,11,47,13,5,6,7,8,11,37,9,5,6,7,8,9,27,8,5,6,8,8,8,17,7,7,7,7,7,7
2025027,2025-02-06,67,67,18,2,4,7,7,8,57,14,2,4,7,7,8,47,10,2,4,7,7,8,37,8,2,4,7,7,8,27,5,2,4,5,5,5,17,4,3,4,4,4,4
2025028,2025-02-07,68,68,16,4,6,6,8,9,58,14,4,6,6,8,9,48,12,4,6,6,8,9,38,9,4,6,6,8,9,28,6,4,6,6,6,6,18,4,4,4,4,4,4
2025029,2025-02-08,67,67,17,4,5,7,8,10,57,16,4,5,7,8,10,47,12,4,5,7,8,10,37,10,4,5,7,8,10,27,7,4,5,7,7,7,17,6,5,6,6,6,6
2025030,2025-02-09,67,67,16,2,3,5,5,8,57,13,2,3,5,5,8,47,9,2,3,5,5,8,37,5,2,3,5,5,5,27,4,2,3,4,4,4,17,3,2,3,3,3,3
2025031,2025-02-10,68,68,16,3,4,6,8,10,58,13,3,4,6,8,10,48,10,3,4,6,8,10,38,9,3,4,6,8,9,28,6,3,4,5,6,6,18,4,4,4,4,4,4
2025032,2025-02-11,69,69,16,4,4,5,6,10,59,14,4,4,5,6,10,49,11,4,4,5,6,10,39,7,4,4,5,6,7,29,7,4,4,6,7,7,19,4,3,4,4,4,4
2025033,2025-02-12,67,67,18,3,4,6,7,11,57,14,3,4,6,7,11,47,12,3,4,6,7,11,37,11,3,4,6,7,11,27,6,3,4,5,6,6,17,3,2,3,3,3,3
2025034,2025-02-13,68,68,17,3,5,6,7,10,58,15,3,5,6,7,10,48,11,3,5,6,7,10,38,9,3,5,6,7,9,28,7,3,5,6,7,7,18,2,2,2,2,2,2
2025035,2025-02-14,68,68,19,3,3,3,4,8,58,15,3,3,3,4,8,48,13,3,3,3,4,8,38,7,3,3,3,4,7,28,4,3,3,3,4,4,18,2,2,2,2,2,2
2025036,2025-02-15,72,72,18,4,5,6,7,11,62,17,4,5,6,7,11,52,13,4,5,6,7,11,42,12,4,5,6,7,11,32,8,4,5,6,7,8,22,5,4,5,5,5,5
2025037,2025-02-16,70,70,16,2,4,5,5,7,60,13,2,4,5,5,7,50,12,2,4,5,5,7,40,7,2,4,5,5,7,30,6,2,4,5,6,6,20,4,3,4,4,4,4
2025038,2025-02-17,68,68,18,6,6,8,10,14,58,18,6,6,8,10,14,48,14,6,6,8,10,14,38,11,6,6,8,10,11,28,9,6,6,8,9,9,18,7,5,7,7,7,7
2025039,2025-02-18,66,66,17,5,6,6,6,8,56,13,5,6,6,6,8,46,9,5,6,6,6,8,36,6,5,6,6,6,6,26,5,5,5,5,5,5,16,5,5,5,5,5,5
2025040,2025-02-19,67,67,19,3,4,6,6,10,57,16,3,4,6,6,10,47,11,3,4,6,6,10,37,8,3,4,6,6,8,27,6,3,4,5,6,6,17,4,2,4,4,4,4
2025041,2025-02-20,69,69,19,4,6,7,8,8,59,15,4,6,7,8,8,49,11,4,6,7,8,8,39,9,4,6,7,8,9,29,8,4,6,7,8,8,19,6,4,6,6,6,6
2025042,2025-02-21,68,68,15,2,5,6,7,9,58,12,2,5,6,7,9,48,12,2,5,6,7,9,38,9,2,5,6,7,9,28,6,2,5,5,6,6,18,4,4,4,4,4,4
2025043,2025-02-22,66,66,18,4,5,8,10,12,56,14,4,5,8,10,12,46,13,4,5,8,10,12,36,11,4,5,8,10,11,26,7,4,5,7,7,7,16,4,4,4,4,4,4
2025044,2025-02-23,67,67,18,5,7,7,7,9,57,14,5,7,7,7,9,47,10,5,7,7,7,9,37,8,5,7,7,7,8,27,8,5,7,7,8,8,17,6,6,6,6,6,6
2025045,2025-02-24,66,66,17,3,6,8,8,10,56,15,3,6,8,8,10,46,13,3,6,8,8,10,36,11,3,6,8,8,11,26,7,3,6,6,7,7,16,5,5,5,5,5,5
2025046,2025-02-25,67,67,20,3,5,7,7,12,57,16,3,5,7,7,12,47,13,3,5,7,7,12,37,10,3,5,7,7,10,27,8,3,5,7,8,8,17,4,3,4,4,4,4
2025047,2025-02-26,69,69,19,6,7,7,9,11,59,16,6,7,7,9,11,49,15,6,7,7,9,11,39,11,6,7,7,9,11,29,10,6,7,7,10,10,19,7,6,7,7,7,7
2025048,2025-02-27,69,69,15,6,6,7,7,8,59,11,6,6,7,7,8,49,9,6,6,7,7,8,39,8,6,6,7,7,8,29,7,6,6,7,7,7,19,3,3,3,3,3,3
2025049,2025-02-28,65,65,16,9,10,10,10,13,55,15,9,10,10,10,13,45,14,9,10,10,10,13,35,13,9,10,10,11,13,25,10,9,10,10,10,10,15,9,9,9,9,9,9
2025050,2025-03-01,62,62,17,5,7,11,12,14,52,15,5,7,11,12,14,42,14,5,7,11,12,14,32,12,5,7,11,12,12,22,8,5,7,8,8,8,12,5,5,5,5,5,5
2025051,2025-03-02,65,65,17,2,3,6,7,9,55,15,2,3,6,7,9,45,12,2,3,6,7,9,35,8,2,3,6,7,8,25,6,2,4,6,6,6,15,2,2,2,2,2,2
2025052,2025-03-03,69,69,16,5,7,8,10,12,59,14,5,7,8,10,12,49,12,5,7,8,10,12,39,12,5,7,8,10,12,29,9,5,7,8,9,9,19,7,6,7,7,7,7
2025053,2025-03-04,64,64,15,6,7,7,8,9,54,13,6,7,7,8,9,44,10,6,7,7,8,9,34,9,6,7,7,8,9,24,7,6,6,7,7,7,14,5,5,5,5,5,5
2025054,2025-03-05,66,66,17,2,4,5,6,8,56,14,2,4,5,6,8,46,10,2,4,5,6,8,36,8,2,4,5,6,8,26,6,2,5,5,6,6,16,4,3,4,4,4,4
2025055,2025-03-06,66,66,16,3,4,5,6,11,56,12,3,4,5,6,11,46,11,3,4,5,6,11,36,9,3,4,5,6,9,26,6,3,4,6,6,6,16,4,4,4,4,4,4
2025056,2025-03-07,69,69,16,3,3,4,5,8,59,14,3,3,4,5,8,49,9,3,3,4,5,8,39,6,3,3,4,5,6,29,5,3,3,5,5,5,19,2,1,2,2,2,2
2025057,2025-03-08,69,69,17,4,6,7,8,11,59,14,4,6,7,8,11,49,12,4,6,7,8,11,39,9,4,6,7,8,9,29,8,4,6,7,8,8,19,3,2,3,3,3,3
2025058,2025-03-09,67,67,19,4,5,8,8,9,57,15,4,5,8,8,9,47,11,4,5,8,8,9,37,9,4,5,8,8,9,27,6,4,5,6,6,6,17,5,4,5,5,5,5
2025059,2025-03-10,68,68,19,4,5,6,7,12,58,17,4,5,6,7,12,48,13,4,5,6,7,12,38,9,4,5,6,7,9,28,7,4,5,7,7,7,18,4,3,4,4,4,4
2025060,2025-03-11,69,69,17,3,3,3,4,7,59,15,3,3,3,4,7,49,11,3,3,3,4,7,39,6,3,3,3,4,6,29,4,3,3,3,4,4,19,2,2,2,2,2,2
2025061,2025-03-12,71,71,16,3,4,5,5,7,61,13,3,4,5,5,7,51,9,3,4,5,5,7,41,7,3,4,5,5,7,31,5,3,4,5,5,5,21,4,4,4,4,4,4
2025062,2025-03-13,70,70,18,4,7,9,11,12,60,15,4,7,9,11,12,50,14,4,7,9,11,12,40,12,4,7,9,11,12,30,8,4,7,8,8,8,20,7,6,7,7,7,7
2025063,2025-03-14,65,65,17,3,5,6,7,8,55,14,3,5,6,7,8,45,9,3,5,6,7,8,35,8,3,5,6,7,8,25,7,3,5,7,7,7,15,5,5,5,5,5,5
2025064,2025-03-15,69,69,17,6,7,7,8,11,59,15,6,7,7,8,11,49,12,6,7,7,8,11,39,10,6,7,7,8,10,29,9,6,7,7,9,9,19,4,4,4,4,4,4
2025065,2025-03-16,66,66,15,4,5,5,7,9,56,12,4,5,5,7,9,46,10,4,5,5,7,9,36,9,4,5,5,7,9,26,7,4,5,7,7,7,16,5,5,5,5,5,5
2025066,2025-03-17,67,67,15,2,3,5,5,6,57,11,2,3,5,5,6,47,9,2,3,5,5,6,37,6,2,3,5,5,6,27,5,2,4,5,5,5,17,3,3,3,3,3,3
2025067,2025-03-18,68,68,17,6,9,11,11,13,58,17,6,9,11,11,13,48,15,6,9,11,11,13,38,13,6,9,11,11,13,28,12,6,9,11,12,12,18,9,6,9,9,9,9
2025068,2025-03-19,61,61,17,4,4,5,7,13,51,16,4,4,5,7,13,41,12,4,4,5,7,12,31,8,4,4,5,7,8,21,5,4,4,5,5,5,11,2,2,2,2,2,2
2025069,2025-03-20,68,68,17,4,5,6,6,9,58,14,4,5,6,6,9,48,11,4,5,6,6,9,38,8,4,5,6,6,8,28,6,4,5,5,6,6,18,4,4,4,4,4,4
2025070,2025-03-21,69,69,16,4,6,8,9,13,59,14,4,6,8,9,13,49,13,4,6,8,9,13,39,12,4,6,8,9,12,29,11,4,6,8,11,11,19,5,3,5,5,5,5
2025071,2025-03-22,65,65,17,4,7,7,7,11,55,15,4,7,7,7,11,45,12,4,7,7,7,11,35,10,4,7,7,8,10,25,6,4,6,6,6,6,15,4,4,4,4,4,4
2025072,2025-03-23,66,66,15,4,5,6,7,10,56,13,4,5,6,7,10,46,12,4,5,6,7,10,36,10,4,5,6,7,10,26,7,4,5,7,7,7,16,4,4,4,4,4,4
2025073,2025-03-24,68,68,17,2,4,4,5,7,58,16,2,4,4,5,7,48,12,2,4,4,5,7,38,8,2,4,4,5,8,28,5,2,4,5,5,5,18,4,3,4,4,4,4
2025074,2025-03-25,68,68,18,3,4,5,8,13,58,17,3,4,5,8,13,48,15,3,4,5,8,13,38,12,3,4,5,8,12,28,8,3,4,5,8,8,18,4,3,4,4,4,4
2025075,2025-03-26,70,70,15,6,7,8,9,10,60,15,6,7,8,9,10,50,13,6,7,8,9,10,40,10,6,7,8,9,10,30,8,6,7,8,8,8,20,6,6,6,6,6,6
2025076,2025-03-27,65,65,16,2,3,4,4,8,55,11,2,3,4,4,8,45,8,2,3,4,4,8,35,7,2,3,4,5,7,25,3,2,3,3,3,3,15,1,1,1,1,1,1
2025077,2025-03-28,69,69,15,5,5,8,9,11,59,14,5,5,8,9,11,49,12,5,5,8,9,11,39,11,5,5,8,9,11,29,8,5,5,8,8,8,19,8,5,8,8,8,8
2025078,2025-03-29,63,63,14,2,3,5,7,8,53,10,2,3,5,7,8,43,9,2,3,5,7,8,33,6,2,3,5,6,6,23,4,2,4,4,4,4,13,1,1,1,1,1,1
2025079,2025-03-30,69,69,18,4,7,9,12,14,59,16,4,7,9,12,14,49,16,4,7,9,12,14,39,14,4,7,9,12,14,29,10,4,7,9,10,10,19,6,4,6,6,6,6
2025080,2025-03-31,65,65,17,4,5,6,7,9,55,14,4,5,6,7,9,45,12,4,5,6,7,9,35,8,4,5,6,7,8,25,6,4,5,6,6,6,15,3,3,3,3,3,3
2025081,2025-04-01,67,67,16,3,4,7,8,12,57,13,3,4,7,8,12,47,12,3,4,7,8,12,37,11,3,4,7,8,11,27,7,3,4,5,7,7,17,5,5,5,5,5,5
2025082,2025-04-02,68,68,18,4,6,7,7,9,58,15,4,6,7,7,9,48,10,4,6,7,7,9,38,9,4,6,7,7,9,28,8,4,6,8,8,8,18,6,5,6,6,6,6
2025083,2025-04-03,67,67,16,2,3,4,5,7,57,11,2,3,4,5,7,47,7,2,3,4,5,7,37,5,2,3,4,5,5,27,5,2,3,5,5,5,17,4,3,4,4,4,4
2025084,2025-04-04,69,69,18,4,5,6,6,8,59,16,4,5,6,6,8,49,12,4,5,6,6,8,39,7,4,5,6,6,7,29,6,4,5,6,6,6,19,4,4,4,4,4,4
2025085,2025-04-05,70,70,18,3,5,6,7,9,60,14,3,5,6,7,9,50,10,3,5,6,7,9,40,9,3,5,6,7,9,30,6,3,5,5,6,6,20,3,3,3,3,3,3
2025086,2025-04-06,67,67,16,6,6,7,7,10,57,15,6,6,7,7,10,47,12,6,6,7,7,10,37,9,6,6,7,7,9,27,7,6,6,7,7,7,17,6,6,6,6,6,6
2025087,2025-04-07,67,67,16,2,4,5,6,9,57,15,2,4,5,6,9,47,11,2,4,5,6,9,37,8,2,4,5,6,8,27,6,2,4,5,6,6,17,4,3,4,4,4,4
2025088,2025-04-08,69,69,18,3,4,7,9,13,59,17,3,4,7,9,13,49,15,3,4,7,9,13,39,13,3,4,7,9,13,29,9,3,4,7,9,9,19,5,3,5,5,5,5
2025089,2025-04-09,66,66,16,4,5,6,7,11,56,15,4,5,6,7,11,46,13,4,5,6,7,11,36,8,4,5,6,7,8,26,7,4,5,6,7,7,16,4,4,4,4,4,4
2025090,2025-04-10,67,67,17,3,4,5,6,8,57,12,3,4,5,6,8,47,10,3,4,5,6,8,37,8,3,4,5,6,8,27,5,3,4,5,5,5,17,2,2,2,2,2,2
2025091,2025-04-11,69,69,17,4,7,10,12,13,59,17,4,7,10,12,13,49,15,4,7,10,12,13,39,13,4,7,10,12,13,29,10,4,7,10,10,10,19,8,6,8,8,8,8
2025092,2025-04-12,63,63,16,5,9,9,9,11,53,14,5,9,9,9,11,43,12,5,9,9,9,11,33,10,5,9,9,9,10,23,6,5,6,6,6,6,13,4,4,4,4,4,4
2025093,2025-04-13,65,65,17,4,5,6,8,9,55,13,4,5,6,8,9,45,9,4,5,6,8,9,35,8,4,5,6,8,8,25,8,4,5,8,8,8,15,5,5,5,5,5,5
2025094,2025-04-14,68,68,17,1,3,5,6,8,58,16,1,3,5,6,8,48,10,1,3,5,6,8,38,7,1,3,5,6,7,28,4,1,3,4,4,4,18,4,3,4,4,4,4
2025095,2025-04-15,70,70,19,4,6,7,8,11,60,15,4,6,7,8,11,50,13,4,6,7,8,11,40,10,4,6,7,8,10,30,9,4,6,7,9,9,20,6,5,6,6,6,6
2025096,2025-04-16,68,68,16,5,6,6,8,12,58,15,5,6,6,8,12,48,14,5,6,6,8,12,38,12,5,6,6,8,12,28,7,5,6,7,7,7,18,5,5,5,5,5,5
2025097,2025-04-17,68,68,18,3,4,5,5,7,58,15,3,4,5,5,7,48,12,3,4,5,5,7,38,7,3,4,5,5,7,28,5,3,4,4,5,5,18,2,2,2,2,2,2
2025098,2025-04-18,68,68,17,4,5,6,7,10,58,13,4,5,6,7,10,48,11,4,5,6,7,10,38,10,4,5,6,7,10,28,7,4,5,6,7,7,18,5,4,5,5,5,5
2025099,2025-04-19,69,69,17,1,3,4,5,7,59,15,1,3,4,5,7,49,11,1,3,4,5,7,39,7,1,3,4,5,7,29,5,1,3,4,5,5,19,4,3,4,4,4,4
2025100,2025-04-20,67,67,15,4,5,7,10,11,57,14,4,5,7,10,11,47,12,4,5,7,10,11,37,11,4,5,7,10,11,27,7,4,5,7,7,7,17,5,4,5,5,5,5
2025101,2025-04-21,66,66,15,2,4,4,5,7,56,13,2,4,4,5,7,46,9,2,4,4,5,8,36,7,2,4,4,5,7,26,5,2,4,4,5,5,16,4,4,4,4,4,4
2025102,2025-04-22,69,69,14,3,3,3,4,7,59,11,3,3,3,4,7,49,9,3,3,3,4,7,39,5,3,3,3,4,5,29,4,3,3,4,4,4,19,2,2,2,2,2,2
2025103,2025-04-23,68,68,15,3,3,5,7,11,58,13,3,3,5,7,11,48,12,3,3,5,7,11,38,9,3,3,5,7,9,28,6,3,3,5,6,6,18,2,2,2,2,2,2
2025104,2025-04-24,68,68,16,4,6,7,9,10,58,14,4,6,7,9,10,48,11,4,6,7,9,10,38,10,4,6,7,9,10,28,8,4,6,8,8,8,18,5,4,5,5,5,5
2025105,2025-04-25,65,65,19,7,9,10,13,14,55,17,7,9,10,13,14,45,15,7,9,10,13,14,35,11,7,9,10,11,11,25,11,7,9,11,11,11,15,6,6,6,6,6,6
2025106,2025-04-26,65,65,15,3,5,5,7,9,55,14,3,5,5,7,9,45,11,3,5,5,7,9,35,8,3,5,5,7,8,25,6,3,5,6,6,6,15,3,3,3,3,3,3
2025107,2025-04-27,68,68,15,5,6,8,10,11,58,14,5,6,8,10,11,48,12,5,6,8,10,11,38,10,5,6,8,10,10,28,7,5,6,7,7,7,18,6,5,6,6,6,6
2025108,2025-04-28,65,65,14,2,3,7,7,9,55,10,2,3,7,7,9,45,10,2,3,7,7,9,35,9,2,3,7,7,9,25,5,2,5,5,5,5,15,2,2,2,2,2,2
2025109,2025-04-29,68,68,19,3,4,5,7,11,58,17,3,4,5,7,11,48,12,3,4,5,7,11,38,10,3,4,5,7,10,28,7,3,4,6,7,7,18,3,2,3,3,3,3
2025110,2025-04-30,70,70,19,4,6,9,11,13,60,16,4,6,9,11,13,50,15,4,6,9,11,13,40,13,4,6,9,11,13,30,10,4,6,9,10,10,20,7,5,7,7,7,7
2025111,2025-05-01,67,67,18,4,5,6,8,11,57,14,4,5,6,8,11,47,12,4,5,6,8,11,37,10,4,5,6,8,10,27,7,4,5,6,7,7,17,5,5,5,5,5,5
2025112,2025-05-02,69,69,18,5,6,6,6,10,59,13,5,6,6,6,10,49,11,5,6,6,6,10,39,9,5,6,6,6,9,29,9,5,6,7,9,9,19,5,5,5,5,5,5
2025113,2025-05-03,68,68,18,3,4,6,8,11,58,14,3,4,6,8,11,48,12,3,4,6,8,11,38,11,3,4,6,8,11,28,8,3,4,7,8,8,18,3,2,3,3,3,3
2025114,2025-05-04,67,67,20,5,6,9,10,14,57,18,5,6,9,10,14,47,17,5,6,9,10,14,37,14,5,6,9,10,14,27,11,5,6,9,11,11,17,6,4,6,6,6,6
2025115,2025-05-05,69,69,17,4,4,5,5,6,59,11,4,4,5,5,6,49,7,4,4,5,5,6,39,6,4,4,5,5,6,29,5,4,4,5,5,5,19,3,2,3,3,3,3
2025116,2025-05-06,70,70,18,4,5,6,8,11,60,16,4,5,6,8,11,50,13,4,5,6,8,11,40,11,4,5,6,8,11,30,8,4,5,6,8,8,20,6,5,6,6,6,6
2025117,2025-05-07,69,69,19,4,5,6,8,10,59,15,4,5,6,8,10,49,13,4,5,6,8,10,39,11,4,5,6,8,11,29,7,4,5,5,7,7,19,5,5,5,5,5,5
2025118,2025-05-08,68,68,17,3,5,6,7,10,58,15,3,5,6,7,10,48,12,3,5,6,7,10,38,10,3,5,6,7,10,28,7,3,5,6,7,7,18,2,2,2,2,2,2
2025119,2025-05-09,69,69,18,6,7,8,10,11,59,16,6,7,8,10,11,49,13,6,7,8,10,11,39,10,6,7,8,10,10,29,8,6,7,8,8,8,19,7,6,7,7,7,7
2025120,2025-05-10,67,67,17,5,7,8,9,10,57,15,5,7,8,9,10,47,11,5,7,8,9,10,37,11,5,7,8,9,11,27,7,5,7,7,7,7,17,7,6,7,7,7,7
2025121,2025-05-11,64,64,15,5,7,7,8,10,54,13,5,7,7,8,10,44,12,5,7,7,8,11,34,10,5,7,7,10,10,24,7,5,6,7,7,7,14,4,4,4,4,4,4
2025122,2025-05-12,66,66,19,2,2,3,5,12,56,17,2,2,3,5,12,46,12,2,2,3,5,12,36,9,2,2,3,5,9,26,3,2,2,3,3,3,16,1,1,1,1,1,1
2025123,2025-05-13,72,72,17,3,5,6,7,8,62,14,3,5,6,7,8,52,13,3,5,6,7,8,42,10,3,5,6,7,8,32,9,3,5,6,7,9,22,5,3,4,5,5,5
2025124,2025-05-14,68,68,17,6,7,8,9,12,58,16,6,7,8,9,12,48,15,6,7,8,9,12,38,14,6,7,8,9,14,28,10,6,7,8,10,10,18,6,6,6,6,6,6
2025125,2025-05-15,66,66,17,5,7,7,8,13,56,16,5,7,7,8,13,46,14,5,7,7,8,13,36,11,5,7,7,8,11,26,8,5,6,7,8,8,16,5,5,5,5,5,5
2025126,2025-05-16,66,66,14,3,4,5,8,9,56,12,3,4,5,8,9,46,10,3,4,5,8,9,36,8,3,4,5,8,8,26,7,3,4,7,7,7,16,2,2,2,2,2,2
2025127,2025-05-17,66,66,17,3,5,7,10,11,56,14,3,5,7,10,11,46,12,3,5,7,10,11,36,11,3,5,7,10,11,26,8,3,5,7,8,8,16,4,4,4,4,4,4
2025128,2025-05-18,67,67,17,4,5,6,6,8,57,12,4,5,6,6,8,47,8,4,5,6,6,8,37,7,4,5,6,6,7,27,6,4,5,5,6,6,17,2,2,2,2,2,2
2025129,2025-05-19,69,69,17,4,5,5,6,9,59,15,4,5,5,6,9,49,13,4,5,5,6,9,39,9,4,5,5,6,9,29,5,4,5,5,5,5,19,4,4,4,4,4,4
2025130,2025-05-20,70,70,16,5,5,5,7,11,60,14,5,5,5,7,11,50,14,5,5,5,7,11,40,11,5,5,5,7,11,30,8,5,5,7,8,8,20,3,3,3,3,3,3
2025131,2025-05-21,66,66,15,4,5,5,6,7,56,13,4,5,5,6,7,46,9,4,5,5,6,7,36,7,4,5,5,6,7,26,6,4,5,5,6,6,16,5,5,5,5,5,5
2025132,2025-05-22,67,67,16,4,6,8,11,12,57,14,4,6,8,11,12,47,12,4,6,8,11,12,37,12,4,6,8,11,12,27,9,4,6,9,9,9,17,6,6,6,6,6,6
2025133,2025-05-23,66,66,14,4,4,5,8,10,56,13,4,4,5,8,10,46,10,4,4,5,8,10,36,10,4,4,5,8,10,26,7,4,5,7,7,7,16,3,3,3,3,3,3
2025134,2025-05-24,66,66,12,4,5,5,7,8,56,9,4,5,5,7,8,46,8,4,5,5,7,8,36,8,4,5,5,7,8,26,7,4,5,7,7,7,16,5,5,5,5,5,5
2025135,2025-05-25,64,64,15,2,3,5,6,10,54,14,2,3,5,6,10,44,10,2,3,5,6,10,34,8,2,3,5,6,8,24,4,2,3,4,4,4,14,2,2,2,2,2,2
2025136,2025-05-26,68,68,20,3,4,5,8,11,58,16,3,4,5,8,11,48,14,3,4,5,8,11,38,11,3,4,5,8,11,28,7,3,4,5,7,7,18,3,2,3,3,3,3
2025137,2025-05-27,71,71,19,3,4,5,6,9,61,16,3,4,5,6,9,51,13,3,4,5,6,9,41,10,3,4,5,7,9,31,7,3,4,5,6,7,21,4,3,4,4,4,4
2025138,2025-05-28,71,71,16,2,4,6,8,9,61,13,2,4,6,8,9,51,13,2,4,6,8,9,41,9,2,4,6,9,9,31,8,2,4,6,8,8,21,6,4,6,6,6,6
2025139,2025-05-29,66,66,17,2,2,4,5,8,56,12,2,2,4,5,8,46,10,2,2,4,5,8,36,7,2,2,4,5,7,26,2,2,2,2,2,2,16,1,1,1,1,1,1
2025140,2025-05-30,70,70,17,4,6,8,9,11,60,16,4,6,8,9,11,50,13,4,6,8,9,11,40,11,4,6,8,9,11,30,8,4,6,8,8,8,20,5,4,5,5,5,5
2025141,2025-05-31,67,67,15,3,5,5,7,9,57,11,3,5,5,7,9,47,11,3,5,5,7,9,37,7,3,5,5,7,7,27,6,3,5,6,6,6,17,3,3,3,3,3,3
2025142,2025-06-01,66,66,17,4,6,8,9,10,56,15,4,6,8,9,10,46,11,4,6,8,9,10,36,9,4,6,8,9,9,26,6,4,6,6,6,6,16,4,4,4,4,4,4
2025143,2025-06-02,68,68,17,4,4,5,6,9,58,15,4,4,5,6,9,48,11,4,4,5,6,9,38,8,4,4,5,6,8,28,6,4,4,5,6,6,18,4,3,4,4,4,4
2025144,2025-06-03,68,68,17,6,7,8,10,12,58,14,6,7,8,10,12,48,13,6,7,8,10,12,38,10,6,7,8,10,10,28,8,6,7,8,8,8,18,6,5,6,6,6,6
2025145,2025-06-04,64,64,17,0,1,3,3,9,54,15,0,1,3,3,9,44,9,0,1,3,3,9,34,8,0,1,3,5,8,24,2,0,1,2,2,2,14,1,1,1,1,1,1
2025146,2025-06-05,73,73,19,3,3,4,5,7,63,16,3,3,4,5,7,53,14,3,3,4,5,7,43,11,3,3,4,5,8,33,8,3,3,4,5,8,23,5,3,4,5,5,5
2025147,2025-06-06,72,72,18,2,4,6,7,11,62,14,2,4,6,7,11,52,13,2,4,6,7,11,42,12,2,4,6,8,11,32,9,2,4,6,8,9,22,4,1,4,4,4,4
2025148,2025-06-07,68,68,18,3,3,5,6,10,58,17,3,3,5,6,10,48,10,3,3,5,6,10,38,8,3,3,5,6,8,28,6,3,3,5,6,6,18,5,4,5,5,5,5
2025149,2025-06-08,72,72,18,7,8,10,10,13,62,16,7,8,10,10,13,52,13,7,8,10,10,13,42,13,7,8,10,10,13,32,11,7,8,10,11,11,22,9,7,9,9,9,9
2025150,2025-06-09,64,64,15,8,8,9,9,9,54,12,8,8,9,9,9,44,10,8,8,9,9,9,34,9,8,8,9,9,9,24,9,8,9,9,9,9,14,8,8,8,8,8,8
2025151,2025-06-10,61,61,19,3,5,6,7,11,51,14,3,5,6,7,11,41,10,3,5,6,7,10,31,7,3,5,6,7,7,21,6,3,5,6,6,6,11,1,1,1,1,1,1
2025152,2025-06-11,70,70,18,4,7,7,9,11,60,15,4,7,7,9,11,50,13,4,7,7,9,11,40,11,4,7,7,9,11,30,9,4,7,7,9,9,20,6,4,6,6,6,6
2025153,2025-06-12,68,68,17,4,6,6,6,9,58,14,4,6,6,6,9,48,11,4,6,6,6,9,38,7,4,6,6,6,7,28,7,4,6,7,7,7,18,5,4,5,5,5,5
2025154,2025-06-13,67,67,18,4,5,7,8,10,57,15,4,5,7,8,10,47,11,4,5,7,8,10,37,8,4,5,7,8,8,27,6,4,5,6,6,6,17,3,3,3,3,3,3
2025155,2025-06-14,69,69,17,1,4,7,8,10,59,13,1,4,7,8,10,49,11,1,4,7,8,10,39,9,1,4,7,8,9,29,7,1,4,7,7,7,19,4,1,4,4,4,4
2025156,2025-06-15,68,68,17,6,6,6,9,10,58,16,6,6,6,9,10,48,12,6,6,6,9,10,38,12,6,6,6,9,12,28,7,6,6,6,7,7,18,3,3,3,3,3,3
2025157,2025-06-16,69,69,17,4,5,5,7,9,59,15,4,5,5,7,9,49,11,4,5,5,7,9,39,8,4,5,5,7,8,29,5,4,5,5,5,5,19,3,2,3,3,3,3
2025158,2025-06-17,68,68,18,3,4,5,7,11,58,17,3,4,5,7,11,48,14,3,4,5,7,11,38,8,3,4,5,7,8,28,6,3,4,6,6,6,18,4,3,4,4,4,4
2025159,2025-06-18,70,70,17,5,8,9,9,11,60,13,5,8,9,9,11,50,11,5,8,9,9,11,40,11,5,8,9,9,11,30,10,5,8,9,10,10,20,7,7,7,7,7,7
2025160,2025-06-19,65,65,15,3,4,5,7,9,55,13,3,4,5,7,9,45,10,3,4,5,7,9,35,8,3,4,5,7,8,25,6,3,5,6,6,6,15,4,4,4,4,4,4
2025161,2025-06-20,66,66,15,2,5,7,7,9,56,13,2,5,7,7,9,46,12,2,5,7,7,9,36,9,2,5,7,7,9,26,6,2,5,6,6,6,16,4,3,4,4,4,4
2025162,2025-06-21,66,66,16,5,7,8,9,10,56,14,5,7,8,9,10,46,12,5,7,8,9,10,36,9,5,7,8,9,9,26,8,5,7,7,8,8,16,5,5,5,5,5,5
2025163,2025-06-22,65,65,17,2,4,7,8,9,55,14,2,4,7,8,9,45,10,2,4,7,8,9,35,9,2,4,7,8,9,25,6,2,4,6,6,6,15,3,3,3,3,3,3
2025164,2025-06-23,70,70,18,3,4,5,6,8,60,14,3,4,5,6,8,50,10,3,4,5,6,8,40,8,3,4,5,6,8,30,6,3,4,5,6,6,20,4,3,4,4,4,4
2025165,2025-06-24,70,70,17,2,4,4,4,7,60,14,2,4,4,4,7,50,11,2,4,4,4,7,40,7,2,4,4,4,7,30,5,2,4,4,5,5,20,2,2,2,2,2,2
2025166,2025-06-25,69,69,19,4,6,6,7,10,59,16,4,6,6,7,10,49,12,4,6,6,7,10,39,9,4,6,6,7,9,29,6,4,6,6,6,6,19,2,2,2,2,2,2
2025167,2025-06-26,70,70,17,2,4,4,6,10,60,16,2,4,4,6,10,50,12,2,4,4,6,10,40,10,2,4,4,6,10,30,6,2,4,4,6,6,20,3,2,3,3,3,3
2025168,2025-06-27,70,70,18,4,7,7,7,9,60,15,4,7,7,7,9,50,12,4,7,7,7,9,40,9,4,7,7,7,9,30,7,4,7,7,7,7,20,5,5,5,5,5,5
2025169,2025-06-28,67,67,15,2,3,4,4,8,57,11,2,3,4,4,8,47,9,2,3,4,4,8,37,6,2,3,4,4,6,27,5,2,3,4,5,5,17,4,3,4,4,4,4
2025170,2025-06-29,68,68,17,6,6,9,9,10,58,15,6,6,9,9,10,48,13,6,6,9,9,10,38,11,6,6,9,9,11,28,7,6,6,7,7,7,18,5,4,5,5,5,5
2025171,2025-06-30,66,66,19,7,7,9,9,14,56,18,7,7,9,9,14,46,14,7,7,9,9,13,36,12,7,7,9,9,12,26,8,7,8,8,8,8,16,7,7,7,7,7,7
2025172,2025-07-01,65,65,18,2,3,4,7,8,55,16,2,3,4,7,8,45,11,2,3,4,7,8,35,7,2,3,4,7,7,25,6,2,3,6,6,6,15,1,1,1,1,1,1
2025173,2025-07-02,70,70,15,2,3,4,6,6,60,13,2,3,4,6,6,50,11,2,3,4,6,6,40,6,2,3,4,6,6,30,4,2,3,4,4,4,20,2,2,2,2,2,2
2025174,2025-07-03,71,71,19,5,6,6,6,9,61,14,5,6,6,6,9,51,11,5,6,6,6,9,41,9,5,6,6,6,9,31,8,5,6,6,8,8,21,3,3,3,3,3,3
2025175,2025-07-04,68,68,17,4,4,4,5,11,58,15,4,4,4,5,11,48,14,4,4,4,5,11,38,8,4,4,4,5,8,28,6,4,4,5,6,6,18,3,3,3,3,3,3
2025176,2025-07-05,70,70,16,3,4,4,4,8,60,12,3,4,4,4,8,50,11,3,4,4,4,8,40,8,3,4,4,4,8,30,6,3,4,4,6,6,20,3,3,3,3,3,3
2025177,2025-07-06,68,68,19,4,4,5,7,9,58,18,4,4,5,7,9,48,11,4,4,5,7,9,38,10,4,4,5,7,10,28,7,4,4,7,7,7,18,3,3,3,3,3,3
2025178,2025-07-07,69,69,18,3,4,4,6,10,59,16,3,4,4,6,10,49,14,3,4,4,6,10,39,10,3,4,4,6,10,29,6,3,4,4,6,6,19,4,3,4,4,4,4
2025179,2025-07-08,70,70,17,3,3,6,6,9,60,13,3,3,6,6,9,50,10,3,3,6,6,9,40,9,3,3,6,6,9,30,6,3,3,6,6,6,20,6,3,6,6,6,6
2025180,2025-07-09,67,67,18,5,6,6,6,11,57,15,5,6,6,6,11,47,13,5,6,6,6,11,37,9,5,6,6,6,9,27,8,5,6,6,8,8,17,4,4,4,4,4,4
2025181,2025-07-10,69,69,17,5,6,9,10,12,59,16,5,6,9,10,12,49,14,5,6,9,10,12,39,12,5,6,9,10,12,29,9,5,6,8,9,9,19,6,4,6,6,6,6
2025182,2025-07-11,64,64,16,2,4,5,6,7,54,13,2,4,5,6,7,44,9,2,4,5,6,7,34,6,2,4,5,5,6,24,4,2,4,4,4,4,14,3,3,3,3,3,3
2025183,2025-07-12,69,69,17,4,4,5,5,9,59,14,4,4,5,5,9,49,12,4,4,5,5,9,39,9,4,4,5,5,9,29,6,4,4,5,6,6,19,3,2,3,3,3,3
2025184,2025-07-13,69,69,20,4,5,7,7,11,59,17,4,5,7,7,11,49,16,4,5,7,7,11,39,10,4,5,7,7,10,29,8,4,5,7,8,8,19,7,5,7,7,7,7
2025185,2025-07-14,69,69,17,4,4,5,6,8,59,16,4,4,5,6,8,49,13,4,4,5,6,8,39,7,4,4,5,6,7,29,6,4,4,5,6,6,19,4,3,4,4,4,4
2025186,2025-07-15,69,69,17,3,4,6,6,7,59,14,3,4,6,6,7,49,10,3,4,6,6,7,39,7,3,4,6,6,7,29,5,3,4,5,5,5,19,5,4,5,5,5,5
2025187,2025-07-16,68,68,15,6,7,8,9,12,58,13,6,7,8,9,12,48,13,6,7,8,9,12,38,9,6,7,8,9,9,28,7,6,7,7,7,7,18,6,6,6,6,6,6
2025188,2025-07-17,64,64,17,6,6,10,11,13,54,16,6,6,10,11,13,44,14,6,6,10,11,13,34,11,6,6,10,10,11,24,9,5,7,9,9,9,14,5,5,5,5,5,5
2025189,2025-07-18,64,64,16,5,6,6,7,11,54,13,5,6,6,7,11,44,13,5,6,6,7,11,34,8,5,6,6,7,8,24,7,5,6,7,7,7,14,5,5,5,5,5,5
2025190,2025-07-19,63,63,16,3,5,6,7,11,53,15,3,5,6,7,11,43,11,3,5,6,7,11,33,7,3,5,6,6,7,23,5,3,4,5,5,5,13,3,3,3,3,3,3
2025191,2025-07-20,68,68,17,4,8,9,9,9,58,14,4,8,9,9,9,48,11,4,8,9,9,9,38,9,4,8,9,9,9,28,8,4,8,8,8,8,18,6,6,6,6,6,6
2025192,2025-07-21,65,65,17,4,6,7,8,10,55,15,4,6,7,8,10,45,12,4,6,7,8,10,35,10,4,6,7,8,10,25,8,4,6,8,8,8,15,5,5,5,5,5,5
2025193,2025-07-22,65,65,18,4,5,9,9,11,55,15,4,5,9,9,11,45,14,4,5,9,9,13,35,10,4,5,9,9,10,25,5,4,5,5,5,5,15,4,4,4,4,4,4
2025194,2025-07-23,69,69,18,2,4,4,6,10,59,14,2,4,4,6,10,49,10,2,4,4,6,10,39,10,2,4,4,6,10,29,7,2,4,4,7,7,19,4,4,4,4,4,4
2025195,2025-07-24,70,70,19,4,5,6,8,10,60,19,4,5,6,8,10,50,13,4,5,6,8,10,40,10,4,5,6,8,10,30,8,4,5,6,8,8,20,5,4,5,5,5,5
2025196,2025-07-25,69,69,18,3,3,4,4,10,59,15,3,3,4,4,10,49,13,3,3,4,4,10,39,10,3,3,4,4,10,29,7,3,3,4,7,7,19,3,2,3,3,3,3
2025197,2025-07-26,71,71,16,1,2,3,4,6,61,14,1,2,3,4,6,51,11,1,2,3,4,6,41,7,1,2,3,4,6,31,4,1,2,3,3,4,21,2,1,2,2,2,2
2025198,2025-07-27,71,71,19,4,5,7,8,11,61,17,4,5,7,8,11,51,15,4,5,7,8,11,41,11,4,5,7,8,11,31,9,4,5,7,9,9,21,7,4,6,7,7,7
2025199,2025-07-28,67,67,14,3,3,5,6,9,57,11,3,3,5,6,9,47,10,3,3,5,6,9,37,8,3,3,5,6,8,27,6,3,3,5,6,6,17,5,4,5,5,5,5
2025200,2025-07-29,68,68,20,4,6,7,8,12,58,16,4,6,7,8,12,48,14,4,6,7,8,12,38,11,4,6,7,8,11,28,9,4,6,7,9,9,18,3,3,3,3,3,3
2025201,2025-07-30,67,67,17,6,6,6,7,9,57,15,6,6,6,7,9,47,12,6,6,6,7,9,37,8,6,6,6,7,8,27,6,6,6,6,6,6,17,6,6,6,6,6,6
2025202,2025-07-31,71,71,18,2,3,3,4,7,61,15,2,3,3,4,7,51,10,2,3,3,4,7,41,8,2,3,3,4,8,31,6,2,3,3,6,6,21,2,2,2,2,2,2
2025203,2025-08-01,70,70,18,3,4,5,6,9,60,14,3,4,5,6,9,50,11,3,4,5,6,8,40,9,3,4,5,6,9,30,6,3,4,5,6,6,20,3,3,3,3,3,3
2025204,2025-08-02,72,72,17,3,3,4,5,8,62,14,3,3,4,5,8,52,11,3,3,4,5,8,42,9,3,3,4,5,8,32,6,3,3,4,5,6,22,3,2,3,3,3,3
2025205,2025-08-03,71,71,18,5,5,5,6,8,61,16,5,5,5,6,8,51,12,5,5,5,6,8,41,8,5,5,5,6,8,31,5,5,5,5,5,5,21,4,4,4,4,4,4
2025206,2025-08-04,69,69,20,4,5,6,7,10,59,16,4,5,6,7,10,49,13,4,5,6,7,10,39,11,4,5,6,7,11,29,8,4,5,8,8,8,19,5,4,5,5,5,5
2025207,2025-08-05,68,68,16,6,8,9,10,11,58,15,6,8,9,10,11,48,12,6,8,9,10,11,38,10,6,8,9,10,10,28,8,6,8,8,8,8,18,6,6,6,6,6,6
2025208,2025-08-06,65,65,17,3,5,8,9,14,55,15,3,5,8,9,14,45,14,3,5,8,9,14,35,13,3,5,8,10,13,25,8,3,6,8,8,8,15,4,4,4,4,4,4
2025209,2025-08-07,66,66,17,3,5,8,8,9,56,14,3,5,8,8,9,46,11,3,5,8,8,9,36,8,3,5,8,8,8,26,6,3,5,6,6,6,16,4,4,4,4,4,4
2025210,2025-08-08,67,67,18,3,5,5,7,9,57,14,3,5,5,7,9,47,9,3,5,5,7,9,37,8,3,5,5,7,8,27,6,3,5,6,6,6,17,2,2,2,2,2,2
2025211,2025-08-09,69,69,16,5,5,7,8,9,59,14,5,5,7,8,9,49,12,5,5,7,8,9,39,9,5,5,7,8,9,29,8,5,5,7,8,8,19,6,4,6,6,6,6
2025212,2025-08-10,67,67,18,2,4,7,9,12,57,16,2,4,7,9,12,47,15,2,4,7,9,12,37,11,2,4,7,9,11,27,7,2,4,6,7,7,17,4,3,4,4,4,4
2025213,2025-08-11,68,68,18,3,6,8,9,9,58,17,3,6,8,9,9,48,12,3,6,8,9,9,38,10,3,6,8,9,10,28,8,3,6,8,8,8,18,5,4,5,5,5,5
2025214,2025-08-12,68,68,19,4,6,6,9,12,58,17,4,6,6,9,12,48,14,4,6,6,9,12,38,11,4,6,6,9,11,28,7,4,6,6,7,7,18,3,3,3,3,3,3
2025215,2025-08-13,71,71,17,2,2,3,3,7,61,15,2,2,3,3,7,51,14,2,2,3,3,7,41,7,2,2,3,3,7,31,4,2,2,3,4,4,21,3,2,3,3,3,3
2025216,2025-08-14,72,72,17,6,6,6,7,8,62,14,6,6,6,7,8,52,11,6,6,6,7,8,42,9,6,6,6,6,7,32,8,6,6,6,6,8,22,6,6,6,6,6,6
2025217,2025-08-15,67,67,15,1,2,4,5,8,57,12,1,2,4,5,8,47,9,1,2,4,5,8,37,6,1,2,4,5,6,27,3,1,2,3,3,3,17,2,2,2,2,2,2
2025218,2025-08-16,69,69,20,5,9,9,10,13,59,19,5,9,9,10,13,49,15,5,9,9,10,13,39,13,5,9,9,10,13,29,12,5,9,10,12,12,19,7,6,7,7,7,7
2025219,2025-08-17,65,65,14,1,1,2,2,4,55,9,1,1,2,2,4,45,6,1,1,2,2,4,35,3,1,1,2,2,3,25,1,1,1,1,1,1,15,1,1,1,1,1,1
2025220,2025-08-18,70,70,16,4,7,7,8,10,60,15,4,7,7,8,10,50,11,4,7,7,8,10,40,11,4,7,7,8,11,30,7,4,7,7,7,7,20,3,3,3,3,3,3
2025221,2025-08-19,67,67,16,3,4,6,9,11,57,14,3,4,6,9,11,47,12,3,4,6,9,11,37,10,3,4,6,9,10,27,5,3,4,5,5,5,17,3,3,3,3,3,3
2025222,2025-08-20,69,69,17,4,5,7,8,11,59,15,4,5,7,8,11,49,12,4,5,7,8,11,39,11,4,5,7,8,11,29,9,4,5,7,9,9,19,4,3,4,4,4,4
2025223,2025-08-21,66,66,15,3,5,7,7,10,56,12,3,5,7,7,10,46,11,3,5,7,7,10,36,8,3,5,7,7,8,26,5,3,5,5,5,5,16,4,4,4,4,4,4
2025224,2025-08-22,68,68,19,4,4,6,7,9,58,16,4,4,6,7,9,48,10,4,4,6,7,9,38,9,4,4,6,7,9,28,6,4,4,4,6,6,18,3,3,3,3,3,3
2025225,2025-08-23,70,70,17,1,1,4,6,8,60,15,1,1,4,6,8,50,12,1,1,4,6,8,40,9,1,1,4,6,9,30,6,1,1,4,6,6,20,4,1,4,4,4,4
2025226,2025-08-24,70,70,15,3,4,5,5,8,60,13,3,4,5,5,8,50,10,3,4,5,5,8,40,8,3,4,5,5,8,30,5,3,4,5,5,5,20,4,3,4,4,4,4
2025227,2025-08-25,68,68,17,4,4,6,9,13,58,15,4,4,6,9,13,48,13,4,4,6,9,13,38,13,4,4,6,9,13,28,9,4,4,6,9,9,18,3,3,3,3,3,3
2025228,2025-08-26,67,67,17,3,4,5,7,11,57,16,3,4,5,7,11,47,14,3,4,5,7,11,37,9,3,4,5,7,9,27,7,3,4,6,7,7,17,4,3,4,4,4,4
2025229,2025-08-27,69,69,18,3,4,6,7,11,59,18,3,4,6,7,11,49,16,3,4,6,7,11,39,9,3,4,6,7,9,29,6,3,4,5,6,6,19,3,2,3,3,3,3
2025230,2025-08-28,69,69,20,3,5,6,6,10,59,16,3,5,6,6,10,49,13,3,5,6,6,10,39,10,3,5,6,6,10,29,7,3,5,6,7,7,19,4,4,4,4,4,4
2025231,2025-08-29,70,70,15,6,6,7,7,11,60,13,6,6,7,7,11,50,11,6,6,7,7,11,40,11,6,6,7,7,11,30,7,6,6,7,7,7,20,7,7,7,7,7,7
2025232,2025-08-30,68,68,16,6,9,9,9,10,58,12,6,9,9,9,10,48,10,6,9,9,9,10,38,10,6,9,9,9,10,28,7,6,7,7,7,7,18,7,6,7,7,7,7
2025233,2025-08-31,63,63,18,3,5,6,7,13,53,15,3,5,6,7,13,43,14,3,5,6,7,13,33,10,3,5,6,8,10,23,5,3,5,5,5,5,13,2,2,2,2,2,2
2025234,2025-09-01,67,67,18,9,9,10,10,13,57,16,9,9,10,10,13,47,13,9,9,10,10,13,37,10,9,9,10,10,10,27,10,9,9,10,10,10,17,9,9,9,9,9,9
2025235,2025-09-02,67,67,18,5,7,8,9,11,57,14,5,7,8,9,11,47,13,5,7,8,9,11,37,11,5,7,8,9,11,27,9,5,8,8,9,9,17,6,5,6,6,6,6
2025236,2025-09-03,64,64,15,3,5,6,8,10,54,14,3,5,6,8,10,44,12,3,5,6,8,10,34,8,3,5,6,7,8,24,6,3,5,6,6,6,14,4,4,4,4,4,4
2025237,2025-09-04,66,66,20,3,4,5,7,11,56,17,3,4,5,7,11,46,14,3,4,5,7,11,36,9,3,4,5,7,9,26,6,3,4,5,6,6,16,2,2,2,2,2,2
2025238,2025-09-05,70,70,16,3,3,4,5,9,60,15,3,3,4,5,9,50,13,3,3,4,5,9,40,9,3,3,4,5,9,30,5,3,3,4,5,5,20,4,3,4,4,4,4
2025239,2025-09-06,70,70,17,4,5,5,7,8,60,13,4,5,5,7,8,50,10,4,5,5,7,8,40,8,4,5,5,7,8,30,5,4,5,5,5,5,20,3,3,3,3,3,3
2025240,2025-09-07,69,69,17,4,4,5,5,6,59,15,4,4,5,5,6,49,9,4,4,5,5,6,39,7,4,4,5,5,7,29,6,4,4,6,6,6,19,5,4,5,5,5,5
2025241,2025-09-08,70,70,17,3,4,5,6,8,60,14,3,4,5,6,8,50,12,3,4,5,6,8,40,9,3,4,5,6,9,30,5,3,4,4,5,5,20,3,2,3,3,3,3
2025242,2025-09-09,67,67,17,7,8,12,13,14,57,16,7,8,12,13,14,47,15,7,8,12,13,14,37,14,7,8,12,13,14,27,12,7,8,12,12,12,17,9,7,9,9,9,9
2025243,2025-09-10,62,62,19,4,5,7,10,13,52,15,4,5,7,10,13,42,13,4,5,7,10,13,32,10,4,5,7,10,10,22,7,4,6,7,7,7,12,2,2,2,2,2,2
2025244,2025-09-11,70,70,18,3,4,6,8,11,60,16,3,4,6,8,11,50,14,3,4,6,8,11,40,12,3,4,6,8,12,30,7,3,4,6,7,7,20,4,3,4,4,4,4
2025245,2025-09-12,70,70,17,3,5,5,7,9,60,14,3,5,5,7,9,50,11,3,5,5,7,9,40,9,3,5,5,7,9,30,5,3,5,5,5,5,20,3,3,3,3,3,3
2025246,2025-09-13,69,69,18,3,3,4,8,10,59,17,3,3,4,8,10,49,15,3,3,4,8,10,39,11,3,3,4,8,11,29,5,3,3,4,5,5,19,4,3,4,4,4,4
2025247,2025-09-14,71,71,19,4,4,4,8,12,61,16,4,4,4,8,12,51,14,4,4,4,8,12,41,13,4,4,4,8,12,31,7,4,4,4,6,7,21,5,4,4,5,5,5
2025248,2025-09-15,70,70,18,4,6,6,7,10,60,14,4,6,6,7,10,50,13,4,6,6,7,10,40,10,4,6,6,7,10,30,7,4,6,6,7,7,20,5,5,5,5,5,5
2025249,2025-09-16,68,68,15,2,4,5,7,8,58,13,2,4,5,7,8,48,9,2,4,5,7,8,38,7,2,4,5,7,7,28,5,2,4,5,5,5,18,4,3,4,4,4,4
2025250,2025-09-17,67,67,17,5,6,8,9,11,57,16,5,6,8,9,11,47,14,5,6,8,9,11,37,11,5,6,8,9,11,27,9,5,6,8,9,9,17,6,4,6,6,6,6
2025251,2025-09-18,66,66,16,7,7,7,8,10,56,14,7,7,7,8,10,46,12,7,7,7,8,10,36,9,7,7,7,8,9,26,8,7,7,8,8,8,16,6,6,6,6,6,6
2025252,2025-09-19,66,66,17,1,2,4,5,8,56,14,1,2,4,5,8,46,10,1,2,4,5,8,36,8,1,2,4,5,8,26,4,1,3,4,4,4,16,2,2,2,2,2,2
2025253,2025-09-20,71,71,16,2,2,3,3,5,61,14,2,2,3,3,5,51,10,2,2,3,3,5,41,6,2,2,3,3,6,31,4,2,2,3,4,4,21,3,2,3,3,3,3
2025254,2025-09-21,72,72,18,6,8,8,9,12,62,15,6,8,8,9,12,52,14,6,8,8,9,12,42,12,6,8,8,9,12,32,11,6,8,8,11,11,22,6,5,5,6,6,6
2025255,2025-09-22,66,66,14,1,3,4,4,8,56,11,1,3,4,4,8,46,10,1,3,4,4,8,36,6,1,3,4,4,6,26,2,1,2,2,2,2,16,2,2,2,2,2,2
2025256,2025-09-23,69,69,19,6,7,9,10,13,59,18,6,7,9,10,13,49,16,6,7,9,10,13,39,14,6,7,9,10,14,29,10,6,7,9,10,10,19,7,5,7,7,7,7
2025257,2025-09-24,65,65,17,5,7,8,8,9,55,15,5,7,8,8,9,45,11,5,7,8,8,9,35,9,5,7,8,8,9,25,7,5,7,7,7,7,15,6,6,6,6,6,6
2025258,2025-09-25,66,66,18,6,7,9,9,12,56,16,6,7,9,9,12,46,14,6,7,9,9,13,36,11,6,7,9,9,11,26,7,6,7,7,7,7,16,6,6,6,6,6,6
2025259,2025-09-26,67,67,18,0,3,4,5,7,57,15,0,3,4,5,7,47,10,0,3,4,5,7,37,7,0,3,4,5,7,27,5,0,3,4,5,5,17,3,2,3,3,3,3
2025260,2025-09-27,71,71,18,1,3,3,5,7,61,14,1,3,3,5,7,51,10,1,3,3,5,7,41,7,1,3,3,5,7,31,4,1,3,3,4,4,21,2,1,2,2,2,2
2025261,2025-09-28,73,73,19,3,4,5,6,9,63,16,3,4,5,6,9,53,14,3,4,5,6,9,43,10,3,4,5,6,9,33,7,3,4,5,6,7,23,4,3,4,4,4,4
2025262,2025-09-29,71,71,17,5,6,8,8,11,61,16,5,6,8,8,11,51,13,5,6,8,8,11,41,11,5,6,8,8,11,31,8,5,6,8,8,8,21,7,5,7,7,7,7
2025263,2025-09-30,66,66,15,3,4,6,6,9,56,14,3,4,6,6,9,46,12,3,4,6,6,9,36,6,3,4,6,6,6,26,3,3,3,3,3,3,16,3,3,3,3,3,3
2025264,2025-10-05,67,67,18,5,7,8,10,14,57,16,5,7,8,10,14,47,14,5,7,8,10,14,37,12,5,7,8,10,12,27,8,5,7,8,8,8,17,6,6,6,6,6,6
2025265,2025-10-06,66,66,17,6,8,8,9,11,56,15,6,8,8,9,11,46,12,6,8,8,9,11,36,11,6,8,8,9,11,26,10,6,8,9,10,10,16,7,7,7,7,7,7
2025266,2025-10-07,64,64,15,4,6,8,8,10,54,14,4,6,8,8,10,44,12,4,6,8,8,10,34,9,4,6,8,8,9,24,6,4,5,6,6,6,14,4,4,4,4,4,4
2025267,2025-10-08,67,67,16,3,5,6,7,10,57,14,3,5,6,7,10,47,12,3,5,6,7,10,37,9,3,5,6,7,9,27,6,3,5,6,6,6,17,5,4,5,5,5,5
2025268,2025-10-09,66,66,18,3,5,6,9,11,56,16,3,5,6,9,11,46,12,3,5,6,9,11,36,11,3,5,6,9,11,26,9,3,5,8,9,9,16,4,3,4,4,4,4
2025269,2025-10-10,66,66,17,5,7,9,9,9,56,14,5,7,9,9,9,46,13,5,7,9,9,9,36,9,5,7,9,9,9,26,8,5,7,8,8,8,16,3,3,3,3,3,3
2025270,2025-10-11,67,67,15,3,3,5,5,10,57,14,3,3,5,5,10,47,13,3,3,5,5,10,37,9,3,3,5,5,9,27,7,3,3,5,7,7,17,4,3,4,4,4,4
2025271,2025-10-12,68,68,18,4,5,5,7,11,58,13,4,5,5,7,11,48,13,4,5,5,7,11,38,10,4,5,5,7,10,28,9,4,5,8,9,9,18,3,2,3,3,3,3
2025272,2025-10-13,67,67,16,4,5,6,7,9,57,14,4,5,6,7,9,47,10,4,5,6,7,9,37,8,4,5,6,7,8,27,7,4,5,6,7,7,17,5,4,5,5,5,5
2025273,2025-10-14,68,68,18,4,4,5,7,10,58,14,4,4,5,7,10,48,14,4,4,5,7,10,38,9,4,4,5,7,9,28,5,4,4,4,5,5,18,4,4,4,4,4,4
2025274,2025-10-15,70,70,17,3,4,5,5,7,60,13,3,4,5,5,7,50,11,3,4,5,5,7,40,7,3,4,5,5,7,30,6,3,4,5,6,6,20,4,3,4,4,4,4
2025275,2025-10-16,67,67,16,5,6,7,7,9,57,14,5,6,7,7,9,47,10,5,6,7,7,9,37,7,5,6,7,7,7,27,7,5,6,7,7,7,17,5,4,5,5,5,5
2025276,2025-10-17,65,65,16,3,3,5,5,10,55,14,3,3,5,5,10,45,11,3,3,5,5,10,35,9,3,3,5,5,9,25,3,3,3,3,3,3,15,2,2,2,2,2,2
2025277,2025-10-18,71,71,18,3,5,7,7,11,61,18,3,5,7,7,11,51,17,3,5,7,7,11,41,12,3,5,7,7,12,31,10,3,5,7,9,10,21,4,2,3,4,4,4
2025278,2025-10-19,67,67,15,2,3,4,5,8,57,13,2,3,4,5,8,47,9,2,3,4,5,8,37,5,2,3,4,5,5,27,4,2,3,4,4,4,17,1,1,1,1,1,1
2025279,2025-10-20,71,71,18,2,3,4,4,7,61,15,2,3,4,4,7,51,10,2,3,4,4,7,41,7,2,3,4,4,7,31,5,2,3,4,5,5,21,3,2,3,3,3,3
2025280,2025-10-21,71,71,17,5,7,7,9,11,61,15,5,7,7,9,11,51,13,5,7,7,9,11,41,12,5,7,7,9,11,31,11,5,7,7,11,11,21,7,5,6,7,7,7
2025281,2025-10-22,66,66,19,6,9,10,10,12,56,17,6,9,10,10,12,46,13,6,9,10,10,12,36,11,6,9,10,10,11,26,9,6,9,9,9,9,16,8,7,8,8,8,8
2025282,2025-10-23,62,62,16,4,5,7,9,13,52,14,4,5,7,9,13,42,12,4,5,7,9,12,32,11,4,5,7,11,11,22,6,4,5,6,6,6,12,3,3,3,3,3,3
2025283,2025-10-24,70,70,19,3,4,5,5,7,60,13,3,4,5,5,7,50,9,3,4,5,5,7,40,8,3,4,5,5,8,30,6,3,4,6,6,6,20,4,2,4,4,4,4
2025284,2025-10-25,68,68,18,5,6,7,7,10,58,16,5,6,7,7,10,48,15,5,6,7,7,10,38,9,5,6,7,7,9,28,7,5,6,7,7,7,18,5,5,5,5,5,5
2025285,2025-10-26,70,70,17,5,5,7,8,11,60,15,5,5,7,8,11,50,14,5,5,7,8,11,40,11,5,5,7,8,11,30,6,5,5,6,6,6,20,6,5,6,6,6,6
2025286,2025-10-27,68,68,18,5,5,5,6,10,58,15,5,5,5,6,10,48,12,5,5,5,6,10,38,8,5,5,5,6,8,28,6,5,5,6,6,6,18,4,4,4,4,4,4
2025287,2025-10-28,67,67,17,4,4,4,5,8,57,11,4,4,4,5,8,47,8,4,4,4,5,8,37,5,4,4,4,5,5,27,5,4,4,5,5,5,17,4,4,4,4,4,4
2025288,2025-10-29,70,70,19,3,5,7,8,10,60,18,3,5,7,8,10,50,12,3,5,7,8,10,40,11,3,5,7,8,11,30,9,3,5,7,9,9,20,6,3,6,6,6,6
2025289,2025-10-30,66,66,17,5,7,8,9,11,56,15,5,7,8,9,11,46,12,5,7,8,9,11,36,10,5,7,8,9,10,26,8,5,7,8,8,8,16,6,6,6,6,6,6
2025290,2025-10-31,66,66,17,6,8,8,8,10,56,16,6,8,8,8,10,46,11,6,8,8,8,11,36,9,6,8,8,8,9,26,9,6,8,9,9,9,16,7,7,7,7,7,7
2025291,2025-11-01,64,64,16,3,4,6,8,10,54,13,3,4,6,8,10,44,10,3,4,6,8,10,34,8,3,4,6,7,8,24,4,3,3,4,4,4,14,2,2,2,2,2,2
2025292,2025-11-02,67,67,17,3,5,6,7,11,57,15,3,5,6,7,11,47,12,3,5,6,7,11,37,10,3,5,6,7,10,27,6,3,5,6,6,6,17,3,3,3,3,3,3
2025293,2025-11-03,69,69,19,3,5,6,7,10,59,16,3,5,6,7,10,49,14,3,5,6,7,10,39,10,3,5,6,7,10,29,7,3,5,6,7,7,19,4,3,4,4,4,4
2025294,2025-11-04,70,70,18,4,5,7,8,11,60,18,4,5,7,8,11,50,14,4,5,7,8,11,40,10,4,5,7,8,10,30,8,4,5,7,8,8,20,5,3,5,5,5,5
2025295,2025-11-05,69,69,16,6,8,10,10,12,59,14,6,8,10,10,12,49,12,6,8,10,10,12,39,12,6,8,10,10,12,29,12,6,8,10,12,12,19,7,5,7,7,7,7
2025296,2025-11-06,64,64,15,0,0,1,2,5,54,12,0,0,1,2,5,44,8,0,0,1,2,6,34,4,0,0,1,2,4,24,1,0,1,1,1,1,14,0,0,0,0,0,0
2025297,2025-11-07,70,70,20,8,8,9,10,10,60,17,8,8,9,10,10,50,15,8,8,9,10,10,40,12,8,8,9,10,12,30,9,8,8,9,9,9,20,9,8,9,9,9,9
2025298,2025-11-08,66,66,18,3,3,5,6,11,56,15,3,3,5,6,11,46,11,3,3,5,6,11,36,7,3,3,5,6,7,26,6,3,4,6,6,6,16,3,3,3,3,3,3
2025299,2025-11-09,67,67,15,2,3,3,5,6,57,10,2,3,3,5,6,47,7,2,3,3,5,6,37,6,2,3,3,5,6,27,3,2,3,3,3,3,17,2,2,2,2,2,2
2025300,2025-11-10,71,71,18,5,7,9,11,11,61,15,5,7,9,11,11,51,15,5,7,9,11,11,41,12,5,7,9,11,11,31,10,5,7,9,10,10,21,8,5,8,8,8,8
2025301,2025-11-11,64,64,17,2,3,5,9,10,54,13,2,3,5,9,10,44,11,2,3,5,9,10,34,8,2,3,5,8,8,24,6,2,2,6,6,6,14,1,1,1,1,1,1
2025302,2025-11-12,70,70,18,5,6,6,7,9,60,14,5,6,6,7,9,50,12,5,6,6,7,9,40,10,5,6,6,7,10,30,8,5,6,6,8,8,20,6,5,6,6,6,6
2025303,2025-11-13,69,69,17,4,6,7,7,10,59,15,4,6,7,7,10,49,13,4,6,7,7,10,39,10,4,6,7,7,10,29,8,4,6,8,8,8,19,7,6,7,7,7,7
2025304,2025-11-14,65,65,16,2,5,7,7,8,55,12,2,5,7,7,8,45,9,2,5,7,7,8,35,7,2,5,7,7,7,25,6,2,6,6,6,6,15,5,5,5,5,5,5
2025305,2025-11-15,66,66,15,3,6,7,9,13,56,15,3,6,7,9,13,46,14,3,6,7,9,13,36,11,3,6,7,9,11,26,8,3,6,8,8,8,16,4,4,4,4,4,4
2025306,2025-11-16,66,66,17,4,4,4,6,9,56,12,4,4,4,6,9,46,10,4,4,4,6,9,36,8,4,4,4,6,8,26,5,4,4,5,5,5,16,1,1,1,1,1,1
2025307,2025-11-17,71,71,18,3,4,5,5,9,61,15,3,4,5,5,9,51,12,3,4,5,5,9,41,9,3,4,5,5,9,31,6,3,4,5,6,6,21,4,4,4,4,4,4
2025308,2025-11-18,70,70,18,5,6,7,8,9,60,14,5,6,7,8,9,50,11,5,6,7,8,9,40,9,5,6,7,8,9,30,7,5,6,7,7,7,20,4,3,4,4,4,4
2025309,2025-11-19,66,66,18,2,3,4,7,9,56,15,2,3,4,7,9,46,11,2,3,4,7,9,36,8,2,3,4,7,8,26,4,2,3,4,4,4,16,3,3,3,3,3,3
2025310,2025-11-20,72,72,20,4,6,6,8,10,62,19,4,6,6,8,10,52,14,4,6,6,8,10,42,10,4,6,6,8,10,32,7,4,6,6,7,7,22,5,4,5,5,5,5
2025311,2025-11-21,69,69,20,4,6,7,7,11,59,15,4,6,7,7,11,49,13,4,6,7,7,11,39,11,4,6,7,7,11,29,9,4,6,7,9,9,19,5,4,5,5,5,5
2025312,2025-11-22,69,69,16,6,8,9,9,10,59,15,6,8,9,9,10,49,13,6,8,9,9,10,39,10,6,8,9,9,10,29,10,6,8,9,10,10,19,7,6,7,7,7,7
2025313,2025-11-23,64,64,13,3,4,6,8,9,54,11,3,4,6,8,9,44,9,3,4,6,8,9,34,9,3,4,6,8,9,24,7,3,5,7,7,7,14,3,3,3,3,3,3
2025314,2025-11-24,67,67,15,5,6,8,9,10,57,15,5,6,8,9,10,47,14,5,6,8,9,10,37,10,5,6,8,9,10,27,9,5,7,9,9,9,17,5,5,5,5,5,5
2025315,2025-11-25,65,65,18,4,7,8,8,11,55,15,4,7,8,8,11,45,13,4,7,8,8,11,35,9,4,7,8,8,9,25,7,4,6,7,7,7,15,5,5,5,5,5,5
2025316,2025-11-26,65,65,18,4,5,6,9,13,55,17,4,5,6,9,13,45,14,4,5,6,9,13,35,12,4,5,6,9,12,25,7,4,5,7,7,7,15,4,4,4,4,4,4
2025317,2025-11-27,68,68,17,5,7,9,11,14,58,17,5,7,9,11,14,48,15,5,7,9,11,14,38,12,5,7,9,11,12,28,10,5,7,9,10,10,18,7,5,7,7,7,7
2025318,2025-11-28,66,66,15,4,5,6,9,9,56,13,4,5,6,9,9,46,11,4,5,6,9,9,36,9,4,5,6,9,9,26,8,4,5,8,8,8,16,5,5,5,5,5,5
2025319,2025-11-29,67,67,18,6,7,8,8,11,57,17,6,7,8,8,11,47,12,6,7,8,8,11,37,10,6,7,8,8,10,27,8,6,7,8,8,8,17,5,4,5,5,5,5
2025320,2025-11-30,66,66,15,4,5,5,6,9,56,11,4,5,5,6,9,46,10,4,5,5,6,9,36,7,4,5,5,6,7,26,6,4,5,6,6,6,16,4,4,4,4,4,4
2025321,2025-12-01,68,68,18,3,3,4,5,9,58,15,3,3,4,5,9,48,12,3,3,4,5,9,38,8,3,3,4,5,8,28,7,3,3,4,7,7,18,2,2,2,2,2,2
2025322,2025-12-02,70,70,19,2,4,6,9,11,60,17,2,4,6,9,11,50,14,2,4,6,9,11,40,12,2,4,6,9,12,30,7,2,4,6,7,7,20,3,2,3,3,3,3
2025323,2025-12-03,69,69,17,3,6,9,10,11,59,12,3,6,9,10,11,49,11,3,6,9,10,11,39,11,3,6,9,10,11,29,10,3,6,9,10,10,19,6,4,6,6,6,6
2025324,2025-12-04,66,66,19,3,6,6,7,10,56,13,3,6,6,7,10,46,12,3,6,6,7,10,36,9,3,6,6,7,9,26,7,3,6,7,7,7,16,6,6,6,6,6,6
2025325,2025-12-05,68,68,15,2,2,3,6,11,58,14,2,2,3,6,11,48,12,2,2,3,6,11,38,9,2,2,3,6,9,28,5,2,2,3,5,5,18,2,1,2,2,2,2
2025326,2025-12-06,70,70,18,4,5,6,8,12,60,16,4,5,6,8,12,50,13,4,5,6,8,12,40,13,4,5,6,8,13,30,9,4,5,6,9,9,20,5,4,5,5,5,5
2025327,2025-12-07,67,67,16,4,6,6,6,10,57,14,4,6,6,6,10,47,14,4,6,6,6,10,37,7,4,6,6,6,7,27,6,4,6,6,6,6,17,3,3,3,3,3,3
2025328,2025-12-08,67,67,18,3,6,8,8,9,57,14,3,6,8,8,9,47,12,3,6,8,8,9,37,10,3,6,8,8,10,27,8,3,6,8,8,8,17,6,5,6,6,6,6
2025329,2025-12-09,67,67,17,4,4,4,5,8,57,13,4,4,4,5,8,47,8,4,4,4,5,8,37,6,4,4,4,5,6,27,5,4,4,5,5,5,17,3,3,3,3,3,3
2025330,2025-12-10,71,71,17,4,7,9,10,11,61,16,4,7,9,10,11,51,12,4,7,9,10,11,41,11,4,7,9,10,11,31,10,4,7,9,10,10,21,7,5,7,7,7,7
2025331,2025-12-11,64,64,18,4,6,7,10,13,54,16,4,6,7,10,13,44,14,4,6,7,10,13,34,10,4,6,7,10,10,24,8,4,5,8,8,8,14,3,3,3,3,3,3
2025332,2025-12-12,67,67,19,8,8,11,13,15,57,19,8,8,11,13,15,47,17,8,8,11,13,15,37,15,8,8,11,13,15,27,11,8,8,11,11,11,17,9,9,9,9,9,9
2025333,2025-12-13,66,66,17,2,3,5,6,10,56,13,2,3,5,6,10,46,10,2,3,5,6,10,36,8,2,3,5,6,8,26,4,2,3,3,4,4,16,2,2,2,2,2,2
2025334,2025-12-14,69,69,16,4,6,7,8,11,59,12,4,6,7,8,11,49,11,4,6,7,8,11,39,10,4,6,7,8,10,29,9,4,6,7,9,9,19,4,4,4,4,4,4
2025335,2025-12-15,69,69,17,1,1,2,4,8,59,16,1,1,2,4,8,49,13,1,1,2,4,8,39,8,1,1,2,4,8,29,5,1,1,3,5,5,19,1,1,1,1,1,1
2025336,2025-12-16,71,71,20,4,5,6,7,10,61,17,4,5,6,7,10,51,15,4,5,6,7,10,41,10,4,5,6,7,10,31,8,4,5,6,7,8,21,5,4,5,5,5,5
2025337,2025-12-17,70,70,16,4,4,6,7,11,60,14,4,4,6,7,11,50,13,4,4,6,7,11,40,11,4,4,6,7,11,30,7,4,4,6,7,7,20,6,5,6,6,6,6
2025338,2025-12-18,67,67,19,8,9,11,14,16,57,19,8,9,11,14,16,47,17,8,9,11,14,16,37,15,8,9,11,14,15,27,11,8,9,11,11,11,17,7,6,7,7,7,7
2025339,2025-12-19,64,64,17,6,8,8,9,10,54,15,6,8,8,9,10,44,12,6,8,8,9,10,34,9,6,8,8,9,9,24,8,6,7,8,8,8,14,6,6,6,6,6,6
2025340,2025-12-20,65,65,16,2,3,6,7,8,55,12,2,3,6,7,8,45,9,2,3,6,7,8,35,6,2,3,6,6,6,25,5,2,4,5,5,5,15,2,2,2,2,2,2
2025341,2025-12-21,69,69,17,7,10,10,11,13,59,14,7,10,10,11,13,49,13,7,10,10,11,13,39,12,7,10,10,11,12,29,10,7,10,10,10,10,19,8,8,8,8,8,8
2025342,2025-12-22,64,64,18,0,2,4,4,9,54,14,0,2,4,4,9,44,11,0,2,4,4,9,34,6,0,2,4,4,6,24,3,0,2,3,3,3,14,1,1,1,1,1,1
2025343,2025-12-23,70,70,19,4,7,9,9,12,60,16,4,7,9,9,12,50,16,4,7,9,9,12,40,12,4,7,9,9,12,30,10,4,7,9,10,10,20,5,4,5,5,5,5
2025344,2025-12-24,68,68,15,4,5,6,7,10,58,13,4,5,6,7,10,48,13,4,5,6,7,10,38,9,4,5,6,7,9,28,7,4,5,6,7,7,18,5,4,5,5,5,5
2025345,2025-12-25,65,65,17,4,5,6,6,10,55,14,4,5,6,6,10,45,11,4,5,6,6,10,35,9,4,5,6,6,9,25,5,4,5,5,5,5,15,3,3,3,3,3,3
2025346,2025-12-26,67,67,15,4,6,6,7,10,57,12,4,6,6,7,10,47,10,4,6,6,7,10,37,8,4,6,6,7,8,27,7,4,6,6,7,7,17,5,5,5,5,5,5
2025347,2025-12-27,66,66,15,5,7,8,10,12,56,13,5,7,8,10,12,46,13,5,7,8,10,12,36,11,5,7,8,10,11,26,9,5,7,8,9,9,16,6,6,6,6,6,6
2025348,2025-12-28,64,64,18,5,6,8,8,12,54,15,5,6,8,8,12,44,14,5,6,8,8,12,34,10,5,6,8,8,10,24,7,5,7,7,7,7,14,5,5,5,5,5,5
2025349,2025-12-29,66,66,13,2,4,5,6,7,56,9,2,4,5,6,7,46,7,2,4,5,6,7,36,7,2,4,5,6,7,26,4,2,4,4,4,4,16,2,2,2,2,2,2
2025350,2025-12-30,68,68,17,4,5,5,5,8,58,15,4,5,5,5,8,48,11,4,5,5,5,8,38,7,4,5,5,5,7,28,6,4,5,5,6,6,18,3,3,3,3,3,3
2025351,2025-12-31,68,68,19,4,4,4,8,11,58,16,4,4,4,8,11,48,14,4,4,4,8,11,38,9,4,4,4,8,9,28,5,4,4,4,5,5,18,4,4,4,4,4,4
2026001,2026-01-01,72,72,16,2,4,5,6,8,62,15,2,4,5,6,8,52,12,2,4,5,6,8,42,8,2,4,5,6,8,32,6,2,4,5,6,6,22,4,2,3,4,4,4
2026002,2026-01-02,69,69,14,3,3,3,3,6,59,12,3,3,3,3,6,49,8,3,3,3,3,6,39,5,3,3,3,3,5,29,3,3,3,3,3,3,19,2,2,2,2,2,2
2026003,2026-01-03,69,69,17,6,7,8,10,11,59,16,6,7,8,10,11,49,14,6,7,8,10,11,39,12,6,7,8,10,12,29,9,6,7,8,9,9,19,6,5,6,6,6,6
2026004,2026-01-04,65,65,17,2,3,5,6,9,55,14,2,3,5,6,9,45,12,2,3,5,6,9,35,9,2,3,5,6,9,25,4,2,3,4,4,4,15,2,2,2,2,2,2
2026005,2026-01-05,67,67,18,4,6,7,8,9,57,14,4,6,7,8,9,47,11,4,6,7,8,9,37,9,4,6,7,8,9,27,7,4,6,7,7,7,17,5,4,5,5,5,5
2026006,2026-01-06,69,69,18,4,6,8,9,13,59,16,4,6,8,9,13,49,14,4,6,8,9,13,39,12,4,6,8,9,12,29,11,4,6,9,11,11,19,7,5,7,7,7,7
2026007,2026-01-07,65,65,14,2,4,5,6,9,55,12,2,4,5,6,9,45,11,2,4,5,6,9,35,8,2,4,5,6,8,25,5,2,4,5,5,5,15,3,3,3,3,3,3
2026008,2026-01-08,66,66,19,4,7,9,9,14,56,17,4,7,9,9,14,46,16,4,7,9,9,14,36,12,4,7,9,9,12,26,9,4,7,8,9,9,16,7,6,7,7,7,7
2026009,2026-01-09,67,67,16,4,4,6,6,8,57,14,4,4,6,6,8,47,10,4,4,6,6,8,37,7,4,4,6,6,7,27,7,4,4,7,7,7,17,4,2,4,4,4,4
2026010,2026-01-10,66,66,17,3,3,4,6,8,56,14,3,3,4,6,8,46,10,3,3,4,6,8,36,6,3,3,4,6,6,26,4,3,3,4,4,4,16,3,3,3,3,3,3
2026011,2026-01-11,70,70,19,5,5,6,6,9,60,16,5,5,6,6,9,50,14,5,5,6,6,9,40,9,5,5,6,6,9,30,8,5,5,6,8,8,20,5,4,5,5,5,5
2026012,2026-01-12,67,67,15,3,4,6,6,9,57,12,3,4,6,6,9,47,10,3,4,6,6,9,37,7,3,4,6,6,7,27,5,3,4,5,5,5,17,4,3,4,4,4,4
2026013,2026-01-13,69,69,16,6,6,6,7,9,59,12,6,6,6,7,9,49,10,6,6,6,7,9,39,9,6,6,6,7,9,29,8,6,6,6,8,8,19,4,4,4,4,4,4
2026014,2026-01-14,67,67,16,3,4,7,7,10,57,14,3,4,7,7,10,47,12,3,4,7,7,10,37,8,3,4,7,7,8,27,5,3,4,5,5,5,17,4,4,4,4,4,4
2026015,2026-01-15,67,67,15,4,5,5,6,7,57,13,4,5,5,6,7,47,9,4,5,5,6,7,37,7,4,5,5,6,7,27,6,4,5,6,6,6,17,4,3,4,4,4,4
2026016,2026-01-16,66,66,16,5,6,6,6,7,56,12,5,6,6,6,7,46,10,5,6,6,6,7,36,6,5,6,6,6,6,26,6,5,6,6,6,6,16,5,5,5,5,5,5
2026017,2026-01-17,66,66,17,4,4,4,6,8,56,13,4,4,4,6,8,46,10,4,4,4,6,8,36,7,4,4,4,6,7,26,6,4,4,5,6,6,16,3,3,3,3,3,3
2026018,2026-01-18,69,69,19,2,3,4,7,10,59,16,2,3,4,7,10,49,13,2,3,4,7,10,39,10,2,3,4,7,10,29,6,2,3,5,6,6,19,3,2,3,3,3,3
2026019,2026-01-19,69,69,19,3,6,8,9,12,59,15,3,6,8,9,12,49,12,3,6,8,9,12,39,12,3,6,8,9,12,29,10,3,6,8,10,10,19,4,3,4,4,4,4
2026020,2026-01-20,68,68,15,4,5,6,7,10,58,14,4,5,6,7,10,48,11,4,5,6,7,10,38,10,4,5,6,7,10,28,8,4,5,7,8,8,18,3,2,3,3,3,3
2026021,2026-01-21,66,66,18,3,4,6,7,8,56,15,3,4,6,7,8,46,10,3,4,6,7,8,36,7,3,4,6,7,7,26,5,3,4,5,5,5,16,2,2,2,2,2,2
2026022,2026-01-22,69,69,18,4,5,7,9,12,59,17,4,5,7,9,12,49,15,4,5,7,9,12,39,12,4,5,7,9,12,29,8,4,5,7,8,8,19,6,5,6,6,6,6
2026023,2026-01-23,69,69,18,5,7,8,8,10,59,16,5,7,8,8,10,49,12,5,7,8,8,10,39,10,5,7,8,8,10,29,9,5,7,7,9,9,19,7,7,7,7,7,7
2026024,2026-01-24,66,66,18,5,7,8,8,11,56,12,5,7,8,8,11,46,11,5,7,8,8,11,36,9,5,7,8,8,9,26,7,5,7,7,7,7,16,6,6,6,6,6,6
2026025,2026-01-25,66,66,19,6,6,7,7,12,56,16,6,6,7,7,12,46,14,6,6,7,7,12,36,9,6,6,7,7,9,26,6,6,6,6,6,6,16,5,5,5,5,5,5
2026026,2026-01-26,67,67,16,6,9,10,10,11,57,16,6,9,10,10,11,47,13,6,9,10,10,11,37,12,6,9,10,10,12,27,11,6,9,10,11,11,17,8,7,8,8,8,8
2026027,2026-01-27,62,62,15,5,7,9,9,12,52,13,5,7,9,9,12,42,12,5,7,9,9,12,32,11,5,7,9,10,11,22,9,5,7,9,9,9,12,4,4,4,4,4,4
2026028,2026-01-28,65,65,14,1,1,2,3,7,55,12,1,1,2,3,7,45,9,1,1,2,3,7,35,7,1,1,2,3,7,25,2,1,2,2,2,2,15,1,1,1,1,1,1
2026029,2026-01-29,70,70,18,4,4,5,5,8,60,17,4,4,5,5,8,50,12,4,4,5,5,8,40,9,4,4,5,5,9,30,7,4,4,5,7,7,20,3,2,3,3,3,3
2026030,2026-01-30,68,68,19,5,6,7,8,10,58,16,5,6,7,8,10,48,11,5,6,7,8,10,38,9,5,6,7,8,9,28,7,5,6,7,7,7,18,5,5,5,5,5,5
2026031,2026-01-31,69,69,20,2,4,5,5,7,59,14,2,4,5,5,7,49,9,2,4,5,5,7,39,7,2,4,5,5,7,29,5,2,4,5,5,5,19,4,4,4,4,4,4
2026032,2026-02-01,71,71,17,3,4,5,8,11,61,13,3,4,5,8,11,51,12,3,4,5,8,11,41,11,3,4,5,8,11,31,8,3,4,5,8,8,21,6,3,5,6,6,6
2026033,2026-02-02,68,68,16,4,4,5,6,9,58,13,4,4,5,6,9,48,11,4,4,5,6,9,38,7,4,4,5,6,7,28,6,4,4,6,6,6,18,4,3,4,4,4,4
2026034,2026-02-03,67,67,17,5,8,9,9,11,57,16,5,8,9,9,11,47,12,5,8,9,9,11,37,11,5,8,9,9,11,27,10,5,8,9,10,10,17,7,6,7,7,7,7
2026035,2026-02-04,63,63,13,3,3,4,5,8,53,9,3,3,4,5,8,43,8,3,3,4,5,8,33,7,3,3,4,6,7,23,4,3,3,4,4,4,13,3,3,3,3,3,3
2026036,2026-02-05,69,69,18,2,5,6,7,9,59,15,2,5,6,7,9,49,11,2,5,6,7,9,39,9,2,5,6,7,9,29,7,2,5,6,7,7,19,5,3,5,5,5,5
2026037,2026-02-06,67,67,18,4,6,9,10,11,57,14,4,6,9,10,11,47,13,4,6,9,10,11,37,11,4,6,9,10,11,27,8,4,6,8,8,8,17,5,4,5,5,5,5
2026038,2026-02-07,66,66,19,3,4,7,8,13,56,18,3,4,7,8,13,46,17,3,4,7,8,13,36,11,3,4,7,8,11,26,7,3,4,6,7,7,16,3,3,3,3,3,3
2026039,2026-02-08,70,70,17,6,6,7,7,11,60,14,6,6,7,7,11,50,12,6,6,7,7,11,40,11,6,6,7,7,11,30,7,6,6,7,7,7,20,5,5,5,5,5,5
2026040,2026-02-09,68,68,18,5,5,6,7,9,58,15,5,5,6,7,9,48,12,5,5,6,7,9,38,8,5,5,6,7,8,28,5,5,5,5,5,5,18,5,5,5,5,5,5
2026041,2026-02-10,69,69,19,7,9,9,10,14,59,18,7,9,9,10,14,49,15,7,9,9,10,14,39,12,7,9,9,10,12,29,11,7,9,11,11,11,19,7,7,7,7,7,7
2026042,2026-02-11,64,64,17,5,5,6,6,8,54,13,5,5,6,6,8,44,10,5,5,6,6,8,34,8,5,5,6,6,8,24,6,5,5,6,6,6,14,4,4,4,4,4,4
2026043,2026-02-12,67,67,15,4,5,7,9,11,57,12,4,5,7,9,11,47,11,4,5,7,9,11,37,9,4,5,7,9,9,27,6,4,5,6,6,6,17,4,4,4,4,4,4
2026044,2026-02-13,67,67,16,4,6,6,7,12,57,14,4,6,6,7,12,47,13,4,6,6,7,12,37,10,4,6,6,7,10,27,7,4,6,6,7,7,17,6,5,6,6,6,6
2026045,2026-02-24,64,64,18,6,8,9,11,12,54,15,6,8,9,11,12,44,13,6,8,9,11,12,34,11,6,8,9,10,11,24,9,6,8,9,9,9,14,6,6,6,6,6,6
2026046,2026-02-25,67,67,16,3,4,7,8,11,57,14,3,4,7,8,11,47,12,3,4,7,8,11,37,9,3,4,7,8,9,27,7,3,4,6,7,7,17,5,4,5,5,5,5
2026047,2026-02-26,66,66,20,5,5,6,7,11,56,19,5,5,6,7,11,46,15,5,5,6,7,11,36,10,5,5,6,7,10,26,7,5,5,6,7,7,16,4,4,4,4,4,4
2026048,2026-02-27,71,71,18,4,5,6,8,11,61,17,4,5,6,8,11,51,16,4,5,6,8,11,41,12,4,5,6,8,11,31,9,4,5,6,8,9,21,6,4,6,6,6,6
2026049,2026-02-28,68,68,17,4,4,5,6,8,58,13,4,4,5,6,8,48,11,4,4,5,6,8,38,8,4,4,5,6,8,28,5,4,4,4,5,5,18,4,4,4,4,4,4
2026050,2026-03-01,69,69,18,2,5,8,9,13,59,17,2,5,8,9,13,49,15,2,5,8,9,13,39,13,2,5,8,9,13,29,10,2,5,8,10,10,19,6,3,6,6,6,6
2026051,2026-03-02,67,67,18,4,6,6,8,10,57,14,4,6,6,8,10,47,11,4,6,6,8,10,37,9,4,6,6,8,9,27,7,4,6,7,7,7,17,3,3,3,3,3,3
2026052,2026-03-03,70,70,18,2,5,6,8,9,60,14,2,5,6,8,9,50,11,2,5,6,8,9,40,10,2,5,6,8,10,30,8,2,5,6,8,8,20,6,4,6,6,6,6
2026053,2026-03-04,68,68,19,5,7,8,10,11,58,15,5,7,8,10,11,48,12,5,7,8,10,11,38,10,5,7,8,10,10,28,8,5,7,8,8,8,18,5,5,5,5,5,5
2026054,2026-03-05,67,67,18,3,5,6,8,11,57,15,3,5,6,8,11,47,12,3,5,6,8,11,37,10,3,5,6,8,10,27,7,3,5,6,7,7,17,4,3,4,4,4,4
2026055,2026-03-06,71,71,20,4,6,7,9,10,61,15,4,6,7,9,10,51,13,4,6,7,9,10,41,10,4,6,7,9,10,31,8,4,6,7,8,8,21,5,3,5,5,5,5
2026056,2026-03-07,68,68,16,3,5,8,9,9,58,12,3,5,8,9,9,48,12,3,5,8,9,9,38,11,3,5,8,9,11,28,8,3,5,8,8,8,18,6,4,6,6,6,6
2026057,2026-03-08,67,67,18,3,5,5,7,13,57,15,3,5,5,7,13,47,13,3,5,5,7,13,37,11,3,5,5,7,11,27,8,3,5,6,8,8,17,3,3,3,3,3,3
2026058,2026-03-09,69,69,19,4,5,7,10,11,59,16,4,5,7,10,11,49,13,4,5,7,10,11,39,12,4,5,7,10,12,29,8,4,5,7,8,8,19,7,4,7,7,7,7
2026059,2026-03-10,69,69,18,3,4,5,5,10,59,14,3,4,5,5,10,49,12,3,4,5,5,10,39,8,3,4,5,5,8,29,6,3,4,5,6,6,19,3,2,3,3,3,3
2026060,2026-03-11,68,68,19,4,5,6,7,10,58,16,4,5,6,7,10,48,14,4,5,6,7,10,38,9,4,5,6,7,9,28,6,4,5,5,6,6,18,3,3,3,3,3,3
2026061,2026-03-12,71,71,17,4,5,5,8,10,61,14,4,5,5,8,10,51,12,4,5,5,8,10,41,10,4,5,5,8,10,31,7,4,5,5,7,7,21,6,4,5,6,6,6
2026062,2026-03-13,67,67,17,4,5,6,7,8,57,15,4,5,6,7,8,47,11,4,5,6,7,8,37,9,4,5,6,7,9,27,6,4,5,6,6,6,17,4,4,4,4,4,4
2026063,2026-03-14,67,67,16,2,3,6,6,9,57,13,2,3,6,6,9,47,10,2,3,6,6,9,37,7,2,3,6,6,7,27,6,2,3,5,6,6,17,5,3,5,5,5,5
2026064,2026-03-15,68,68,18,2,3,5,7,9,58,16,2,3,5,7,9,48,14,2,3,5,7,9,38,10,2,3,5,7,10,28,4,2,3,4,4,4,18,3,2,3,3,3,3
2026065,2026-03-16,70,70,16,4,5,7,8,9,60,14,4,5,7,8,9,50,11,4,5,7,8,9,40,10,4,5,7,8,10,30,7,4,5,7,7,7,20,4,3,4,4,4,4
2026066,2026-03-17,67,67,16,1,3,5,6,10,57,14,1,3,5,6,10,47,10,1,3,5,6,10,37,7,1,3,5,6,7,27,4,1,3,4,4,4,17,3,3,3,3,3,3
2026067,2026-03-18,69,69,19,1,4,6,7,9,59,14,1,4,6,7,9,49,11,1,4,6,7,9,39,9,1,4,6,7,9,29,7,1,4,6,7,7,19,3,1,3,3,3,3
2026068,2026-03-19,69,69,18,4,5,5,6,8,59,14,4,5,5,6,8,49,11,4,5,5,6,8,39,9,4,5,5,6,9,29,5,4,5,5,5,5,19,4,4,4,4,4,4
2026069,2026-03-20,72,72,18,3,3,4,6,8,62,16,3,3,4,6,8,52,11,3,3,4,6,8,42,9,3,3,4,6,8,32,6,3,3,4,5,6,22,5,3,4,5,5,5
2026070,2026-03-21,70,70,18,5,5,5,6,8,60,16,5,5,5,6,8,50,11,5,5,5,6,8,40,8,5,5,5,6,8,30,6,5,5,5,6,6,20,4,4,4,4,4,4
2026071,2026-03-22,70,70,19,5,8,8,8,12,60,18,5,8,8,8,12,50,15,5,8,8,8,12,40,11,5,8,8,8,11,30,9,5,8,9,9,9,20,7,6,7,7,7,7
2026072,2026-03-23,66,66,16,1,3,5,7,9,56,13,1,3,5,7,9,46,11,1,3,5,7,9,36,10,1,3,5,7,10,26,6,1,3,5,6,6,16,3,3,3,3,3,3
2026073,2026-03-24,68,68,19,5,5,7,8,11,58,15,5,5,7,8,11,48,14,5,5,7,8,11,38,10,5,5,7,8,10,28,8,5,5,7,8,8,18,4,4,4,4,4,4
2026074,2026-03-25,70,70,17,3,3,4,5,6,60,12,3,3,4,5,6,50,11,3,3,4,5,6,40,6,3,3,4,5,6,30,4,3,3,4,4,4,20,3,2,3,3,3,3
2026075,2026-03-26,70,70,19,1,1,2,5,8,60,14,1,1,2,5,8,50,11,1,1,2,5,8,40,8,1,1,2,5,8,30,5,1,1,2,5,5,20,2,1,2,2,2,2
2026076,2026-03-27,72,72,19,3,3,4,5,7,62,15,3,3,4,5,7,52,10,3,3,4,5,7,42,7,3,3,4,5,7,32,5,3,3,4,5,5,22,4,3,3,4,4,4
2026077,2026-03-28,72,72,16,5,5,5,6,7,62,13,5,5,5,6,7,52,8,5,5,5,6,7,42,8,5,5,5,6,7,32,7,5,5,5,6,7,22,6,5,6,6,6,6
2026078,2026-03-29,69,69,15,3,5,6,6,7,59,12,3,5,6,6,7,49,10,3,5,6,6,7,39,6,3,5,6,6,6,29,5,3,5,5,5,5,19,5,3,5,5,5,5
2026079,2026-03-30,67,67,17,2,6,9,10,13,57,16,2,6,9,10,13,47,14,2,6,9,10,13,37,12,2,6,9,9,12,27,7,2,6,7,7,7,17,6,5,6,6,6,6
2026080,2026-03-31,65,65,16,2,6,7,9,11,55,15,2,6,7,9,11,45,14,2,6,7,9,11,35,10,2,6,7,9,10,25,8,2,6,8,8,8,15,3,3,3,3,3,3
2026081,2026-04-01,67,67,16,4,5,5,6,7,57,12,4,5,5,6,7,47,8,4,5,5,6,7,37,7,4,5,5,6,7,27,5,4,5,5,5,5,17,3,3,3,3,3,3
2026082,2026-04-02,70,70,18,3,4,5,6,10,60,13,3,4,5,6,10,50,12,3,4,5,6,10,40,11,3,4,5,6,11,30,9,3,4,6,9,9,20,4,3,4,4,4,4
2026083,2026-04-03,68,68,18,3,3,5,7,9,58,14,3,3,5,7,9,48,12,3,3,5,7,9,38,9,3,3,5,7,9,28,4,3,3,4,4,4,18,3,2,3,3,3,3
2026084,2026-04-04,71,71,20,3,4,6,8,12,61,18,3,4,6,8,12,51,18,3,4,6,8,12,41,13,3,4,6,8,12,31,9,3,4,6,8,9,21,4,2,3,4,4,4
2026085,2026-04-05,70,70,18,3,5,6,8,11,60,16,3,5,6,8,11,50,14,3,5,6,8,11,40,11,3,5,6,8,11,30,8,3,5,6,8,8,20,4,2,4,4,4,4
2026086,2026-04-06,70,70,17,6,6,8,9,10,60,15,6,6,8,9,10,50,13,6,6,8,9,10,40,10,6,6,8,9,10,30,8,6,6,8,8,8,20,5,4,5,5,5,5
2026087,2026-04-07,66,66,18,4,4,6,7,11,56,16,4,4,6,7,11,46,13,4,4,6,7,11,36,7,4,4,6,7,7,26,5,4,4,5,5,5,16,3,3,3,3,3,3
2026088,2026-04-08,69,69,18,4,5,5,7,9,59,16,4,5,5,7,9,49,12,4,5,5,7,9,39,9,4,5,5,7,9,29,5,4,5,5,5,5,19,5,5,5,5,5,5
2026089,2026-04-09,68,68,16,4,5,6,7,9,58,14,4,5,6,7,9,48,12,4,5,6,7,9,38,8,4,5,6,7,8,28,6,4,5,5,6,6,18,5,5,5,5,5,5
2026090,2026-04-10,67,67,16,2,4,5,5,6,57,14,2,4,5,5,6,47,9,2,4,5,5,6,37,6,2,4,5,5,6,27,4,2,4,4,4,4,17,3,2,3,3,3,3
2026091,2026-04-11,69,69,19,6,6,8,10,13,59,17,6,6,8,10,13,49,13,6,6,8,10,13,39,11,6,6,8,10,11,29,8,6,6,8,8,8,19,7,6,7,7,7,7
2026092,2026-04-12,67,67,15,4,6,8,10,11,57,14,4,6,8,10,11,47,12,4,6,8,10,11,37,10,4,6,8,10,10,27,7,4,6,7,7,7,17,5,5,5,5,5,5
2026093,2026-04-13,65,65,16,5,6,7,9,12,55,14,5,6,7,9,12,45,13,5,6,7,9,12,35,11,5,6,7,10,11,25,9,5,6,9,9,9,15,5,5,5,5,5,5
2026094,2026-04-14,66,66,13,2,3,3,4,6,56,10,2,3,3,4,6,46,7,2,3,3,4,6,36,5,2,3,3,4,5,26,4,2,3,4,4,4,16,3,3,3,3,3,3
2026095,2026-04-15,67,67,16,2,3,5,8,11,57,14,2,3,5,8,11,47,12,2,3,5,8,11,37,9,2,3,5,8,9,27,7,2,4,7,7,7,17,3,3,3,3,3,3
2026096,2026-04-16,67,67,16,2,4,4,6,9,57,14,2,4,4,6,9,47,12,2,4,4,6,9,37,8,2,4,4,6,8,27,4,2,4,4,4,4,17,2,2,2,2,2,2
2026097,2026-04-17,70,70,17,4,4,6,6,10,60,16,4,4,6,6,10,50,14,4,4,6,6,10,40,10,4,4,6,6,10,30,7,4,4,6,7,7,20,4,2,4,4,4,4
2026098,2026-04-18,68,68,17,0,3,3,4,8,58,14,0,3,3,4,8,48,12,0,3,3,4,8,38,6,0,3,3,4,6,28,4,0,3,3,4,4,18,2,2,2,2,2,2
2026099,2026-04-19,71,71,17,4,6,8,9,11,61,15,4,6,8,9,11,51,13,4,6,8,9,11,41,11,4,6,8,9,11,31,10,4,6,8,10,10,21,7,5,7,7,7,7
2026100,2026-04-20,66,66,15,4,6,8,8,10,56,13,4,6,8,8,10,46,11,4,6,8,8,10,36,9,4,6,8,8,9,26,7,4,6,7,7,7,16,5,4,5,5,5,5
2026101,2026-04-21,64,64,15,3,5,7,8,9,54,12,3,5,7,8,9,44,9,3,5,7,8,9,34,8,3,5,7,8,8,24,6,3,5,6,6,6,14,3,3,3,3,3,3
2026102,2026-04-22,67,67,16,4,6,7,8,8,57,11,4,6,7,8,8,47,8,4,6,7,8,8,37,8,4,6,7,8,8,27,8,4,6,8,8,8,17,6,5,6,6,6,6
2026103,2026-04-23,66,66,16,4,5,6,7,11,56,14,4,5,6,7,11,46,11,4,5,6,7,11,36,9,4,5,6,7,9,26,7,4,5,7,7,7,16,3,3,3,3,3,3
2026104,2026-04-24,67,67,17,4,7,9,10,12,57,14,4,7,9,10,12,47,13,4,7,9,10,12,37,11,4,7,9,10,11,27,10,4,7,9,10,10,17,7,6,7,7,7,7
2026105,2026-04-25,66,66,17,5,6,7,8,10,56,14,5,6,7,8,10,46,13,5,6,7,8,10,36,9,5,6,7,8,9,26,7,5,6,7,7,7,16,5,5,5,5,5,5
2026106,2026-04-26,66,66,18,4,6,7,9,10,56,16,4,6,7,9,10,46,12,4,6,7,9,10,36,9,4,6,7,9,9,26,7,4,6,7,7,7,16,4,4,4,4,4,4
2026107,2026-04-27,68,68,19,4,6,6,7,11,58,14,4,6,6,7,11,48,14,4,6,6,7,11,38,11,4,6,6,7,11,28,9,4,6,8,9,9,18,4,4,4,4,4,4
2026108,2026-04-28,68,68,17,2,4,5,6,9,58,15,2,4,5,6,9,48,12,2,4,5,6,9,38,8,2,4,5,6,8,28,6,2,4,5,6,6,18,3,3,3,3,3,3
2026109,2026-04-29,69,69,18,2,5,6,9,11,59,17,2,5,6,9,11,49,14,2,5,6,9,11,39,12,2,5,6,9,12,29,8,2,5,6,8,8,19,4,3,4,4,4,4
2026110,2026-04-30,69,69,16,4,6,6,6,10,59,13,4,6,6,6,10,49,12,4,6,6,6,10,39,9,4,6,6,6,9,29,8,4,6,6,8,8,19,5,5,5,5,5,5
2026111,2026-05-01,66,66,17,5,7,8,10,12,56,13,5,7,8,10,12,46,13,5,7,8,10,12,36,12,5,7,8,10,12,26,7,5,7,7,7,7,16,5,5,5,5,5,5
2026112,2026-05-02,65,65,15,3,6,7,8,9,55,15,3,6,7,8,9,45,10,3,6,7,8,9,35,9,3,6,7,8,9,25,7,3,6,7,7,7,15,5,5,5,5,5,5
2026113,2026-05-03,65,65,18,4,4,6,8,11,55,15,4,4,6,8,11,45,12,4,4,6,8,11,35,10,4,4,6,7,10,25,5,4,4,5,5,5,15,2,2,2,2,2,2
2026114,2026-05-04,68,68,17,5,5,6,8,11,58,15,5,5,6,8,11,48,14,5,5,6,8,11,38,11,5,5,6,8,11,28,6,5,5,6,6,6,18,5,5,5,5,5,5
2026115,2026-05-05,69,69,17,4,6,7,8,9,59,15,4,6,7,8,9,49,13,4,6,7,8,9,39,9,4,6,7,8,9,29,8,4,6,7,8,8,19,6,5,6,6,6,6
2026116,2026-05-06,66,66,18,6,7,7,10,14,56,17,6,7,7,10,14,46,14,6,7,7,10,14,36,12,6,7,7,10,12,26,10,6,7,10,10,10,16,6,5,6,6,6,6
2026117,2026-05-07,65,65,17,1,2,6,7,9,55,13,1,2,6,7,9,45,10,1,2,6,7,9,35,9,1,2,6,7,9,25,4,1,3,4,4,4,15,1,1,1,1,1,1
2026118,2026-05-08,71,71,16,3,3,3,4,7,61,14,3,3,3,4,7,51,12,3,3,3,4,7,41,7,3,3,3,4,7,31,4,3,3,3,4,4,21,4,3,4,4,4,4
2026119,2026-05-09,71,71,16,4,4,4,7,9,61,15,4,4,4,7,9,51,13,4,4,4,7,9,41,9,4,4,4,7,9,31,5,4,4,4,5,5,21,4,3,3,4,4,4
2026120,2026-05-10,68,68,20,5,6,7,8,9,58,16,5,6,7,8,9,48,12,5,6,7,8,9,38,10,5,6,7,8,10,28,8,5,6,8,8,8,18,6,5,6,6,6,6
2026121,2026-05-11,67,67,16,3,3,3,5,9,57,14,3,3,3,5,9,47,13,3,3,3,5,9,37,8,3,3,3,5,8,27,5,3,3,4,5,5,17,3,3,3,3,3,3
2026122,2026-05-12,71,71,18,4,6,7,8,10,61,16,4,6,7,8,10,51,14,4,6,7,8,10,41,10,4,6,7,8,10,31,8,4,6,7,8,8,21,7,5,7,7,7,7
2026123,2026-05-13,67,67,17,2,2,3,4,8,57,13,2,2,3,4,8,47,10,2,2,3,4,8,37,5,2,2,3,4,5,27,4,2,2,3,4,4,17,2,2,2,2,2,2
2026124,2026-05-14,71,71,17,5,7,7,9,10,61,15,5,7,7,9,10,51,13,5,7,7,9,10,41,10,5,7,7,9,10,31,9,5,7,7,9,9,21,7,5,6,7,7,7
2026125,2026-05-15,65,65,15,5,5,5,7,10,55,15,5,5,5,7,10,45,11,5,5,5,7,10,35,9,5,5,5,7,9,25,7,5,5,7,7,7,15,5,5,5,5,5,5
2026126,2026-05-16,65,65,18,2,4,5,8,11,55,15,2,4,5,8,11,45,11,2,4,5,8,11,35,9,2,4,5,7,9,25,6,2,3,6,6,6,15,3,3,3,3,3,3
2026127,2026-05-17,70,70,19,3,3,5,6,12,60,16,3,3,5,6,12,50,14,3,3,5,6,12,40,12,3,3,5,6,12,30,8,3,3,5,8,8,20,5,3,5,5,5,5
2026128,2026-05-18,70,70,15,3,3,3,4,9,60,14,3,3,3,4,9,50,10,3,3,3,4,9,40,9,3,3,3,4,9,30,4,3,3,3,4,4,20,1,1,1,1,1,1
2026129,2026-05-19,69,69,18,4,6,7,9,14,59,17,4,6,7,9,14,49,15,4,6,7,9,14,39,13,4,6,7,9,13,29,9,4,6,7,9,9,19,7,6,7,7,7,7
2026130,2026-05-20,67,67,18,4,6,7,8,11,57,15,4,6,7,8,11,47,13,4,6,7,8,11,37,9,4,6,7,8,9,27,6,4,6,6,6,6,17,6,6,6,6,6,6
2026131,2026-05-21,67,67,16,2,4,4,6,6,57,12,2,4,4,6,6,47,9,2,4,4,6,6,37,8,2,4,4,6,8,27,5,2,4,5,5,5,17,3,3,3,3,3,3
2026132,2026-05-22,69,69,17,2,2,2,4,8,59,13,2,2,2,4,8,49,11,2,2,2,4,8,39,7,2,2,2,4,7,29,4,2,2,2,4,4,19,1,1,1,1,1,1
2026133,2026-05-23,72,72,18,2,2,3,4,6,62,13,2,2,3,4,6,52,12,2,2,3,4,6,42,7,2,2,3,4,7,32,5,2,2,3,5,5,22,3,2,2,3,3,3
2026134,2026-05-24,72,72,18,4,5,7,7,8,62,15,4,5,7,7,8,52,13,4,5,7,7,8,42,10,4,5,7,7,9,32,10,4,5,7,9,10,22,6,5,6,6,6,6
2026135,2026-05-25,68,68,17,3,5,6,8,9,58,14,3,5,6,8,9,48,12,3,5,6,8,9,38,10,3,5,6,8,10,28,6,3,5,5,6,6,18,4,4,4,4,4,4
2026136,2026-05-26,68,68,14,4,4,5,5,7,58,10,4,4,5,5,7,48,7,4,4,5,5,7,38,5,4,4,5,5,5,28,5,4,4,5,5,5,18,5,4,5,5,5,5
2026137,2026-05-27,68,68,20,6,7,7,8,11,58,16,6,7,7,8,11,48,13,6,7,7,8,11,38,8,6,7,7,8,8,28,8,6,7,8,8,8,18,6,5,6,6,6,6
2026138,2026-05-28,64,64,17,6,8,8,9,12,54,16,6,8,8,9,12,44,14,6,8,8,9,12,34,8,6,8,8,8,8,24,8,6,8,8,8,8,14,4,4,4,4,4,4
2026139,2026-05-29,68,68,14,6,7,8,9,10,58,10,6,7,8,9,10,48,10,6,7,8,9,10,38,10,6,7,8,9,10,28,9,6,7,8,9,9,18,6,6,6,6,6,6
2026140,2026-05-30,63,63,18,2,5,7,8,11,53,15,2,5,7,8,11,43,12,2,5,7,8,11,33,9,2,5,8,8,9,23,6,2,5,6,6,6,13,3,3,3,3,3,3
2026141,2026-05-31,66,66,18,2,3,4,4,9,56,16,2,3,4,4,9,46,13,2,3,4,4,9,36,8,2,3,4,4,8,26,4,2,3,3,4,4,16,2,2,2,2,2,2
2026142,2026-06-01,72,72,18,4,5,7,8,12,62,18,4,5,7,8,12,52,15,4,5,7,8,12,42,12,4,5,7,8,11,32,9,4,5,7,8,9,22,6,4,6,6,6,6
2026143,2026-06-02,68,68,19,3,5,7,9,12,58,17,3,5,7,9,12,48,16,3,5,7,9,12,38,12,3,5,7,9,12,28,6,3,5,6,6,6,18,6,5,6,6,6,6
2026144,2026-06-03,68,68,18,5,7,9,9,14,58,16,5,7,9,9,14,48,16,5,7,9,9,14,38,12,5,7,9,9,12,28,12,5,7,9,12,12,18,7,5,7,7,7,7
2026145,2026-06-04,65,65,16,5,7,7,7,10,55,13,5,7,7,7,10,45,10,5,7,7,7,10,35,10,5,7,7,7,10,25,7,5,7,7,7,7,15,6,6,6,6,6,6
2026146,2026-06-05,64,64,16,2,5,6,8,11,54,14,2,5,6,8,11,44,12,2,5,6,8,11,34,9,2,5,6,8,9,24,5,2,4,5,5,5,14,3,3,3,3,3,3
2026147,2026-06-06,69,69,16,4,4,6,7,8,59,14,4,4,6,7,8,49,9,4,4,6,7,8,39,7,4,4,6,7,7,29,5,4,4,5,5,5,19,5,4,5,5,5,5
2026148,2026-06-07,68,68,18,5,6,7,7,10,58,15,5,6,7,7,10,48,11,5,6,7,7,10,38,9,5,6,7,7,9,28,8,5,6,6,8,8,18,6,6,6,6,6,6
2026149,2026-06-08,67,67,16,4,5,6,6,7,57,14,4,5,6,6,7,47,10,4,5,6,6,7,37,8,4,5,6,6,8,27,5,4,5,5,5,5,17,4,4,4,4,4,4
2026150,2026-06-09,66,66,15,2,4,5,6,9,56,13,2,4,5,6,9,46,11,2,4,5,6,9,36,9,2,4,5,6,9,26,5,2,4,5,5,5,16,4,3,4,4,4,4
2026151,2026-06-10,66,66,18,5,6,6,9,13,56,15,5,6,6,9,13,46,14,5,6,6,9,13,36,11,5,6,6,9,11,26,8,5,6,8,8,8,16,3,3,3,3,3,3
2026152,2026-06-11,70,70,19,4,4,6,7,12,60,15,4,4,6,7,12,50,14,4,4,6,7,12,40,11,4,4,6,7,11,30,9,4,4,6,9,9,20,5,3,5,5,5,5
2026153,2026-06-12,68,68,15,3,4,6,9,10,58,13,3,4,6,9,10,48,12,3,4,6,9,10,38,9,3,4,6,9,9,28,5,3,4,5,5,5,18,4,3,4,4,4,4
2026154,2026-06-13,68,68,20,4,7,8,11,16,58,19,4,7,8,11,16,48,17,4,7,8,11,16,38,14,4,7,8,11,14,28,10,4,7,9,10,10,18,5,4,5,5,5,5
2026155,2026-06-14,67,67,16,3,4,5,6,9,57,14,3,4,5,6,9,47,11,3,4,5,6,9,37,8,3,4,5,6,8,27,6,3,4,5,6,6,17,4,4,4,4,4,4
2026156,2026-06-15,71,71,16,2,2,4,5,6,61,11,2,2,4,5,6,51,9,2,2,4,5,6,41,6,2,2,4,5,6,31,5,2,2,4,5,5,21,4,2,3,4,4,4
2026157,2026-06-16,68,68,18,1,2,3,4,7,58,13,1,2,3,4,7,48,11,1,2,3,4,7,38,8,1,2,3,4,8,28,4,1,2,2,4,4,18,2,2,2,2,2,2
2026158,2026-06-17,71,71,18,4,5,6,7,10,61,14,4,5,6,7,10,51,10,4,5,6,7,10,41,10,4,5,6,7,10,31,8,4,5,6,8,8,21,5,4,5,5,5,5
2026159,2026-06-18,70,70,17,3,3,5,5,9,60,14,3,3,5,5,9,50,10,3,3,5,5,9,40,9,3,3,5,5,9,30,8,3,3,5,8,8,20,4,2,4,4,4,4
2026160,2026-06-19,68,68,18,5,5,6,7,11,58,16,5,5,6,7,11,48,13,5,5,6,7,11,38,10,5,5,6,7,10,28,7,5,5,6,7,7,18,6,5,6,6,6,6
2026161,2026-06-20,68,68,17,3,6,7,9,11,58,14,3,6,7,9,11,48,13,3,6,7,9,11,38,11,3,6,7,9,11,28,7,3,6,7,7,7,18,5,5,5,5,5,5
2026162,2026-06-21,66,66,15,3,4,5,6,8,56,13,3,4,5,6,8,46,9,3,4,5,6,8,36,7,3,4,5,6,7,26,5,3,4,5,5,5,16,3,3,3,3,3,3
2026163,2026-06-22,69,69,20,8,10,11,12,15,59,20,8,10,11,12,15,49,17,8,10,11,12,15,39,15,8,10,11,12,15,29,13,8,10,12,13,13,19,9,8,9,9,9,9
2026164,2026-06-23,63,63,17,5,6,7,8,11,53,15,5,6,7,8,11,43,11,5,6,7,8,11,33,9,5,6,7,8,9,23,7,5,6,7,7,7,13,3,3,3,3,3,3
2026165,2026-06-24,65,65,19,2,4,5,8,10,55,15,2,4,5,8,10,45,10,2,4,5,8,10,35,9,2,4,5,8,9,25,5,2,4,5,5,5,15,2,2,2,2,2,2
2026166,2026-06-25,73,73,20,3,4,6,7,10,63,17,3,4,6,7,10,53,16,3,4,6,7,10,43,12,3,4,6,7,9,33,9,3,4,6,7,9,23,4,3,3,4,4,4
2026167,2026-06-26,71,71,18,2,5,5,8,10,61,17,2,5,5,8,10,51,15,2,5,5,8,10,41,9,2,5,5,7,9,31,7,2,5,5,7,7,21,4,2,3,4,4,4
2026168,2026-06-27,68,68,14,3,4,4,6,8,58,10,3,4,4,6,8,48,8,3,4,4,6,8,38,8,3,4,4,6,8,28,5,3,4,4,5,5,18,1,1,1,1,1,1
2026169,2026-06-28,68,68,16,2,3,3,4,7,58,14,2,3,3,4,7,48,8,2,3,3,4,7,38,5,2,3,3,4,5,28,4,2,3,3,4,4,18,3,3,3,3,3,3
2026170,2026-06-29,71,71,16,3,5,5,6,8,61,12,3,5,5,6,8,51,10,3,5,5,6,8,41,8,3,5,5,6,8,31,6,3,5,5,6,6,21,2,2,2,2,2,2
2026171,2026-06-30,68,68,16,3,4,6,8,9,58,13,3,4,6,8,9,48,11,3,4,6,8,9,38,9,3,4,6,8,9,28,6,3,4,6,6,6,18,5,4,5,5,5,5
2026172,2026-07-01,67,67,18,4,5,7,9,12,57,16,4,5,7,9,12,47,15,4,5,7,9,12,37,11,4,5,7,9,11,27,6,4,5,5,6,6,17,5,5,5,5,5,5
2026173,2026-07-02,70,70,19,5,6,6,9,10,60,15,5,6,6,9,10,50,13,5,6,6,9,10,40,10,5,6,6,9,10,30,6,5,6,6,6,6,20,4,4,4,4,4,4
2026174,2026-07-03,67,67,17,1,2,3,4,11,57,14,1,2,3,4,11,47,11,1,2,3,4,11,37,7,1,2,3,4,7,27,5,1,2,4,5,5,17,2,2,2,2,2,2
2026175,2026-07-04,70,70,19,3,4,6,8,9,60,15,3,4,6,8,9,50,13,3,4,6,8,9,40,9,3,4,6,8,9,30,7,3,4,6,7,7,20,4,3,4,4,4,4
2026176,2026-07-05,71,71,18,4,4,4,5,8,61,14,4,4,4,5,8,51,11,4,4,4,5,8,41,8,4,4,4,5,8,31,7,4,4,4,7,7,21,4,3,3,4,4,4
2026177,2026-07-06,70,70,16,2,3,4,5,7,60,10,2,3,4,5,7,50,7,2,3,4,5,7,40,7,2,3,4,5,7,30,6,2,3,4,6,6,20,2,1,2,2,2,2
2026178,2026-07-07,69,69,19,6,7,8,10,13,59,18,6,7,8,10,13,49,14,6,7,8,10,13,39,13,6,7,8,10,13,29,9,6,7,8,9,9,19,7,6,7,7,7,7
2026179,2026-07-08,67,67,17,5,6,7,10,12,57,16,5,6,7,10,12,47,14,5,6,7,10,12,37,11,5,6,7,10,11,27,8,5,6,8,8,8,17,5,5,5,5,5,5
2026180,2026-07-09,65,65,15,4,5,7,8,10,55,13,4,5,7,8,10,45,10,4,5,7,8,10,35,10,4,5,7,9,10,25,7,4,5,7,7,7,15,4,4,4,4,4,4
2026181,2026-07-10,67,67,17,2,2,5,5,9,57,13,2,2,5,5,9,47,11,2,2,5,5,9,37,9,2,2,5,5,9,27,3,2,2,3,3,3,17,2,2,2,2,2,2
2026182,2026-07-11,70,70,16,4,6,7,7,9,60,12,4,6,7,7,9,50,10,4,6,7,7,9,40,9,4,6,7,7,9,30,9,4,6,7,9,9,20,5,4,5,5,5,5
2026183,2026-07-12,66,66,16,4,6,6,6,10,56,14,4,6,6,6,10,46,12,4,6,6,6,10,36,9,4,6,6,6,9,26,7,4,6,6,7,7,16,4,4,4,4,4,4
2026184,2026-07-13,65,65,16,7,8,9,10,12,55,14,7,8,9,10,12,45,14,7,8,9,10,12,35,11,7,8,9,10,11,25,9,7,8,9,9,9,15,6,6,6,6,6,6
2026185,2026-07-14,65,65,17,5,7,9,10,12,55,14,5,7,9,10,12,45,13,5,7,9,10,12,35,12,5,7,9,11,12,25,8,5,7,8,8,8,15,5,5,5,5,5,5
2026186,2026-07-15,65,65,17,4,4,5,6,10,55,14,4,4,5,6,10,45,11,4,4,5,6,10,35,8,4,4,5,7,8,25,5,4,4,5,5,5,15,3,3,3,3,3,3
2026187,2026-07-16,68,68,17,3,3,5,6,11,58,13,3,3,5,6,11,48,12,3,3,5,6,11,38,9,3,3,5,6,9,28,5,3,3,4,5,5,18,1,1,1,1,1,1
2026188,2026-07-17,69,69,18,5,8,9,11,13,59,16,5,8,9,11,13,49,13,5,8,9,11,13,39,12,5,8,9,11,12,29,11,5,8,9,11,11,19,7,5,7,7,7,7
2026189,2026-07-18,67,67,18,2,5,7,7,11,57,16,2,5,7,7,11,47,13,2,5,7,7,11,37,9,2,5,7,7,9,27,7,2,5,6,7,7,17,6,5,6,6,6,6
2026190,2026-07-19,67,67,20,3,5,8,9,13,57,19,3,5,8,9,13,47,16,3,5,8,9,13,37,12,3,5,8,9,12,27,7,3,5,7,7,7,17,5,4,5,5,5,5
2026191,2026-07-20,70,70,17,6,7,9,10,11,60,17,6,7,9,10,11,50,15,6,7,9,10,11,40,11,6,7,9,10,11,30,10,6,7,9,10,10,20,6,5,6,6,6,6
2026192,2026-07-21,67,67,18,5,6,9,11,12,57,13,5,6,9,11,12,47,13,5,6,9,11,12,37,12,5,6,9,11,12,27,8,5,6,8,8,8,17,5,5,5,5,5,5
2026193,2026-07-22,67,67,16,1,3,6,8,12,57,13,1,3,6,8,12,47,12,1,3,6,8,12,37,11,1,3,6,8,11,27,4,1,3,4,4,4,17,3,2,3,3,3,3
2026194,2026-07-23,69,69,17,5,7,8,11,13,59,16,5,7,8,11,13,49,14,5,7,8,11,13,39,12,5,7,8,11,12,29,8,5,7,8,8,8,19,6,5,6,6,6,6
2026195,2026-07-24,66,66,16,4,5,8,9,11,56,14,4,5,8,9,11,46,12,4,5,8,9,11,36,9,4,5,8,9,9,26,6,4,5,6,6,6,16,4,4,4,4,4,4
2026196,2026-07-25,65,65,18,2,3,4,6,11,55,16,2,3,4,6,11,45,12,2,3,4,6,11,35,10,2,3,4,5,10,25,4,2,3,4,4,4,15,2,2,2,2,2,2
2026197,2026-07-26,71,71,17,3,4,5,8,11,61,15,3,4,5,8,11,51,13,3,4,5,8,11,41,11,3,4,5,7,11,31,8,3,4,5,8,8,21,5,3,4,5,5,5
2026198,2026-07-27,68,68,17,1,2,3,6,11,58,15,1,2,3,6,11,48,13,1,2,3,6,11,38,9,1,2,3,6,9,28,6,1,2,4,6,6,18,3,2,3,3,3,3
